Source,Target,EUC_dist,EUC_sim,COS_dist,COS_sim,MAN_dist,MAN_sim,Linked?
/Users/loganfecko/Desktop/Summer_Research/traceXplainer/dvc-data/systems/dronology/corpus/req/RE-616.txt,/Users/loganfecko/Desktop/Summer_Research/traceXplainer/dvc-data/systems/dronology/corpus/src/GroundstationConnector.java,24.94609260559082,0.0385414488108518,0.7430321145995131,0.2569678854004869,445.49597,0.0022396618635506,1
/Users/loganfecko/Desktop/Summer_Research/traceXplainer/dvc-data/systems/dronology/corpus/req/RE-616.txt,/Users/loganfecko/Desktop/Summer_Research/traceXplainer/dvc-data/systems/dronology/corpus/src/WriteDispatcher.java,19.32487678527832,0.0492007902711773,0.669777711465104,0.330222288534896,342.5982,0.0029103760840413,1
/Users/loganfecko/Desktop/Summer_Research/traceXplainer/dvc-data/systems/dronology/corpus/req/RE-616.txt,/Users/loganfecko/Desktop/Summer_Research/traceXplainer/dvc-data/systems/dronology/corpus/src/ReadDispatcher.java,25.36039924621582,0.0379356925006951,0.7261722447628115,0.2738277552371885,457.82678,0.0021794717281917,1
/Users/loganfecko/Desktop/Summer_Research/traceXplainer/dvc-data/systems/dronology/corpus/req/RE-616.txt,/Users/loganfecko/Desktop/Summer_Research/traceXplainer/dvc-data/systems/dronology/corpus/src/DispatchQueueManager.java,27.624752044677734,0.0349348004286357,0.7514016576190063,0.2485983423809936,487.98386,0.0020450572903752,1
/Users/loganfecko/Desktop/Summer_Research/traceXplainer/dvc-data/systems/dronology/corpus/req/RE-616.txt,/Users/loganfecko/Desktop/Summer_Research/traceXplainer/dvc-data/systems/dronology/corpus/src/DroneFlightStateManager.java,31.205951690673828,0.0310501614609817,0.9680725190027892,0.0319274809972108,555.43256,0.001797162996563,1
/Users/loganfecko/Desktop/Summer_Research/traceXplainer/dvc-data/systems/dronology/corpus/req/RE-616.txt,/Users/loganfecko/Desktop/Summer_Research/traceXplainer/dvc-data/systems/dronology/corpus/src/AbstractDroneCommand.java,16.88538932800293,0.0559115589636236,0.7870892359266161,0.2129107640733839,304.44028,0.0032739624567387,1
/Users/loganfecko/Desktop/Summer_Research/traceXplainer/dvc-data/systems/dronology/corpus/req/RE-616.txt,/Users/loganfecko/Desktop/Summer_Research/traceXplainer/dvc-data/systems/dronology/corpus/src/PhysicalDrone.java,23.722671508789062,0.040448703112222,0.9130146488300714,0.0869853511699285,416.6751,0.0023942053916675,1
/Users/loganfecko/Desktop/Summer_Research/traceXplainer/dvc-data/systems/dronology/corpus/req/RE-574.txt,/Users/loganfecko/Desktop/Summer_Research/traceXplainer/dvc-data/systems/dronology/corpus/src/PhysicalDroneFleetFactory.java,18.244298934936523,0.0519634414005374,0.8763947752269786,0.1236052247730213,332.8738,0.0029951435860025,1
/Users/loganfecko/Desktop/Summer_Research/traceXplainer/dvc-data/systems/dronology/corpus/req/RE-574.txt,/Users/loganfecko/Desktop/Summer_Research/traceXplainer/dvc-data/systems/dronology/corpus/src/PhysicalDrone.java,22.231216430664062,0.0430455289754026,0.8019474652451337,0.1980525347548662,393.44955,0.0025351784245546,1
/Users/loganfecko/Desktop/Summer_Research/traceXplainer/dvc-data/systems/dronology/corpus/req/RE-549.txt,/Users/loganfecko/Desktop/Summer_Research/traceXplainer/dvc-data/systems/dronology/corpus/src/FlightZoneManager2.java,34.98646926879883,0.0277882220823209,0.8827130632197373,0.1172869367802627,628.258,0.0015891732913743,1
/Users/loganfecko/Desktop/Summer_Research/traceXplainer/dvc-data/systems/dronology/corpus/req/RE-549.txt,/Users/loganfecko/Desktop/Summer_Research/traceXplainer/dvc-data/systems/dronology/corpus/src/PlanPoolManager.java,22.8527889251709,0.0419238187675714,0.7036970036147256,0.2963029963852743,403.60968,0.0024715177342409,1
/Users/loganfecko/Desktop/Summer_Research/traceXplainer/dvc-data/systems/dronology/corpus/req/RE-80.txt,/Users/loganfecko/Desktop/Summer_Research/traceXplainer/dvc-data/systems/dronology/corpus/src/VirtualDrone.java,23.877595901489254,0.0401968101724868,0.9985289315273108,0.001471068472689,421.99017,0.0023641211144556,1
/Users/loganfecko/Desktop/Summer_Research/traceXplainer/dvc-data/systems/dronology/corpus/req/RE-80.txt,/Users/loganfecko/Desktop/Summer_Research/traceXplainer/dvc-data/systems/dronology/corpus/src/SoloDirector.java,24.603784561157227,0.0390567260715461,0.8947246141004458,0.1052753858995542,429.42816,0.0023232680599563,1
/Users/loganfecko/Desktop/Summer_Research/traceXplainer/dvc-data/systems/dronology/corpus/req/RE-80.txt,/Users/loganfecko/Desktop/Summer_Research/traceXplainer/dvc-data/systems/dronology/corpus/src/ManagedDrone.java,36.16544723510742,0.0269067124007423,0.9068004189333496,0.0931995810666505,651.19666,0.0015332798656882,1
/Users/loganfecko/Desktop/Summer_Research/traceXplainer/dvc-data/systems/dronology/corpus/req/RE-80.txt,/Users/loganfecko/Desktop/Summer_Research/traceXplainer/dvc-data/systems/dronology/corpus/src/PhysicalDrone.java,23.297897338867188,0.0411558245577237,0.98547225011936,0.0145277498806399,419.1195,0.0023802750972725,1
/Users/loganfecko/Desktop/Summer_Research/traceXplainer/dvc-data/systems/dronology/corpus/req/RE-589.txt,/Users/loganfecko/Desktop/Summer_Research/traceXplainer/dvc-data/systems/dronology/corpus/src/DronologyConstants.java,21.82345199584961,0.0438145816058783,0.8905438891545904,0.1094561108454096,388.9738,0.0025642749267704,1
/Users/loganfecko/Desktop/Summer_Research/traceXplainer/dvc-data/systems/dronology/corpus/req/RE-576.txt,/Users/loganfecko/Desktop/Summer_Research/traceXplainer/dvc-data/systems/dronology/corpus/src/VirtualDrone.java,21.739965438842773,0.0439754406263024,0.6535931916111435,0.3464068083888565,385.34937,0.0025883308994007,1
/Users/loganfecko/Desktop/Summer_Research/traceXplainer/dvc-data/systems/dronology/corpus/req/RE-576.txt,/Users/loganfecko/Desktop/Summer_Research/traceXplainer/dvc-data/systems/dronology/corpus/src/VirtualDroneFleetFactory.java,15.301959037780762,0.0613423207408655,0.6649980466506494,0.3350019533493505,276.76508,0.0036001646266685,1
/Users/loganfecko/Desktop/Summer_Research/traceXplainer/dvc-data/systems/dronology/corpus/req/RE-628.txt,/Users/loganfecko/Desktop/Summer_Research/traceXplainer/dvc-data/systems/dronology/corpus/src/AbstractFileTransmitServerService.java,16.750123977661133,0.0563376346699616,0.7822190145139412,0.2177809854860588,293.45917,0.0033960566028779,1
/Users/loganfecko/Desktop/Summer_Research/traceXplainer/dvc-data/systems/dronology/corpus/req/RE-628.txt,/Users/loganfecko/Desktop/Summer_Research/traceXplainer/dvc-data/systems/dronology/corpus/src/FlightRouteplanningService.java,14.530503273010254,0.0643894136861523,0.6565197334911526,0.3434802665088474,256.7444,0.0038798129430029,1
/Users/loganfecko/Desktop/Summer_Research/traceXplainer/dvc-data/systems/dronology/corpus/req/RE-759.txt,/Users/loganfecko/Desktop/Summer_Research/traceXplainer/dvc-data/systems/dronology/corpus/src/FullMissionPlan.java,20.508398056030273,0.0464934672212667,0.6876027759084005,0.3123972240915995,362.2754,0.0027527325709554,1
/Users/loganfecko/Desktop/Summer_Research/traceXplainer/dvc-data/systems/dronology/corpus/req/RE-759.txt,/Users/loganfecko/Desktop/Summer_Research/traceXplainer/dvc-data/systems/dronology/corpus/src/JSONMissionPlanReader.java,18.71335792541504,0.050727024983946,0.8290975085988489,0.1709024914011511,334.5216,0.0029804339893174,1
/Users/loganfecko/Desktop/Summer_Research/traceXplainer/dvc-data/systems/dronology/corpus/req/RE-759.txt,/Users/loganfecko/Desktop/Summer_Research/traceXplainer/dvc-data/systems/dronology/corpus/src/ServiceIds.java,15.124777793884276,0.0620163584752947,0.797411164846878,0.2025888351531219,268.5317,0.0037101386263497,1
/Users/loganfecko/Desktop/Summer_Research/traceXplainer/dvc-data/systems/dronology/corpus/req/RE-759.txt,/Users/loganfecko/Desktop/Summer_Research/traceXplainer/dvc-data/systems/dronology/corpus/src/TaskList.java,9.041730880737305,0.0995844254219423,0.6563569640888425,0.3436430359111575,162.07518,0.0061321410141668,1
/Users/loganfecko/Desktop/Summer_Research/traceXplainer/dvc-data/systems/dronology/corpus/req/RE-759.txt,/Users/loganfecko/Desktop/Summer_Research/traceXplainer/dvc-data/systems/dronology/corpus/src/IMissionTask.java,7.87345552444458,0.1126956682484294,0.6940462231833963,0.3059537768166037,139.77328,0.0071036205528935,1
/Users/loganfecko/Desktop/Summer_Research/traceXplainer/dvc-data/systems/dronology/corpus/req/RE-759.txt,/Users/loganfecko/Desktop/Summer_Research/traceXplainer/dvc-data/systems/dronology/corpus/src/CommandIds.java,16.56432342529297,0.0569335906534253,0.7091055891804754,0.2908944108195246,296.69873,0.003359100653286,1
/Users/loganfecko/Desktop/Summer_Research/traceXplainer/dvc-data/systems/dronology/corpus/req/RE-759.txt,/Users/loganfecko/Desktop/Summer_Research/traceXplainer/dvc-data/systems/dronology/corpus/src/RouteTask.java,7.223485469818115,0.1216029387624269,0.7682292915549038,0.2317707084450961,129.2879,0.0076753096662336,1
/Users/loganfecko/Desktop/Summer_Research/traceXplainer/dvc-data/systems/dronology/corpus/req/RE-759.txt,/Users/loganfecko/Desktop/Summer_Research/traceXplainer/dvc-data/systems/dronology/corpus/src/TaskFactory.java,27.53162384033203,0.0350488288222281,0.8131457169170344,0.1868542830829656,479.75537,0.0020800599642286,1
/Users/loganfecko/Desktop/Summer_Research/traceXplainer/dvc-data/systems/dronology/corpus/req/RE-759.txt,/Users/loganfecko/Desktop/Summer_Research/traceXplainer/dvc-data/systems/dronology/corpus/src/FlightZoneManager2.java,35.46339797973633,0.0274247616899479,0.9873271079700326,0.0126728920299673,634.7904,0.0015728453775107,1
/Users/loganfecko/Desktop/Summer_Research/traceXplainer/dvc-data/systems/dronology/corpus/req/RE-759.txt,/Users/loganfecko/Desktop/Summer_Research/traceXplainer/dvc-data/systems/dronology/corpus/src/EmergencyStopCommand.java,10.177993774414062,0.0894614919440155,0.8895390786339712,0.1104609213660288,181.89651,0.0054675727450976,1
/Users/loganfecko/Desktop/Summer_Research/traceXplainer/dvc-data/systems/dronology/corpus/req/RE-759.txt,/Users/loganfecko/Desktop/Summer_Research/traceXplainer/dvc-data/systems/dronology/corpus/src/CoordinatedTakeoffPattern.java,18.842817306518555,0.0503960694972225,0.6883100149623058,0.3116899850376942,333.72278,0.0029875469037934,1
/Users/loganfecko/Desktop/Summer_Research/traceXplainer/dvc-data/systems/dronology/corpus/req/RE-759.txt,/Users/loganfecko/Desktop/Summer_Research/traceXplainer/dvc-data/systems/dronology/corpus/src/WriteDispatcher.java,19.928205490112305,0.0477824054466809,0.8102043039783626,0.1897956960216373,356.7022,0.0027956215352268,1
/Users/loganfecko/Desktop/Summer_Research/traceXplainer/dvc-data/systems/dronology/corpus/req/RE-759.txt,/Users/loganfecko/Desktop/Summer_Research/traceXplainer/dvc-data/systems/dronology/corpus/src/DelayTask.java,18.517311096191406,0.0512365660961944,0.9258400125519044,0.0741599874480956,329.33972,0.0030271866638237,1
/Users/loganfecko/Desktop/Summer_Research/traceXplainer/dvc-data/systems/dronology/corpus/req/RE-759.txt,/Users/loganfecko/Desktop/Summer_Research/traceXplainer/dvc-data/systems/dronology/corpus/src/SynchronizationPoint.java,18.34973526000977,0.0516802936351644,0.6428406341049179,0.3571593658950821,323.5749,0.0030809530570241,1
/Users/loganfecko/Desktop/Summer_Research/traceXplainer/dvc-data/systems/dronology/corpus/req/RE-759.txt,/Users/loganfecko/Desktop/Summer_Research/traceXplainer/dvc-data/systems/dronology/corpus/src/WaypointTask.java,7.232047080993652,0.1214764675373181,0.6025765565796651,0.3974234434203348,130.39359,0.0076107216226667,1
/Users/loganfecko/Desktop/Summer_Research/traceXplainer/dvc-data/systems/dronology/corpus/req/RE-759.txt,/Users/loganfecko/Desktop/Summer_Research/traceXplainer/dvc-data/systems/dronology/corpus/src/LandTask.java,7.623789310455322,0.1159583060299975,0.6830088569002148,0.3169911430997851,138.73013,0.0071566524565939,1
/Users/loganfecko/Desktop/Summer_Research/traceXplainer/dvc-data/systems/dronology/corpus/req/RE-759.txt,/Users/loganfecko/Desktop/Summer_Research/traceXplainer/dvc-data/systems/dronology/corpus/src/UAVProxy.java,25.790496826171875,0.0373266687246759,0.898983018960161,0.101016981039839,459.3949,0.0021720483991351,1
/Users/loganfecko/Desktop/Summer_Research/traceXplainer/dvc-data/systems/dronology/corpus/req/RE-759.txt,/Users/loganfecko/Desktop/Summer_Research/traceXplainer/dvc-data/systems/dronology/corpus/src/MissionPlanningServiceRemoteFacade.java,18.926801681518555,0.0501836680056622,0.807808119977164,0.192191880022836,330.01944,0.0030209706140356,1
/Users/loganfecko/Desktop/Summer_Research/traceXplainer/dvc-data/systems/dronology/corpus/req/RE-759.txt,/Users/loganfecko/Desktop/Summer_Research/traceXplainer/dvc-data/systems/dronology/corpus/src/MissionHandler.java,24.48440170288086,0.0392396891109653,0.9033266036536622,0.0966733963463377,437.1997,0.0022820645106654,1
/Users/loganfecko/Desktop/Summer_Research/traceXplainer/dvc-data/systems/dronology/corpus/req/RE-759.txt,/Users/loganfecko/Desktop/Summer_Research/traceXplainer/dvc-data/systems/dronology/corpus/src/UAVMonitorableMessage.java,16.76713752746582,0.0562836865788944,0.6160479472041207,0.3839520527958793,300.4302,0.0033175175516704,1
/Users/loganfecko/Desktop/Summer_Research/traceXplainer/dvc-data/systems/dronology/corpus/req/RE-759.txt,/Users/loganfecko/Desktop/Summer_Research/traceXplainer/dvc-data/systems/dronology/corpus/src/DistanceChecker.java,29.21468734741211,0.0330964867682355,0.8271242259636564,0.1728757740363435,526.90344,0.0018942858100835,1
/Users/loganfecko/Desktop/Summer_Research/traceXplainer/dvc-data/systems/dronology/corpus/req/RE-759.txt,/Users/loganfecko/Desktop/Summer_Research/traceXplainer/dvc-data/systems/dronology/corpus/src/UAVMissionPlan.java,26.69157600402832,0.0361120652668713,0.867181301571865,0.1328186984281349,480.4261,0.0020771620570547,1
/Users/loganfecko/Desktop/Summer_Research/traceXplainer/dvc-data/systems/dronology/corpus/req/RE-759.txt,/Users/loganfecko/Desktop/Summer_Research/traceXplainer/dvc-data/systems/dronology/corpus/src/FlightManagerService.java,17.0589599609375,0.0553741744908374,0.8465172952838096,0.1534827047161904,303.17496,0.0032875816239356,1
/Users/loganfecko/Desktop/Summer_Research/traceXplainer/dvc-data/systems/dronology/corpus/req/RE-759.txt,/Users/loganfecko/Desktop/Summer_Research/traceXplainer/dvc-data/systems/dronology/corpus/src/IFlightPattern.java,13.338727951049805,0.0697411934596879,0.6563472591714857,0.3436527408285142,237.58168,0.00419143665495,1
/Users/loganfecko/Desktop/Summer_Research/traceXplainer/dvc-data/systems/dronology/corpus/req/RE-759.txt,/Users/loganfecko/Desktop/Summer_Research/traceXplainer/dvc-data/systems/dronology/corpus/src/IUAVProxy.java,10.20900058746338,0.0892140197689384,0.7460692728593152,0.2539307271406847,181.38928,0.0054827783068843,1
/Users/loganfecko/Desktop/Summer_Research/traceXplainer/dvc-data/systems/dronology/corpus/req/RE-759.txt,/Users/loganfecko/Desktop/Summer_Research/traceXplainer/dvc-data/systems/dronology/corpus/src/CoordinatedLandingPattern.java,22.54511451721191,0.0424716558192563,0.7830734887618496,0.2169265112381504,406.91446,0.0024514943694109,1
/Users/loganfecko/Desktop/Summer_Research/traceXplainer/dvc-data/systems/dronology/corpus/req/RE-759.txt,/Users/loganfecko/Desktop/Summer_Research/traceXplainer/dvc-data/systems/dronology/corpus/src/IMissionPlan.java,10.09951114654541,0.0900940579091393,0.8329076487688255,0.1670923512311745,181.39496,0.0054826076786624,1
/Users/loganfecko/Desktop/Summer_Research/traceXplainer/dvc-data/systems/dronology/corpus/req/RE-759.txt,/Users/loganfecko/Desktop/Summer_Research/traceXplainer/dvc-data/systems/dronology/corpus/src/FlightManagerServiceRemoteFacade.java,17.628890991210938,0.0536800607439163,0.8574018849027103,0.1425981150972897,314.472,0.0031698535780708,1
/Users/loganfecko/Desktop/Summer_Research/traceXplainer/dvc-data/systems/dronology/corpus/req/RE-759.txt,/Users/loganfecko/Desktop/Summer_Research/traceXplainer/dvc-data/systems/dronology/corpus/src/SyncTask.java,7.170316696166992,0.1223942764016893,0.7787702640297833,0.2212297359702166,128.25433,0.007736684511473,1
/Users/loganfecko/Desktop/Summer_Research/traceXplainer/dvc-data/systems/dronology/corpus/req/RE-759.txt,/Users/loganfecko/Desktop/Summer_Research/traceXplainer/dvc-data/systems/dronology/corpus/src/RemoteManager.java,21.74835205078125,0.043959228245092,1.0844252085685635,-0.0844252085685635,385.64883,0.0025863261737108,1
/Users/loganfecko/Desktop/Summer_Research/traceXplainer/dvc-data/systems/dronology/corpus/req/RE-759.txt,/Users/loganfecko/Desktop/Summer_Research/traceXplainer/dvc-data/systems/dronology/corpus/src/FlightManagerServiceInstance.java,20.31772232055664,0.0469093266608366,1.000106980660192,-0.0001069806601918,363.62265,0.0027425613839355,1
/Users/loganfecko/Desktop/Summer_Research/traceXplainer/dvc-data/systems/dronology/corpus/req/RE-759.txt,/Users/loganfecko/Desktop/Summer_Research/traceXplainer/dvc-data/systems/dronology/corpus/src/AbstractMissionTask.java,10.590465545654297,0.086277811366683,0.8317767350397308,0.1682232649602691,185.47873,0.0053625419050868,1
/Users/loganfecko/Desktop/Summer_Research/traceXplainer/dvc-data/systems/dronology/corpus/req/RE-759.txt,/Users/loganfecko/Desktop/Summer_Research/traceXplainer/dvc-data/systems/dronology/corpus/src/SimpleCheckerMessageHandler.java,25.366086959838867,0.0379275089823989,0.9046539595338778,0.0953460404661221,445.12128,0.0022415429433193,1
/Users/loganfecko/Desktop/Summer_Research/traceXplainer/dvc-data/systems/dronology/corpus/req/RE-759.txt,/Users/loganfecko/Desktop/Summer_Research/traceXplainer/dvc-data/systems/dronology/corpus/src/MissionExecutionException.java,8.485746383666992,0.1054213300201497,0.803989643974208,0.1960103560257919,149.36264,0.0066505881877776,1
/Users/loganfecko/Desktop/Summer_Research/traceXplainer/dvc-data/systems/dronology/corpus/req/RE-759.txt,/Users/loganfecko/Desktop/Summer_Research/traceXplainer/dvc-data/systems/dronology/corpus/src/SynchronizationState.java,7.417143821716309,0.1188051459237266,0.4945161718273013,0.5054838281726987,130.93015,0.0075797688087239,1
/Users/loganfecko/Desktop/Summer_Research/traceXplainer/dvc-data/systems/dronology/corpus/req/RE-759.txt,/Users/loganfecko/Desktop/Summer_Research/traceXplainer/dvc-data/systems/dronology/corpus/src/MissionController.java,21.81324577331543,0.043834183436085,0.8188409338236553,0.1811590661763447,389.64606,0.0025598620074386,1
/Users/loganfecko/Desktop/Summer_Research/traceXplainer/dvc-data/systems/dronology/corpus/req/RE-759.txt,/Users/loganfecko/Desktop/Summer_Research/traceXplainer/dvc-data/systems/dronology/corpus/src/IFlightManagerServiceInstance.java,13.02711009979248,0.0712905219168982,0.8893080922729253,0.1106919077270747,232.43427,0.0042838612378277,1
/Users/loganfecko/Desktop/Summer_Research/traceXplainer/dvc-data/systems/dronology/corpus/req/RE-759.txt,/Users/loganfecko/Desktop/Summer_Research/traceXplainer/dvc-data/systems/dronology/corpus/src/MonitoringConnectionTester.java,14.31548309326172,0.0652934023635183,0.9071607069923816,0.0928392930076182,261.72122,0.0038063160359764,1
/Users/loganfecko/Desktop/Summer_Research/traceXplainer/dvc-data/systems/dronology/corpus/req/RE-759.txt,/Users/loganfecko/Desktop/Summer_Research/traceXplainer/dvc-data/systems/dronology/corpus/src/ManagedDrone.java,36.033592224121094,0.0270025115022104,0.8930975574211671,0.1069024425788328,646.0226,0.0015455411082427,1
/Users/loganfecko/Desktop/Summer_Research/traceXplainer/dvc-data/systems/dronology/corpus/req/RE-759.txt,/Users/loganfecko/Desktop/Summer_Research/traceXplainer/dvc-data/systems/dronology/corpus/src/MissionUtil.java,23.726621627807617,0.0404422413644813,0.8106045716994132,0.1893954283005867,414.80356,0.0024049818235542,1
/Users/loganfecko/Desktop/Summer_Research/traceXplainer/dvc-data/systems/dronology/corpus/req/RE-759.txt,/Users/loganfecko/Desktop/Summer_Research/traceXplainer/dvc-data/systems/dronology/corpus/src/CollisionInfo.java,11.231663703918455,0.081755027296871,0.8525776187685616,0.1474223812314383,202.3279,0.004918164300578,1
/Users/loganfecko/Desktop/Summer_Research/traceXplainer/dvc-data/systems/dronology/corpus/req/RE-759.txt,/Users/loganfecko/Desktop/Summer_Research/traceXplainer/dvc-data/systems/dronology/corpus/src/MissionPlanningService.java,14.763864517211914,0.0634362214232519,0.7386057082054394,0.2613942917945606,266.26462,0.003741610123266,1
/Users/loganfecko/Desktop/Summer_Research/traceXplainer/dvc-data/systems/dronology/corpus/req/RE-759.txt,/Users/loganfecko/Desktop/Summer_Research/traceXplainer/dvc-data/systems/dronology/corpus/src/PatternFactory.java,14.743119239807127,0.0635198136257177,0.8440737780712393,0.1559262219287607,258.44885,0.0038543242346752,1
/Users/loganfecko/Desktop/Summer_Research/traceXplainer/dvc-data/systems/dronology/corpus/req/RE-759.txt,/Users/loganfecko/Desktop/Summer_Research/traceXplainer/dvc-data/systems/dronology/corpus/src/AFMainLayout.java,18.463754653930664,0.0513775485655359,0.7425040077154592,0.2574959922845408,327.22592,0.0030466819775576,1
/Users/loganfecko/Desktop/Summer_Research/traceXplainer/dvc-data/systems/dronology/corpus/req/RE-759.txt,/Users/loganfecko/Desktop/Summer_Research/traceXplainer/dvc-data/systems/dronology/corpus/src/IFlightManagerRemoteService.java,13.285941123962402,0.0699988885102332,0.7801438278740708,0.2198561721259292,240.57068,0.0041395752387507,1
/Users/loganfecko/Desktop/Summer_Research/traceXplainer/dvc-data/systems/dronology/corpus/req/RE-759.txt,/Users/loganfecko/Desktop/Summer_Research/traceXplainer/dvc-data/systems/dronology/corpus/src/SynchronizationManager.java,22.31674575805664,0.0428876315064022,0.754312010380242,0.245687989619758,396.31055,0.0025169228651627,1
/Users/loganfecko/Desktop/Summer_Research/traceXplainer/dvc-data/systems/dronology/corpus/req/RE-759.txt,/Users/loganfecko/Desktop/Summer_Research/traceXplainer/dvc-data/systems/dronology/corpus/src/TakeoffTask.java,7.933175086975098,0.1119422814692211,0.715891090947967,0.284108909052033,142.6629,0.0069607392046726,1
/Users/loganfecko/Desktop/Summer_Research/traceXplainer/dvc-data/systems/dronology/corpus/req/RE-759.txt,/Users/loganfecko/Desktop/Summer_Research/traceXplainer/dvc-data/systems/dronology/corpus/src/AFInfoPanel.java,31.301359176635746,0.0309584495974807,0.8734088412926448,0.1265911587073551,544.99615,0.0018315147299773,1
/Users/loganfecko/Desktop/Summer_Research/traceXplainer/dvc-data/systems/dronology/corpus/req/RE-759.txt,/Users/loganfecko/Desktop/Summer_Research/traceXplainer/dvc-data/systems/dronology/corpus/src/SyncConstants.java,16.84479522705078,0.056038748961608,0.8147460947916756,0.1852539052083244,298.9474,0.003333918017035,1
/Users/loganfecko/Desktop/Summer_Research/traceXplainer/dvc-data/systems/dronology/corpus/req/RE-759.txt,/Users/loganfecko/Desktop/Summer_Research/traceXplainer/dvc-data/systems/dronology/corpus/src/IMissionPlanningRemoteService.java,10.907034873962402,0.0839839649908761,0.6426880672090673,0.3573119327909326,192.02524,0.0051806696894617,1
/Users/loganfecko/Desktop/Summer_Research/traceXplainer/dvc-data/systems/dronology/corpus/req/RE-759.txt,/Users/loganfecko/Desktop/Summer_Research/traceXplainer/dvc-data/systems/dronology/corpus/src/IMissionPlanningServiceInstance.java,11.234972953796388,0.0817329146354761,0.7589992912011618,0.2410007087988381,201.76831,0.0049317371008465,1
/Users/loganfecko/Desktop/Summer_Research/traceXplainer/dvc-data/systems/dronology/corpus/req/RE-759.txt,/Users/loganfecko/Desktop/Summer_Research/traceXplainer/dvc-data/systems/dronology/corpus/src/MissionPlanningServiceInstance.java,21.957826614379883,0.0435581301661037,0.9070178706878206,0.0929821293121794,390.2984,0.0025555943948502,1
/Users/loganfecko/Desktop/Summer_Research/traceXplainer/dvc-data/systems/dronology/corpus/req/RE-759.txt,/Users/loganfecko/Desktop/Summer_Research/traceXplainer/dvc-data/systems/dronology/corpus/src/AbstractFlightPattern.java,16.093204498291016,0.0585027810379253,0.9749753916811452,0.0250246083188548,289.20645,0.0034458227758916,1
/Users/loganfecko/Desktop/Summer_Research/traceXplainer/dvc-data/systems/dronology/corpus/req/RE-759.txt,/Users/loganfecko/Desktop/Summer_Research/traceXplainer/dvc-data/systems/dronology/corpus/src/AFMissionOperations.java,22.187313079833984,0.0431270322937805,0.8627817966691774,0.1372182033308225,400.6881,0.0024894936499982,1
/Users/loganfecko/Desktop/Summer_Research/traceXplainer/dvc-data/systems/dronology/corpus/req/RE-759.txt,/Users/loganfecko/Desktop/Summer_Research/traceXplainer/dvc-data/systems/dronology/corpus/src/SimpleMonitor.java,16.42108917236328,0.0574016922883555,0.8675689331573346,0.1324310668426653,296.02213,0.003366752558174,1
/Users/loganfecko/Desktop/Summer_Research/traceXplainer/dvc-data/systems/dronology/corpus/req/RE-759.txt,/Users/loganfecko/Desktop/Summer_Research/traceXplainer/dvc-data/systems/dronology/corpus/src/AFMapViewOperations.java,16.454566955566406,0.0572915960931985,0.5137157255341558,0.4862842744658442,293.77792,0.0033923843001597,1
/Users/loganfecko/Desktop/Summer_Research/traceXplainer/dvc-data/systems/dronology/corpus/req/RE-759.txt,/Users/loganfecko/Desktop/Summer_Research/traceXplainer/dvc-data/systems/dronology/corpus/src/PatternTask.java,7.602295875549316,0.1162480359275183,0.7163814244211011,0.2836185755788989,136.25816,0.0072855411645415,1
/Users/loganfecko/Desktop/Summer_Research/traceXplainer/dvc-data/systems/dronology/corpus/req/RE-611.txt,/Users/loganfecko/Desktop/Summer_Research/traceXplainer/dvc-data/systems/dronology/corpus/src/PlanPool.java,22.764223098754883,0.0420800627836385,0.8700362671440118,0.1299637328559881,410.13342,0.0024323004271074,1
/Users/loganfecko/Desktop/Summer_Research/traceXplainer/dvc-data/systems/dronology/corpus/req/RE-611.txt,/Users/loganfecko/Desktop/Summer_Research/traceXplainer/dvc-data/systems/dronology/corpus/src/ManagedDrone.java,37.671630859375,0.0258587491082645,1.0387624921649417,-0.0387624921649416,681.7671,0.0014646282969333,1
/Users/loganfecko/Desktop/Summer_Research/traceXplainer/dvc-data/systems/dronology/corpus/req/RE-611.txt,/Users/loganfecko/Desktop/Summer_Research/traceXplainer/dvc-data/systems/dronology/corpus/src/FlightPlan.java,24.731111526489254,0.0388634590841727,0.9964098268430664,0.0035901731569336,435.86343,0.0022890448651536,1
/Users/loganfecko/Desktop/Summer_Research/traceXplainer/dvc-data/systems/dronology/corpus/req/RE-611.txt,/Users/loganfecko/Desktop/Summer_Research/traceXplainer/dvc-data/systems/dronology/corpus/src/PhysicalDrone.java,25.053890228271484,0.0383819840813977,1.0914561728180625,-0.0914561728180622,443.7833,0.0022482858775632,1
/Users/loganfecko/Desktop/Summer_Research/traceXplainer/dvc-data/systems/dronology/corpus/req/RE-639.txt,/Users/loganfecko/Desktop/Summer_Research/traceXplainer/dvc-data/systems/dronology/corpus/src/MissionPlanningServiceRemoteFacade.java,16.06020164489746,0.0586159543019874,0.3874438805454265,0.6125561194545734,283.9231,0.0035097189911271,1
/Users/loganfecko/Desktop/Summer_Research/traceXplainer/dvc-data/systems/dronology/corpus/req/RE-639.txt,/Users/loganfecko/Desktop/Summer_Research/traceXplainer/dvc-data/systems/dronology/corpus/src/MissionPlanningService.java,12.392210006713867,0.0746702746969076,0.3923049175926656,0.6076950824073344,223.35771,0.0044571679395942,1
/Users/loganfecko/Desktop/Summer_Research/traceXplainer/dvc-data/systems/dronology/corpus/req/RE-639.txt,/Users/loganfecko/Desktop/Summer_Research/traceXplainer/dvc-data/systems/dronology/corpus/src/IMissionPlanningRemoteService.java,9.351236343383787,0.096606817468637,0.4081323636572541,0.5918676363427459,169.04774,0.0058807013375239,1
/Users/loganfecko/Desktop/Summer_Research/traceXplainer/dvc-data/systems/dronology/corpus/req/RE-766.txt,/Users/loganfecko/Desktop/Summer_Research/traceXplainer/dvc-data/systems/dronology/corpus/src/AFMapComponent.java,38.31778335571289,0.0254337837652971,0.9397862937123918,0.0602137062876082,681.3603,0.0014655014570487,1
/Users/loganfecko/Desktop/Summer_Research/traceXplainer/dvc-data/systems/dronology/corpus/req/RE-766.txt,/Users/loganfecko/Desktop/Summer_Research/traceXplainer/dvc-data/systems/dronology/corpus/src/AFMainLayout.java,18.988554000854492,0.0500286313836033,0.746855290731997,0.253144709268003,337.48248,0.0029543626346697,1
/Users/loganfecko/Desktop/Summer_Research/traceXplainer/dvc-data/systems/dronology/corpus/req/RE-649.txt,/Users/loganfecko/Desktop/Summer_Research/traceXplainer/dvc-data/systems/dronology/corpus/src/FlightZoneManager2.java,36.14996719360352,0.0269179241744304,1.0597139903382404,-0.0597139903382404,652.0763,0.0015312146670626,1
/Users/loganfecko/Desktop/Summer_Research/traceXplainer/dvc-data/systems/dronology/corpus/req/RE-649.txt,/Users/loganfecko/Desktop/Summer_Research/traceXplainer/dvc-data/systems/dronology/corpus/src/PlanPool.java,22.496002197265625,0.0425604318387566,0.908496473838268,0.0915035261617318,398.55994,0.0025027534259339,1
/Users/loganfecko/Desktop/Summer_Research/traceXplainer/dvc-data/systems/dronology/corpus/req/RE-649.txt,/Users/loganfecko/Desktop/Summer_Research/traceXplainer/dvc-data/systems/dronology/corpus/src/AFInfoBox.java,35.70375442504883,0.0272451692112875,0.8603952183063857,0.1396047816936143,627.66864,0.0015906630872863,1
/Users/loganfecko/Desktop/Summer_Research/traceXplainer/dvc-data/systems/dronology/corpus/req/RE-649.txt,/Users/loganfecko/Desktop/Summer_Research/traceXplainer/dvc-data/systems/dronology/corpus/src/FlightManagerService.java,17.764938354492188,0.0532908758402932,0.9136427813987013,0.0863572186012988,321.72974,0.0030985678957803,1
/Users/loganfecko/Desktop/Summer_Research/traceXplainer/dvc-data/systems/dronology/corpus/req/RE-649.txt,/Users/loganfecko/Desktop/Summer_Research/traceXplainer/dvc-data/systems/dronology/corpus/src/FlightManagerServiceRemoteFacade.java,18.65995216369629,0.0508648236615031,0.97532356063349,0.0246764393665098,338.0794,0.0029491617011464,1
/Users/loganfecko/Desktop/Summer_Research/traceXplainer/dvc-data/systems/dronology/corpus/req/RE-649.txt,/Users/loganfecko/Desktop/Summer_Research/traceXplainer/dvc-data/systems/dronology/corpus/src/FlightManagerServiceInstance.java,20.476539611816406,0.0465624359452115,0.9642143945624424,0.0357856054375576,369.93738,0.0026958728332563,1
/Users/loganfecko/Desktop/Summer_Research/traceXplainer/dvc-data/systems/dronology/corpus/req/RE-649.txt,/Users/loganfecko/Desktop/Summer_Research/traceXplainer/dvc-data/systems/dronology/corpus/src/IFlightManagerServiceInstance.java,13.473272323608398,0.0690928753111919,0.8860856107443335,0.1139143892556665,242.43594,0.004107856815215,1
/Users/loganfecko/Desktop/Summer_Research/traceXplainer/dvc-data/systems/dronology/corpus/req/RE-649.txt,/Users/loganfecko/Desktop/Summer_Research/traceXplainer/dvc-data/systems/dronology/corpus/src/PlanPoolManager.java,24.3582706451416,0.0394348658074437,0.9231135108643198,0.0768864891356801,431.9272,0.00230985725663,1
/Users/loganfecko/Desktop/Summer_Research/traceXplainer/dvc-data/systems/dronology/corpus/req/RE-649.txt,/Users/loganfecko/Desktop/Summer_Research/traceXplainer/dvc-data/systems/dronology/corpus/src/IFlightManagerRemoteService.java,15.772626876831056,0.0596209530769061,1.1340052249150852,-0.1340052249150851,281.43454,0.0035406434380373,1
/Users/loganfecko/Desktop/Summer_Research/traceXplainer/dvc-data/systems/dronology/corpus/req/RE-649.txt,/Users/loganfecko/Desktop/Summer_Research/traceXplainer/dvc-data/systems/dronology/corpus/src/AFDragLayout.java,35.46964645385742,0.0274200629080743,1.0070295403059193,-0.0070295403059192,640.8954,0.0015578862571877,1
/Users/loganfecko/Desktop/Summer_Research/traceXplainer/dvc-data/systems/dronology/corpus/req/RE-649.txt,/Users/loganfecko/Desktop/Summer_Research/traceXplainer/dvc-data/systems/dronology/corpus/src/AFAssignRouteComponent.java,29.940628051757812,0.0323199644922265,0.9047263167549012,0.0952736832450986,528.6376,0.0018880835698239,1
/Users/loganfecko/Desktop/Summer_Research/traceXplainer/dvc-data/systems/dronology/corpus/req/RE-701.txt,/Users/loganfecko/Desktop/Summer_Research/traceXplainer/dvc-data/systems/dronology/corpus/src/SendToSubscriberCallable.java,13.656638145446776,0.0682284702724041,0.7209709457075637,0.2790290542924363,244.10678,0.004079854485854,1
/Users/loganfecko/Desktop/Summer_Research/traceXplainer/dvc-data/systems/dronology/corpus/req/RE-701.txt,/Users/loganfecko/Desktop/Summer_Research/traceXplainer/dvc-data/systems/dronology/corpus/src/IDroneConnectorServiceInstance.java,11.928628921508787,0.0773477223355327,0.7791015364890448,0.2208984635109552,213.7511,0.0046565535932825,1
/Users/loganfecko/Desktop/Summer_Research/traceXplainer/dvc-data/systems/dronology/corpus/req/RE-701.txt,/Users/loganfecko/Desktop/Summer_Research/traceXplainer/dvc-data/systems/dronology/corpus/src/IDroneMonitoringServiceInstance.java,10.126982688903809,0.0898716235981235,0.5952315351998008,0.4047684648001992,179.58563,0.0055375391005892,1
/Users/loganfecko/Desktop/Summer_Research/traceXplainer/dvc-data/systems/dronology/corpus/req/RE-701.txt,/Users/loganfecko/Desktop/Summer_Research/traceXplainer/dvc-data/systems/dronology/corpus/src/DroneMonitoringServiceInstance.java,20.600648880004883,0.0462949055630301,0.7549064583880074,0.2450935416119926,362.10345,0.0027540360394796,1
/Users/loganfecko/Desktop/Summer_Research/traceXplainer/dvc-data/systems/dronology/corpus/req/RE-701.txt,/Users/loganfecko/Desktop/Summer_Research/traceXplainer/dvc-data/systems/dronology/corpus/src/GroundstationConnector.java,25.602537155151367,0.0375903995234664,0.8488288997753118,0.1511711002246881,454.39767,0.0021958829740731,1
/Users/loganfecko/Desktop/Summer_Research/traceXplainer/dvc-data/systems/dronology/corpus/req/RE-701.txt,/Users/loganfecko/Desktop/Summer_Research/traceXplainer/dvc-data/systems/dronology/corpus/src/AbstractUAVMessage.java,19.586502075195312,0.0485755178974722,0.945281790126686,0.0547182098733138,346.4223,0.0028783414119789,1
/Users/loganfecko/Desktop/Summer_Research/traceXplainer/dvc-data/systems/dronology/corpus/req/RE-701.txt,/Users/loganfecko/Desktop/Summer_Research/traceXplainer/dvc-data/systems/dronology/corpus/src/PhysicalDroneFleetFactory.java,18.377275466918945,0.0516068423399981,0.8712379765923488,0.1287620234076512,331.41394,0.0030082974219052,1
/Users/loganfecko/Desktop/Summer_Research/traceXplainer/dvc-data/systems/dronology/corpus/req/RE-701.txt,/Users/loganfecko/Desktop/Summer_Research/traceXplainer/dvc-data/systems/dronology/corpus/src/UAVMonitorableMessage.java,17.60405731201172,0.0537517157267812,0.7263249837786063,0.2736750162213937,315.52008,0.0031593572142738,1
/Users/loganfecko/Desktop/Summer_Research/traceXplainer/dvc-data/systems/dronology/corpus/req/RE-701.txt,/Users/loganfecko/Desktop/Summer_Research/traceXplainer/dvc-data/systems/dronology/corpus/src/VirtualDroneFleetFactory.java,17.33101463317871,0.054552354030094,0.9123257212587046,0.0876742787412954,314.32483,0.0031713328850418,1
/Users/loganfecko/Desktop/Summer_Research/traceXplainer/dvc-data/systems/dronology/corpus/req/RE-701.txt,/Users/loganfecko/Desktop/Summer_Research/traceXplainer/dvc-data/systems/dronology/corpus/src/IMonitorableMessage.java,9.386693954467772,0.0962770256237169,0.5092733517478298,0.4907266482521701,168.03566,0.005915911478336,1
/Users/loganfecko/Desktop/Summer_Research/traceXplainer/dvc-data/systems/dronology/corpus/req/RE-701.txt,/Users/loganfecko/Desktop/Summer_Research/traceXplainer/dvc-data/systems/dronology/corpus/src/DroneMonitoringService.java,13.08726406097412,0.070986104588633,0.662841343093915,0.337158656906085,235.797,0.0042230265264008,1
/Users/loganfecko/Desktop/Summer_Research/traceXplainer/dvc-data/systems/dronology/corpus/req/RE-701.txt,/Users/loganfecko/Desktop/Summer_Research/traceXplainer/dvc-data/systems/dronology/corpus/src/StateMessageTypeAdapter.java,32.278785705566406,0.0300491733336512,0.8596739872992538,0.1403260127007461,570.9541,0.0017483920427673,1
/Users/loganfecko/Desktop/Summer_Research/traceXplainer/dvc-data/systems/dronology/corpus/req/RE-701.txt,/Users/loganfecko/Desktop/Summer_Research/traceXplainer/dvc-data/systems/dronology/corpus/src/SimpleTakeoffFlightPlan.java,23.944677352905273,0.0400887125478707,0.9598789949704418,0.0401210050295581,422.10278,0.002363491897712,1
/Users/loganfecko/Desktop/Summer_Research/traceXplainer/dvc-data/systems/dronology/corpus/req/RE-701.txt,/Users/loganfecko/Desktop/Summer_Research/traceXplainer/dvc-data/systems/dronology/corpus/src/IMonitoringDataHandler.java,9.005596160888672,0.0999440696906142,0.7105774524993296,0.2894225475006704,158.19647,0.0062815462326633,1
/Users/loganfecko/Desktop/Summer_Research/traceXplainer/dvc-data/systems/dronology/corpus/req/RE-701.txt,/Users/loganfecko/Desktop/Summer_Research/traceXplainer/dvc-data/systems/dronology/corpus/src/MonitoringDispatchThread.java,15.930021286010742,0.0590666711580746,0.7622013193852577,0.2377986806147423,285.4348,0.0034911957260127,1
/Users/loganfecko/Desktop/Summer_Research/traceXplainer/dvc-data/systems/dronology/corpus/req/RE-701.txt,/Users/loganfecko/Desktop/Summer_Research/traceXplainer/dvc-data/systems/dronology/corpus/src/RemindsConnector.java,29.29886817932129,0.0330045331753511,0.7839977006835926,0.2160022993164073,511.2396,0.0019522114508092,1
/Users/loganfecko/Desktop/Summer_Research/traceXplainer/dvc-data/systems/dronology/corpus/req/RE-701.txt,/Users/loganfecko/Desktop/Summer_Research/traceXplainer/dvc-data/systems/dronology/corpus/src/IncommingGroundstationConnectionServer.java,19.37555694580078,0.0490784130544265,0.8882633692989667,0.1117366307010333,344.32013,0.0028958636200946,1
/Users/loganfecko/Desktop/Summer_Research/traceXplainer/dvc-data/systems/dronology/corpus/req/RE-701.txt,/Users/loganfecko/Desktop/Summer_Research/traceXplainer/dvc-data/systems/dronology/corpus/src/MonitoringConnectionTester.java,13.433188438415527,0.0692847602085197,0.6807331570642863,0.3192668429357137,238.52272,0.0041749692830533,1
/Users/loganfecko/Desktop/Summer_Research/traceXplainer/dvc-data/systems/dronology/corpus/req/RE-701.txt,/Users/loganfecko/Desktop/Summer_Research/traceXplainer/dvc-data/systems/dronology/corpus/src/DispatchQueueManager.java,27.869892120361328,0.0346381619935019,0.7973728574236452,0.2026271425763548,495.00824,0.00201609554009,1
/Users/loganfecko/Desktop/Summer_Research/traceXplainer/dvc-data/systems/dronology/corpus/req/RE-701.txt,/Users/loganfecko/Desktop/Summer_Research/traceXplainer/dvc-data/systems/dronology/corpus/src/DronologyMonitoringManager.java,16.069257736206055,0.0585848556190509,0.6604961881713303,0.3395038118286697,289.56787,0.0034415367268095,1
/Users/loganfecko/Desktop/Summer_Research/traceXplainer/dvc-data/systems/dronology/corpus/req/RE-701.txt,/Users/loganfecko/Desktop/Summer_Research/traceXplainer/dvc-data/systems/dronology/corpus/src/DroneConnectorServiceInstance.java,25.805028915405273,0.0373064324293746,0.9245566184492752,0.0754433815507249,462.00433,0.0021598069988872,1
/Users/loganfecko/Desktop/Summer_Research/traceXplainer/dvc-data/systems/dronology/corpus/req/RE-701.txt,/Users/loganfecko/Desktop/Summer_Research/traceXplainer/dvc-data/systems/dronology/corpus/src/ManagedDrone.java,36.03621673583984,0.0270005980128176,0.8722099074526726,0.1277900925473274,648.31287,0.0015400896117082,1
/Users/loganfecko/Desktop/Summer_Research/traceXplainer/dvc-data/systems/dronology/corpus/req/RE-701.txt,/Users/loganfecko/Desktop/Summer_Research/traceXplainer/dvc-data/systems/dronology/corpus/src/FlightPlan.java,24.0404052734375,0.0399354558794136,0.9689612719162672,0.0310387280837328,425.58984,0.0023441720768815,1
/Users/loganfecko/Desktop/Summer_Research/traceXplainer/dvc-data/systems/dronology/corpus/req/RE-701.txt,/Users/loganfecko/Desktop/Summer_Research/traceXplainer/dvc-data/systems/dronology/corpus/src/IRemoteMonitoringMessageHandler.java,8.534682273864746,0.1048802646251855,0.7212283855089311,0.2787716144910689,153.00018,0.0064934987727588,1
/Users/loganfecko/Desktop/Summer_Research/traceXplainer/dvc-data/systems/dronology/corpus/req/RE-701.txt,/Users/loganfecko/Desktop/Summer_Research/traceXplainer/dvc-data/systems/dronology/corpus/src/RemoteMessageHandler.java,13.146465301513672,0.0706890363554633,0.6482606431726095,0.3517393568273905,233.95349,0.0042561614847519,1
/Users/loganfecko/Desktop/Summer_Research/traceXplainer/dvc-data/systems/dronology/corpus/req/RE-701.txt,/Users/loganfecko/Desktop/Summer_Research/traceXplainer/dvc-data/systems/dronology/corpus/src/PlanPoolManager.java,24.240036010742188,0.0396195948204827,0.8814250171189983,0.1185749828810016,430.004,0.0023201640938321,1
/Users/loganfecko/Desktop/Summer_Research/traceXplainer/dvc-data/systems/dronology/corpus/req/RE-701.txt,/Users/loganfecko/Desktop/Summer_Research/traceXplainer/dvc-data/systems/dronology/corpus/src/DroneFlightStateManager.java,29.088695526123047,0.0332350732563928,0.7568128654668134,0.2431871345331866,511.69678,0.0019504706177029,1
/Users/loganfecko/Desktop/Summer_Research/traceXplainer/dvc-data/systems/dronology/corpus/req/RE-701.txt,/Users/loganfecko/Desktop/Summer_Research/traceXplainer/dvc-data/systems/dronology/corpus/src/IFlightPlan.java,14.939116477966309,0.0627387346960144,0.895166613696762,0.104833386303238,266.21667,0.0037422814303445,1
/Users/loganfecko/Desktop/Summer_Research/traceXplainer/dvc-data/systems/dronology/corpus/req/RE-701.txt,/Users/loganfecko/Desktop/Summer_Research/traceXplainer/dvc-data/systems/dronology/corpus/src/DronologyServiceRunner.java,20.420753479003903,0.0466836986374067,0.8574736967015896,0.1425263032984104,357.01065,0.0027932129902475,1
/Users/loganfecko/Desktop/Summer_Research/traceXplainer/dvc-data/systems/dronology/corpus/req/RE-701.txt,/Users/loganfecko/Desktop/Summer_Research/traceXplainer/dvc-data/systems/dronology/corpus/src/UAVPlanChangeMessage.java,16.20444679260254,0.0581245076958809,0.8359394645317824,0.1640605354682176,288.10217,0.0034589847254916,1
/Users/loganfecko/Desktop/Summer_Research/traceXplainer/dvc-data/systems/dronology/corpus/req/RE-701.txt,/Users/loganfecko/Desktop/Summer_Research/traceXplainer/dvc-data/systems/dronology/corpus/src/UAVStateChangeMessage.java,15.327787399291992,0.0612452854477614,0.8556822147522276,0.1443177852477724,271.26727,0.0036728615568368,1
/Users/loganfecko/Desktop/Summer_Research/traceXplainer/dvc-data/systems/dronology/corpus/req/RE-701.txt,/Users/loganfecko/Desktop/Summer_Research/traceXplainer/dvc-data/systems/dronology/corpus/src/MessageMarshaller.java,20.45882225036621,0.0466008799706113,0.7701466432145705,0.2298533567854295,364.45166,0.0027363400116241,1
/Users/loganfecko/Desktop/Summer_Research/traceXplainer/dvc-data/systems/dronology/corpus/req/RE-701.txt,/Users/loganfecko/Desktop/Summer_Research/traceXplainer/dvc-data/systems/dronology/corpus/src/AbstractDroneCommand.java,17.165515899658203,0.0550493586597678,0.9111024511457538,0.0888975488542461,299.35544,0.0033293886932261,1
/Users/loganfecko/Desktop/Summer_Research/traceXplainer/dvc-data/systems/dronology/corpus/req/RE-701.txt,/Users/loganfecko/Desktop/Summer_Research/traceXplainer/dvc-data/systems/dronology/corpus/src/UAVAcknowledgeMessage.java,10.015165328979492,0.0907839301666337,0.7274911911128943,0.2725088088871057,179.86417,0.005529011194864,1
/Users/loganfecko/Desktop/Summer_Research/traceXplainer/dvc-data/systems/dronology/corpus/req/RE-701.txt,/Users/loganfecko/Desktop/Summer_Research/traceXplainer/dvc-data/systems/dronology/corpus/src/ArtifactIdentifier.java,26.2536678314209,0.0366923089466546,1.0229779886529815,-0.0229779886529817,466.9869,0.0021368119128829,1
/Users/loganfecko/Desktop/Summer_Research/traceXplainer/dvc-data/systems/dronology/corpus/req/RE-701.txt,/Users/loganfecko/Desktop/Summer_Research/traceXplainer/dvc-data/systems/dronology/corpus/src/DroneConnectorService.java,17.651891708374023,0.053613864783004,0.912329983003116,0.0876700169968841,312.8053,0.0031866893479695,1
/Users/loganfecko/Desktop/Summer_Research/traceXplainer/dvc-data/systems/dronology/corpus/req/RE-701.txt,/Users/loganfecko/Desktop/Summer_Research/traceXplainer/dvc-data/systems/dronology/corpus/src/PhysicalDrone.java,23.46900177001953,0.0408680341518975,0.9559755615553862,0.0440244384446137,413.62912,0.0024117939432382,1
/Users/loganfecko/Desktop/Summer_Research/traceXplainer/dvc-data/systems/dronology/corpus/req/RE-729.txt,/Users/loganfecko/Desktop/Summer_Research/traceXplainer/dvc-data/systems/dronology/corpus/src/CommandIds.java,14.855528831481934,0.0630694826157075,0.4105284997745121,0.5894715002254879,260.51883,0.003823816443741,1
/Users/loganfecko/Desktop/Summer_Research/traceXplainer/dvc-data/systems/dronology/corpus/req/RE-729.txt,/Users/loganfecko/Desktop/Summer_Research/traceXplainer/dvc-data/systems/dronology/corpus/src/GoToCommand.java,10.981311798095703,0.0834633149401002,0.5210103699474967,0.4789896300525033,195.23746,0.0050958670881912,1
/Users/loganfecko/Desktop/Summer_Research/traceXplainer/dvc-data/systems/dronology/corpus/req/RE-729.txt,/Users/loganfecko/Desktop/Summer_Research/traceXplainer/dvc-data/systems/dronology/corpus/src/SetMonitoringFrequencyCommand.java,9.388993263244627,0.0962557174368294,0.4924192251579108,0.5075807748420892,168.80554,0.0058890892974859,1
/Users/loganfecko/Desktop/Summer_Research/traceXplainer/dvc-data/systems/dronology/corpus/req/RE-729.txt,/Users/loganfecko/Desktop/Summer_Research/traceXplainer/dvc-data/systems/dronology/corpus/src/LandCommand.java,8.571709632873535,0.1044745440841155,0.5534282431220785,0.4465717568779215,150.99301,0.0065792498635179,1
/Users/loganfecko/Desktop/Summer_Research/traceXplainer/dvc-data/systems/dronology/corpus/req/RE-729.txt,/Users/loganfecko/Desktop/Summer_Research/traceXplainer/dvc-data/systems/dronology/corpus/src/TakeoffCommand.java,8.22595500946045,0.1083898630520724,0.4535171147790562,0.5464828852209438,147.83508,0.0067188459857109,1
/Users/loganfecko/Desktop/Summer_Research/traceXplainer/dvc-data/systems/dronology/corpus/req/RE-729.txt,/Users/loganfecko/Desktop/Summer_Research/traceXplainer/dvc-data/systems/dronology/corpus/src/SetStateFrequencyCommand.java,10.492005348205566,0.087017014846425,0.6239147708119579,0.3760852291880421,191.37762,0.0051981097205984,1
/Users/loganfecko/Desktop/Summer_Research/traceXplainer/dvc-data/systems/dronology/corpus/req/RE-729.txt,/Users/loganfecko/Desktop/Summer_Research/traceXplainer/dvc-data/systems/dronology/corpus/src/EmergencyStopCommand.java,8.547468185424805,0.1047398096101124,0.5942958729399845,0.4057041270600154,151.91107,0.0065397488120161,1
/Users/loganfecko/Desktop/Summer_Research/traceXplainer/dvc-data/systems/dronology/corpus/req/RE-729.txt,/Users/loganfecko/Desktop/Summer_Research/traceXplainer/dvc-data/systems/dronology/corpus/src/SetVelocityCommand.java,9.419551849365234,0.0959734175190001,0.472459825376578,0.527540174623422,170.62206,0.0058267569380114,1
/Users/loganfecko/Desktop/Summer_Research/traceXplainer/dvc-data/systems/dronology/corpus/req/RE-729.txt,/Users/loganfecko/Desktop/Summer_Research/traceXplainer/dvc-data/systems/dronology/corpus/src/IDroneCommand.java,10.120892524719238,0.0899208402362692,0.5678404135232356,0.4321595864767644,180.06058,0.0055230134267813,1
/Users/loganfecko/Desktop/Summer_Research/traceXplainer/dvc-data/systems/dronology/corpus/req/RE-729.txt,/Users/loganfecko/Desktop/Summer_Research/traceXplainer/dvc-data/systems/dronology/corpus/src/AbstractDroneCommand.java,14.67782497406006,0.0637843579485395,0.5828357490976752,0.4171642509023248,262.6262,0.0037932498258089,1
/Users/loganfecko/Desktop/Summer_Research/traceXplainer/dvc-data/systems/dronology/corpus/req/RE-729.txt,/Users/loganfecko/Desktop/Summer_Research/traceXplainer/dvc-data/systems/dronology/corpus/src/SetGroundSpeedCommand.java,8.2024507522583,0.1086667048725686,0.3775748546767783,0.6224251453232217,150.55566,0.0065982357451689,1
/Users/loganfecko/Desktop/Summer_Research/traceXplainer/dvc-data/systems/dronology/corpus/req/RE-714.txt,/Users/loganfecko/Desktop/Summer_Research/traceXplainer/dvc-data/systems/dronology/corpus/src/CommandIds.java,15.200909614562988,0.0617249292657679,0.5214101262994064,0.4785898737005936,268.49905,0.0037105881646867,1
/Users/loganfecko/Desktop/Summer_Research/traceXplainer/dvc-data/systems/dronology/corpus/req/RE-714.txt,/Users/loganfecko/Desktop/Summer_Research/traceXplainer/dvc-data/systems/dronology/corpus/src/GoToCommand.java,14.821694374084473,0.0632043557634367,1.0061398990832215,-0.0061398990832215,260.06345,0.0038304864780951,1
/Users/loganfecko/Desktop/Summer_Research/traceXplainer/dvc-data/systems/dronology/corpus/req/RE-714.txt,/Users/loganfecko/Desktop/Summer_Research/traceXplainer/dvc-data/systems/dronology/corpus/src/SetMonitoringFrequencyCommand.java,11.818922996520996,0.0780096736887643,0.7584157706540974,0.2415842293459026,213.61917,0.0046594160003333,1
/Users/loganfecko/Desktop/Summer_Research/traceXplainer/dvc-data/systems/dronology/corpus/req/RE-714.txt,/Users/loganfecko/Desktop/Summer_Research/traceXplainer/dvc-data/systems/dronology/corpus/src/SetGimbalRotationCommand.java,11.502080917358398,0.0799866843456083,0.8211656122739239,0.178834387726076,210.2024,0.0047347948467491,1
/Users/loganfecko/Desktop/Summer_Research/traceXplainer/dvc-data/systems/dronology/corpus/req/RE-714.txt,/Users/loganfecko/Desktop/Summer_Research/traceXplainer/dvc-data/systems/dronology/corpus/src/TakeoffCommand.java,10.633360862731934,0.0859596819697694,0.703415260204862,0.296584739795138,189.72868,0.0052430498748159,1
/Users/loganfecko/Desktop/Summer_Research/traceXplainer/dvc-data/systems/dronology/corpus/req/RE-714.txt,/Users/loganfecko/Desktop/Summer_Research/traceXplainer/dvc-data/systems/dronology/corpus/src/SetStateFrequencyCommand.java,11.569303512573242,0.07955890308478,0.6859189411605728,0.3140810588394271,208.47324,0.0047738795594825,1
/Users/loganfecko/Desktop/Summer_Research/traceXplainer/dvc-data/systems/dronology/corpus/req/RE-714.txt,/Users/loganfecko/Desktop/Summer_Research/traceXplainer/dvc-data/systems/dronology/corpus/src/GroundstationConnector.java,23.8918399810791,0.0401738079933072,0.6349215792745546,0.3650784207254454,425.3306,0.0023455975414747,1
/Users/loganfecko/Desktop/Summer_Research/traceXplainer/dvc-data/systems/dronology/corpus/req/RE-714.txt,/Users/loganfecko/Desktop/Summer_Research/traceXplainer/dvc-data/systems/dronology/corpus/src/UAVHandshakeMessage.java,16.886470794677734,0.0559081783924393,0.7416056537985313,0.2583943462014687,304.5647,0.0032726293611421,1
/Users/loganfecko/Desktop/Summer_Research/traceXplainer/dvc-data/systems/dronology/corpus/req/RE-714.txt,/Users/loganfecko/Desktop/Summer_Research/traceXplainer/dvc-data/systems/dronology/corpus/src/ReadDispatcher.java,25.537912368774418,0.037681939185866,0.7611512951266224,0.2388487048733776,459.2631,0.0021726704080606,1
/Users/loganfecko/Desktop/Summer_Research/traceXplainer/dvc-data/systems/dronology/corpus/req/RE-714.txt,/Users/loganfecko/Desktop/Summer_Research/traceXplainer/dvc-data/systems/dronology/corpus/src/SetVelocityCommand.java,11.807944297790527,0.0780765419297231,0.7392120789959533,0.2607879210040467,208.93883,0.0047632922972775,1
/Users/loganfecko/Desktop/Summer_Research/traceXplainer/dvc-data/systems/dronology/corpus/req/RE-714.txt,/Users/loganfecko/Desktop/Summer_Research/traceXplainer/dvc-data/systems/dronology/corpus/src/SetGimbalTargetCommand.java,10.76717758178711,0.0849821457226727,0.7887652602701646,0.2112347397298354,196.77249,0.0050563149234894,1
/Users/loganfecko/Desktop/Summer_Research/traceXplainer/dvc-data/systems/dronology/corpus/req/RE-714.txt,/Users/loganfecko/Desktop/Summer_Research/traceXplainer/dvc-data/systems/dronology/corpus/src/IDroneCommand.java,12.780208587646484,0.0725678420351683,0.8577766915217652,0.1422233084782348,225.17526,0.0044213500148624,1
/Users/loganfecko/Desktop/Summer_Research/traceXplainer/dvc-data/systems/dronology/corpus/req/RE-714.txt,/Users/loganfecko/Desktop/Summer_Research/traceXplainer/dvc-data/systems/dronology/corpus/src/AbstractDroneCommand.java,16.81636619567871,0.0561281682817311,0.8505960991327262,0.1494039008672738,301.20538,0.0033090078974692,1
/Users/loganfecko/Desktop/Summer_Research/traceXplainer/dvc-data/systems/dronology/corpus/req/RE-714.txt,/Users/loganfecko/Desktop/Summer_Research/traceXplainer/dvc-data/systems/dronology/corpus/src/ConnectionRequestMessage.java,8.85131549835205,0.1015092857565349,0.4365862139004564,0.5634137860995436,159.42714,0.0062333592961523,1
/Users/loganfecko/Desktop/Summer_Research/traceXplainer/dvc-data/systems/dronology/corpus/req/RE-714.txt,/Users/loganfecko/Desktop/Summer_Research/traceXplainer/dvc-data/systems/dronology/corpus/src/SetGroundSpeedCommand.java,10.00731372833252,0.0908486870348782,0.5742553003437855,0.4257446996562145,182.07724,0.0054621754187103,1
/Users/loganfecko/Desktop/Summer_Research/traceXplainer/dvc-data/systems/dronology/corpus/req/RE-516.txt,/Users/loganfecko/Desktop/Summer_Research/traceXplainer/dvc-data/systems/dronology/corpus/src/LlaCoordinate.java,26.017621994018555,0.0370128799722414,0.8200423117176516,0.1799576882823483,468.08713,0.002131800130466,1
/Users/loganfecko/Desktop/Summer_Research/traceXplainer/dvc-data/systems/dronology/corpus/req/RE-516.txt,/Users/loganfecko/Desktop/Summer_Research/traceXplainer/dvc-data/systems/dronology/corpus/src/PVector.java,24.706111907958984,0.038901254440209,0.7695996809161951,0.2304003190838048,435.16797,0.0022926947223242,1
/Users/loganfecko/Desktop/Summer_Research/traceXplainer/dvc-data/systems/dronology/corpus/req/RE-516.txt,/Users/loganfecko/Desktop/Summer_Research/traceXplainer/dvc-data/systems/dronology/corpus/src/NVector.java,25.19569206237793,0.0381742157305396,0.6754125352223225,0.3245874647776775,444.77612,0.0022432785165006,1
/Users/loganfecko/Desktop/Summer_Research/traceXplainer/dvc-data/systems/dronology/corpus/req/RE-36.txt,/Users/loganfecko/Desktop/Summer_Research/traceXplainer/dvc-data/systems/dronology/corpus/src/DroneFleetManager.java,23.04915428161621,0.0415815037938538,0.6956931175387089,0.3043068824612911,413.04077,0.0024152210817666,1
/Users/loganfecko/Desktop/Summer_Research/traceXplainer/dvc-data/systems/dronology/corpus/req/RE-36.txt,/Users/loganfecko/Desktop/Summer_Research/traceXplainer/dvc-data/systems/dronology/corpus/src/PhysicalDroneFleetFactory.java,18.6274471282959,0.0509490609483466,0.7813228014918006,0.2186771985081994,334.2239,0.0029830807938046,1
/Users/loganfecko/Desktop/Summer_Research/traceXplainer/dvc-data/systems/dronology/corpus/req/RE-36.txt,/Users/loganfecko/Desktop/Summer_Research/traceXplainer/dvc-data/systems/dronology/corpus/src/VirtualDroneFleetFactory.java,17.506681442260742,0.0540345389917643,0.7898100772533895,0.2101899227466105,311.07022,0.0032044069984139,1
/Users/loganfecko/Desktop/Summer_Research/traceXplainer/dvc-data/systems/dronology/corpus/req/RE-689.txt,/Users/loganfecko/Desktop/Summer_Research/traceXplainer/dvc-data/systems/dronology/corpus/src/AFMapComponent.java,36.40987014770508,0.0267309134207552,0.710479281422107,0.2895207185778929,648.72314,0.0015391170969004,1
/Users/loganfecko/Desktop/Summer_Research/traceXplainer/dvc-data/systems/dronology/corpus/req/RE-689.txt,/Users/loganfecko/Desktop/Summer_Research/traceXplainer/dvc-data/systems/dronology/corpus/src/MapDrawingUtil.java,35.047542572021484,0.0277411420765241,0.6322690604812468,0.3677309395187532,612.7009,0.0016294581852625,1
/Users/loganfecko/Desktop/Summer_Research/traceXplainer/dvc-data/systems/dronology/corpus/req/RE-501.txt,/Users/loganfecko/Desktop/Summer_Research/traceXplainer/dvc-data/systems/dronology/corpus/src/FlightRoutePersistenceProvider.java,15.884156227111816,0.0592271231412941,0.5667735357318808,0.4332264642681191,282.4272,0.0035282430645926,1
/Users/loganfecko/Desktop/Summer_Research/traceXplainer/dvc-data/systems/dronology/corpus/req/RE-501.txt,/Users/loganfecko/Desktop/Summer_Research/traceXplainer/dvc-data/systems/dronology/corpus/src/DronologyPersistenceUtil.java,12.129858016967772,0.0761622858912636,0.2702446723581666,0.7297553276418334,215.98712,0.0046085684381132,1
/Users/loganfecko/Desktop/Summer_Research/traceXplainer/dvc-data/systems/dronology/corpus/req/RE-501.txt,/Users/loganfecko/Desktop/Summer_Research/traceXplainer/dvc-data/systems/dronology/corpus/src/FlightRouteInfo.java,17.82805061340332,0.0531122430321129,0.553518284481419,0.4464817155185809,319.44556,0.0031206549108792,1
/Users/loganfecko/Desktop/Summer_Research/traceXplainer/dvc-data/systems/dronology/corpus/req/RE-501.txt,/Users/loganfecko/Desktop/Summer_Research/traceXplainer/dvc-data/systems/dronology/corpus/src/FlightRouteplanningServiceInstance.java,22.075939178466797,0.0433351809547645,0.5587792371072,0.4412207628928,387.2234,0.0025758365651823,1
/Users/loganfecko/Desktop/Summer_Research/traceXplainer/dvc-data/systems/dronology/corpus/req/RE-501.txt,/Users/loganfecko/Desktop/Summer_Research/traceXplainer/dvc-data/systems/dronology/corpus/src/FlightRouteplanningServiceRemoteFacade.java,19.74569320678711,0.0482027758741193,0.7568158751649033,0.2431841248350966,347.75916,0.002867308240886,1
/Users/loganfecko/Desktop/Summer_Research/traceXplainer/dvc-data/systems/dronology/corpus/req/RE-501.txt,/Users/loganfecko/Desktop/Summer_Research/traceXplainer/dvc-data/systems/dronology/corpus/src/IFlightRoute.java,12.254490852355955,0.0754461269873864,0.6440976074115894,0.3559023925884106,218.40689,0.0045577419926907,1
/Users/loganfecko/Desktop/Summer_Research/traceXplainer/dvc-data/systems/dronology/corpus/req/RE-501.txt,/Users/loganfecko/Desktop/Summer_Research/traceXplainer/dvc-data/systems/dronology/corpus/src/IFlightRouteplanningServiceInstance.java,10.9107084274292,0.08395806228428,0.6848079161669904,0.3151920838330095,193.37784,0.0051446194154432,1
/Users/loganfecko/Desktop/Summer_Research/traceXplainer/dvc-data/systems/dronology/corpus/req/RE-501.txt,/Users/loganfecko/Desktop/Summer_Research/traceXplainer/dvc-data/systems/dronology/corpus/src/FlightRoute.java,16.445438385009766,0.0573215747251879,0.4870008594927743,0.5129991405072257,290.7262,0.0034278717945821,1
/Users/loganfecko/Desktop/Summer_Research/traceXplainer/dvc-data/systems/dronology/corpus/req/RE-501.txt,/Users/loganfecko/Desktop/Summer_Research/traceXplainer/dvc-data/systems/dronology/corpus/src/FlightRouteplanningService.java,15.959805488586426,0.0589629403870803,0.7499443300081932,0.2500556699918068,285.09933,0.0034952894979286,1
/Users/loganfecko/Desktop/Summer_Research/traceXplainer/dvc-data/systems/dronology/corpus/req/RE-501.txt,/Users/loganfecko/Desktop/Summer_Research/traceXplainer/dvc-data/systems/dronology/corpus/src/Waypoint.java,16.429046630859375,0.0573754847972825,0.5463568702055122,0.4536431297944878,291.89,0.0034142509132662,1
/Users/loganfecko/Desktop/Summer_Research/traceXplainer/dvc-data/systems/dronology/corpus/req/RE-501.txt,/Users/loganfecko/Desktop/Summer_Research/traceXplainer/dvc-data/systems/dronology/corpus/src/DroneSimulatorServiceInstance.java,25.5313663482666,0.0376912363605176,0.7484695655692557,0.2515304344307443,450.47934,0.0022149407786563,1
/Users/loganfecko/Desktop/Summer_Research/traceXplainer/dvc-data/systems/dronology/corpus/req/RE-677.txt,/Users/loganfecko/Desktop/Summer_Research/traceXplainer/dvc-data/systems/dronology/corpus/src/DroneSetupService.java,16.413618087768555,0.0574263197320496,0.6598440921907338,0.3401559078092662,292.58716,0.0034061435320278,1
/Users/loganfecko/Desktop/Summer_Research/traceXplainer/dvc-data/systems/dronology/corpus/req/RE-101.txt,/Users/loganfecko/Desktop/Summer_Research/traceXplainer/dvc-data/systems/dronology/corpus/src/FlightZoneManager2.java,34.28181457519531,0.0283432134100904,0.7811205528674134,0.2188794471325865,611.23663,0.0016333553819029,1
/Users/loganfecko/Desktop/Summer_Research/traceXplainer/dvc-data/systems/dronology/corpus/req/RE-101.txt,/Users/loganfecko/Desktop/Summer_Research/traceXplainer/dvc-data/systems/dronology/corpus/src/PlanPoolManager.java,22.70354652404785,0.0421877797478733,0.6799522965009314,0.3200477034990686,403.975,0.0024692881904528,1
/Users/loganfecko/Desktop/Summer_Research/traceXplainer/dvc-data/systems/dronology/corpus/req/RE-505.txt,/Users/loganfecko/Desktop/Summer_Research/traceXplainer/dvc-data/systems/dronology/corpus/src/FlightRouteplanningServiceInstance.java,22.981775283813477,0.0416983308435448,0.5548499211207385,0.4451500788792615,397.333,0.0025104623026136,1
/Users/loganfecko/Desktop/Summer_Research/traceXplainer/dvc-data/systems/dronology/corpus/req/RE-505.txt,/Users/loganfecko/Desktop/Summer_Research/traceXplainer/dvc-data/systems/dronology/corpus/src/AbstractFileTransmitServiceInstance.java,21.33871841430664,0.0447653254521333,0.6362919284677455,0.3637080715322545,376.22955,0.0026509057719816,1
/Users/loganfecko/Desktop/Summer_Research/traceXplainer/dvc-data/systems/dronology/corpus/req/RE-25.txt,/Users/loganfecko/Desktop/Summer_Research/traceXplainer/dvc-data/systems/dronology/corpus/src/VirtualDrone.java,21.87102699279785,0.0437234410293382,0.6459334863316266,0.3540665136683734,388.7745,0.0025655859621233,1
/Users/loganfecko/Desktop/Summer_Research/traceXplainer/dvc-data/systems/dronology/corpus/req/RE-25.txt,/Users/loganfecko/Desktop/Summer_Research/traceXplainer/dvc-data/systems/dronology/corpus/src/PhysicalDroneFleetFactory.java,16.72891616821289,0.0564050272736329,0.6569925850695528,0.3430074149304472,305.96515,0.0032576988088044,1
/Users/loganfecko/Desktop/Summer_Research/traceXplainer/dvc-data/systems/dronology/corpus/req/RE-25.txt,/Users/loganfecko/Desktop/Summer_Research/traceXplainer/dvc-data/systems/dronology/corpus/src/VirtualDroneFleetFactory.java,15.518308639526367,0.0605388857795717,0.7048354404890105,0.2951645595109895,280.99246,0.003546194080319,1
/Users/loganfecko/Desktop/Summer_Research/traceXplainer/dvc-data/systems/dronology/corpus/req/RE-25.txt,/Users/loganfecko/Desktop/Summer_Research/traceXplainer/dvc-data/systems/dronology/corpus/src/AbstractDrone.java,19.11719512939453,0.0497087190121666,0.7811249635665254,0.2188750364334746,343.18134,0.0029054451738204,1
/Users/loganfecko/Desktop/Summer_Research/traceXplainer/dvc-data/systems/dronology/corpus/req/RE-25.txt,/Users/loganfecko/Desktop/Summer_Research/traceXplainer/dvc-data/systems/dronology/corpus/src/PhysicalDrone.java,21.41327667236328,0.044616412611952,0.656981476704434,0.343018523295566,381.04358,0.0026175024387313,1
/Users/loganfecko/Desktop/Summer_Research/traceXplainer/dvc-data/systems/dronology/corpus/req/RE-706.txt,/Users/loganfecko/Desktop/Summer_Research/traceXplainer/dvc-data/systems/dronology/corpus/src/UAVMonitorableMessage.java,17.51807403564453,0.0540012961431706,0.7326965054243683,0.2673034945756317,312.74286,0.0031873235411584,1
/Users/loganfecko/Desktop/Summer_Research/traceXplainer/dvc-data/systems/dronology/corpus/req/RE-706.txt,/Users/loganfecko/Desktop/Summer_Research/traceXplainer/dvc-data/systems/dronology/corpus/src/IMonitorableMessage.java,10.096851348876951,0.0901156525000403,0.6414878746685385,0.3585121253314615,180.26846,0.0055166794196105,1
/Users/loganfecko/Desktop/Summer_Research/traceXplainer/dvc-data/systems/dronology/corpus/req/RE-706.txt,/Users/loganfecko/Desktop/Summer_Research/traceXplainer/dvc-data/systems/dronology/corpus/src/ArtifactIdentifier.java,25.50208854675293,0.0377328752123017,0.9536807318052756,0.0463192681947245,451.13696,0.0022117191958975,1
/Users/loganfecko/Desktop/Summer_Research/traceXplainer/dvc-data/systems/dronology/corpus/req/RE-510.txt,/Users/loganfecko/Desktop/Summer_Research/traceXplainer/dvc-data/systems/dronology/corpus/src/LlaCoordinate.java,26.022226333618164,0.0370065733168664,0.8153517922689739,0.184648207731026,465.82086,0.0021421493377759,1
/Users/loganfecko/Desktop/Summer_Research/traceXplainer/dvc-data/systems/dronology/corpus/req/RE-510.txt,/Users/loganfecko/Desktop/Summer_Research/traceXplainer/dvc-data/systems/dronology/corpus/src/PVector.java,24.76472282409668,0.0388127598665544,0.7722681836044796,0.2277318163955204,434.70593,0.0022951259671706,1
/Users/loganfecko/Desktop/Summer_Research/traceXplainer/dvc-data/systems/dronology/corpus/req/RE-510.txt,/Users/loganfecko/Desktop/Summer_Research/traceXplainer/dvc-data/systems/dronology/corpus/src/NVector.java,26.01740264892578,0.0370131804672112,0.7654589695370636,0.2345410304629364,460.1347,0.0021685637408042,1
/Users/loganfecko/Desktop/Summer_Research/traceXplainer/dvc-data/systems/dronology/corpus/req/RE-100.txt,/Users/loganfecko/Desktop/Summer_Research/traceXplainer/dvc-data/systems/dronology/corpus/src/PlanPool.java,19.601173400878903,0.0485409243707126,0.4969402808132797,0.5030597191867203,348.67877,0.0028597675356689,1
/Users/loganfecko/Desktop/Summer_Research/traceXplainer/dvc-data/systems/dronology/corpus/req/RE-114.txt,/Users/loganfecko/Desktop/Summer_Research/traceXplainer/dvc-data/systems/dronology/corpus/src/AFMapComponent.java,37.25839614868164,0.0261380533599409,0.8366316657295926,0.1633683342704074,663.3688,0.0015051881402492,1
/Users/loganfecko/Desktop/Summer_Research/traceXplainer/dvc-data/systems/dronology/corpus/req/RE-114.txt,/Users/loganfecko/Desktop/Summer_Research/traceXplainer/dvc-data/systems/dronology/corpus/src/AFMainLayout.java,18.06068992614746,0.0524639980963228,0.671590585374958,0.328409414625042,321.0772,0.003104845579224,1
/Users/loganfecko/Desktop/Summer_Research/traceXplainer/dvc-data/systems/dronology/corpus/req/RE-672.txt,/Users/loganfecko/Desktop/Summer_Research/traceXplainer/dvc-data/systems/dronology/corpus/src/MapDrawingUtil.java,35.49638366699219,0.0273999749981917,0.7087711491113293,0.2912288508886707,620.9422,0.0016078664552285,1
/Users/loganfecko/Desktop/Summer_Research/traceXplainer/dvc-data/systems/dronology/corpus/req/RE-103.txt,/Users/loganfecko/Desktop/Summer_Research/traceXplainer/dvc-data/systems/dronology/corpus/src/FlightZoneManager2.java,34.27338409423828,0.028349987552324,0.7824980057074888,0.2175019942925111,615.0228,0.0016233164680422,1
/Users/loganfecko/Desktop/Summer_Research/traceXplainer/dvc-data/systems/dronology/corpus/req/RE-709.txt,/Users/loganfecko/Desktop/Summer_Research/traceXplainer/dvc-data/systems/dronology/corpus/src/GroundstationConnector.java,22.587554931640625,0.0423952377810295,0.4656448764535379,0.5343551235464621,405.08386,0.0024625455301882,1
/Users/loganfecko/Desktop/Summer_Research/traceXplainer/dvc-data/systems/dronology/corpus/req/RE-709.txt,/Users/loganfecko/Desktop/Summer_Research/traceXplainer/dvc-data/systems/dronology/corpus/src/RuntimeDroneTypes.java,22.305185317993164,0.0429089057372967,0.653433914130082,0.346566085869918,395.01337,0.0025251672900211,1
/Users/loganfecko/Desktop/Summer_Research/traceXplainer/dvc-data/systems/dronology/corpus/req/RE-709.txt,/Users/loganfecko/Desktop/Summer_Research/traceXplainer/dvc-data/systems/dronology/corpus/src/PhysicalDroneFleetFactory.java,17.608055114746094,0.0537401675690192,0.7792045506371685,0.2207954493628314,325.02472,0.0030672520854749,1
/Users/loganfecko/Desktop/Summer_Research/traceXplainer/dvc-data/systems/dronology/corpus/req/RE-709.txt,/Users/loganfecko/Desktop/Summer_Research/traceXplainer/dvc-data/systems/dronology/corpus/src/IncommingGroundstationConnectionServer.java,16.086166381835938,0.0585268794445947,0.4734271850475519,0.5265728149524481,287.48566,0.0034663768428085,1
/Users/loganfecko/Desktop/Summer_Research/traceXplainer/dvc-data/systems/dronology/corpus/req/RE-709.txt,/Users/loganfecko/Desktop/Summer_Research/traceXplainer/dvc-data/systems/dronology/corpus/src/DispatchQueueManager.java,26.0501766204834,0.0369683353284563,0.5625636100108138,0.4374363899891862,459.64667,0.0021708612491859,1
/Users/loganfecko/Desktop/Summer_Research/traceXplainer/dvc-data/systems/dronology/corpus/req/RE-709.txt,/Users/loganfecko/Desktop/Summer_Research/traceXplainer/dvc-data/systems/dronology/corpus/src/DronologyServiceRunner.java,19.54913902282715,0.0486638393408669,0.7500315778071417,0.2499684221928583,350.0133,0.0028488948534533,1
/Users/loganfecko/Desktop/Summer_Research/traceXplainer/dvc-data/systems/dronology/corpus/req/RE-709.txt,/Users/loganfecko/Desktop/Summer_Research/traceXplainer/dvc-data/systems/dronology/corpus/src/ConnectionRequestMessage.java,7.452019691467285,0.1183149160205515,0.3009364340265044,0.6990635659734956,133.82172,0.0074172027131823,1
/Users/loganfecko/Desktop/Summer_Research/traceXplainer/dvc-data/systems/dronology/corpus/req/RE-643.txt,/Users/loganfecko/Desktop/Summer_Research/traceXplainer/dvc-data/systems/dronology/corpus/src/AFMapComponent.java,36.39929962158203,0.0267384686376032,0.7292896924381667,0.2707103075618333,643.71564,0.0015510714217078,1
/Users/loganfecko/Desktop/Summer_Research/traceXplainer/dvc-data/systems/dronology/corpus/req/RE-722.txt,/Users/loganfecko/Desktop/Summer_Research/traceXplainer/dvc-data/systems/dronology/corpus/src/UAVStateMessage.java,18.308246612548828,0.0517913418067738,0.688169337362233,0.311830662637767,328.15802,0.0030380544880561,1
/Users/loganfecko/Desktop/Summer_Research/traceXplainer/dvc-data/systems/dronology/corpus/req/RE-722.txt,/Users/loganfecko/Desktop/Summer_Research/traceXplainer/dvc-data/systems/dronology/corpus/src/UAVMessageFactory.java,21.64874839782715,0.0441525501734098,0.6736875764355759,0.3263124235644241,377.56796,0.0026415336179248,1
/Users/loganfecko/Desktop/Summer_Research/traceXplainer/dvc-data/systems/dronology/corpus/req/RE-722.txt,/Users/loganfecko/Desktop/Summer_Research/traceXplainer/dvc-data/systems/dronology/corpus/src/UAVMonitoringMessage.java,7.189048767089844,0.1221143051460141,0.3648629303408288,0.6351370696591712,130.83598,0.0075851825514412,1
/Users/loganfecko/Desktop/Summer_Research/traceXplainer/dvc-data/systems/dronology/corpus/req/RE-722.txt,/Users/loganfecko/Desktop/Summer_Research/traceXplainer/dvc-data/systems/dronology/corpus/src/UAVModeChangeMessage.java,10.069938659667969,0.0903347372324097,0.4002202899227979,0.5997797100772021,176.26375,0.0056413113810891,1
/Users/loganfecko/Desktop/Summer_Research/traceXplainer/dvc-data/systems/dronology/corpus/req/RE-508.txt,/Users/loganfecko/Desktop/Summer_Research/traceXplainer/dvc-data/systems/dronology/corpus/src/FlightRoute.java,17.629209518432617,0.0536791429078379,0.6066129111212037,0.3933870888787962,313.23373,0.0031823445142384,1
/Users/loganfecko/Desktop/Summer_Research/traceXplainer/dvc-data/systems/dronology/corpus/req/RE-28.txt,/Users/loganfecko/Desktop/Summer_Research/traceXplainer/dvc-data/systems/dronology/corpus/src/PlanPool.java,21.29014015197754,0.0448628852569723,0.7300770163484176,0.2699229836515824,376.40134,0.0026496991473949,1
/Users/loganfecko/Desktop/Summer_Research/traceXplainer/dvc-data/systems/dronology/corpus/req/RE-28.txt,/Users/loganfecko/Desktop/Summer_Research/traceXplainer/dvc-data/systems/dronology/corpus/src/PlanPoolManager.java,23.351856231689453,0.0410646313975311,0.7724195527031009,0.227580447296899,410.57703,0.0024296788594508,1
/Users/loganfecko/Desktop/Summer_Research/traceXplainer/dvc-data/systems/dronology/corpus/req/RE-681.txt,/Users/loganfecko/Desktop/Summer_Research/traceXplainer/dvc-data/systems/dronology/corpus/src/AFControlsComponent.java,11.670787811279297,0.0789216909709291,0.6808971351737185,0.3191028648262815,210.46848,0.0047288372339361,1
/Users/loganfecko/Desktop/Summer_Research/traceXplainer/dvc-data/systems/dronology/corpus/req/RE-681.txt,/Users/loganfecko/Desktop/Summer_Research/traceXplainer/dvc-data/systems/dronology/corpus/src/AFInfoBox.java,34.160667419433594,0.0284408708194,0.6195128485222778,0.3804871514777221,598.3802,0.0016683901470889,1
/Users/loganfecko/Desktop/Summer_Research/traceXplainer/dvc-data/systems/dronology/corpus/req/RE-681.txt,/Users/loganfecko/Desktop/Summer_Research/traceXplainer/dvc-data/systems/dronology/corpus/src/AFMapComponent.java,36.65587615966797,0.0265562802405609,0.7420305019314049,0.2579694980685951,656.78864,0.00152024517665,1
/Users/loganfecko/Desktop/Summer_Research/traceXplainer/dvc-data/systems/dronology/corpus/req/RE-681.txt,/Users/loganfecko/Desktop/Summer_Research/traceXplainer/dvc-data/systems/dronology/corpus/src/AFEmergencyComponent.java,17.78558921813965,0.053232293562258,0.7407856339547714,0.2592143660452286,315.05002,0.003164056136891,1
/Users/loganfecko/Desktop/Summer_Research/traceXplainer/dvc-data/systems/dronology/corpus/req/RE-681.txt,/Users/loganfecko/Desktop/Summer_Research/traceXplainer/dvc-data/systems/dronology/corpus/src/AFInfoPanel.java,30.243616104125977,0.032006538445079,0.6982448824630441,0.3017551175369559,524.1544,0.0019042018193588,1
/Users/loganfecko/Desktop/Summer_Research/traceXplainer/dvc-data/systems/dronology/corpus/req/RE-695.txt,/Users/loganfecko/Desktop/Summer_Research/traceXplainer/dvc-data/systems/dronology/corpus/src/AFMapComponent.java,36.180458068847656,0.0268958493773337,0.6888405767325957,0.3111594232674043,646.8259,0.0015436245404645,1
/Users/loganfecko/Desktop/Summer_Research/traceXplainer/dvc-data/systems/dronology/corpus/req/RE-695.txt,/Users/loganfecko/Desktop/Summer_Research/traceXplainer/dvc-data/systems/dronology/corpus/src/AFFollowBar.java,20.558290481567383,0.0463858672307534,0.4392377570531346,0.5607622429468654,360.6631,0.0027650043338202,1
/Users/loganfecko/Desktop/Summer_Research/traceXplainer/dvc-data/systems/dronology/corpus/req/RE-656.txt,/Users/loganfecko/Desktop/Summer_Research/traceXplainer/dvc-data/systems/dronology/corpus/src/AFDragLayout.java,35.28933334350586,0.0275563067123401,0.972099953964446,0.0279000460355539,640.3462,0.0015592202984901,1
/Users/loganfecko/Desktop/Summer_Research/traceXplainer/dvc-data/systems/dronology/corpus/req/RE-656.txt,/Users/loganfecko/Desktop/Summer_Research/traceXplainer/dvc-data/systems/dronology/corpus/src/AFAssignRouteComponent.java,29.05890655517578,0.0332680098713641,0.7753553711100132,0.2246446288899868,516.7575,0.0019314060846128,1
/Users/loganfecko/Desktop/Summer_Research/traceXplainer/dvc-data/systems/dronology/corpus/req/RE-646.txt,/Users/loganfecko/Desktop/Summer_Research/traceXplainer/dvc-data/systems/dronology/corpus/src/AFDragLayout.java,34.63039016723633,0.0280659289810287,0.8883980246594565,0.1116019753405435,626.8015,0.0015928601289143,1
/Users/loganfecko/Desktop/Summer_Research/traceXplainer/dvc-data/systems/dronology/corpus/req/RE-646.txt,/Users/loganfecko/Desktop/Summer_Research/traceXplainer/dvc-data/systems/dronology/corpus/src/AFAssignRouteComponent.java,28.21926498413086,0.0342239957282671,0.6441859064436914,0.3558140935563085,502.19434,0.0019873037683083,1
/Users/loganfecko/Desktop/Summer_Research/traceXplainer/dvc-data/systems/dronology/corpus/req/RE-691.txt,/Users/loganfecko/Desktop/Summer_Research/traceXplainer/dvc-data/systems/dronology/corpus/src/AFInfoBox.java,33.10606384277344,0.0293202993054235,0.5172901003260901,0.4827098996739098,583.1837,0.0017117902689153,1
/Users/loganfecko/Desktop/Summer_Research/traceXplainer/dvc-data/systems/dronology/corpus/req/RE-691.txt,/Users/loganfecko/Desktop/Summer_Research/traceXplainer/dvc-data/systems/dronology/corpus/src/AFEmergencyComponent.java,15.443283081054688,0.0608151057833554,0.4337415516385247,0.5662584483614753,277.28284,0.0035934663132272,1
/Users/loganfecko/Desktop/Summer_Research/traceXplainer/dvc-data/systems/dronology/corpus/req/RE-693.txt,/Users/loganfecko/Desktop/Summer_Research/traceXplainer/dvc-data/systems/dronology/corpus/src/AFEmergencyComponent.java,13.911283493041992,0.0670633081630181,0.3360691820222976,0.6639308179777024,249.1405,0.003997753215844,1
/Users/loganfecko/Desktop/Summer_Research/traceXplainer/dvc-data/systems/dronology/corpus/req/RE-637.txt,/Users/loganfecko/Desktop/Summer_Research/traceXplainer/dvc-data/systems/dronology/corpus/src/FlightManagerService.java,17.540117263793945,0.0539370914310692,0.8798135374419329,0.120186462558067,314.78357,0.0031667258752661,1
/Users/loganfecko/Desktop/Summer_Research/traceXplainer/dvc-data/systems/dronology/corpus/req/RE-555.txt,/Users/loganfecko/Desktop/Summer_Research/traceXplainer/dvc-data/systems/dronology/corpus/src/VirtualDrone.java,24.81622886657715,0.0387353244026529,1.047246165550796,-0.0472461655507958,442.50592,0.0022547613323294,1
/Users/loganfecko/Desktop/Summer_Research/traceXplainer/dvc-data/systems/dronology/corpus/req/RE-555.txt,/Users/loganfecko/Desktop/Summer_Research/traceXplainer/dvc-data/systems/dronology/corpus/src/DroneFleetManager.java,24.764036178588867,0.03881379427774,0.9348645795288344,0.0651354204711655,447.76703,0.0022283276974577,1
/Users/loganfecko/Desktop/Summer_Research/traceXplainer/dvc-data/systems/dronology/corpus/req/RE-555.txt,/Users/loganfecko/Desktop/Summer_Research/traceXplainer/dvc-data/systems/dronology/corpus/src/FlightZoneManager2.java,35.01850891113281,0.0277635035494463,0.8722523953153999,0.1277476046846001,630.4066,0.0015837654758845,1
/Users/loganfecko/Desktop/Summer_Research/traceXplainer/dvc-data/systems/dronology/corpus/req/RE-555.txt,/Users/loganfecko/Desktop/Summer_Research/traceXplainer/dvc-data/systems/dronology/corpus/src/ManagedHashTableList.java,19.45061492919922,0.0488982851352899,1.0395680938474754,-0.0395680938474753,343.10706,0.0029060723502753,1
/Users/loganfecko/Desktop/Summer_Research/traceXplainer/dvc-data/systems/dronology/corpus/req/RE-555.txt,/Users/loganfecko/Desktop/Summer_Research/traceXplainer/dvc-data/systems/dronology/corpus/src/FlightInfo.java,16.705976486206055,0.0564781050499562,0.9131550267623813,0.0868449732376188,302.01553,0.0033001608485989,1
/Users/loganfecko/Desktop/Summer_Research/traceXplainer/dvc-data/systems/dronology/corpus/req/RE-555.txt,/Users/loganfecko/Desktop/Summer_Research/traceXplainer/dvc-data/systems/dronology/corpus/src/PlanPool.java,21.7867374420166,0.0438851767412781,0.7787639188684258,0.2212360811315742,390.44427,0.0025546420374891,1
/Users/loganfecko/Desktop/Summer_Research/traceXplainer/dvc-data/systems/dronology/corpus/req/RE-555.txt,/Users/loganfecko/Desktop/Summer_Research/traceXplainer/dvc-data/systems/dronology/corpus/src/IDroneSetupRemoteService.java,14.426759719848633,0.0648224266249096,0.8319923986936415,0.1680076013063585,257.51526,0.0038682436181299,1
/Users/loganfecko/Desktop/Summer_Research/traceXplainer/dvc-data/systems/dronology/corpus/req/RE-555.txt,/Users/loganfecko/Desktop/Summer_Research/traceXplainer/dvc-data/systems/dronology/corpus/src/IStartstrategy.java,7.559108257293701,0.1168346012153594,0.6081426532597951,0.3918573467402049,134.78136,0.0073647813181605,1
/Users/loganfecko/Desktop/Summer_Research/traceXplainer/dvc-data/systems/dronology/corpus/req/RE-555.txt,/Users/loganfecko/Desktop/Summer_Research/traceXplainer/dvc-data/systems/dronology/corpus/src/IPlanStatusChangeListener.java,7.245203495025635,0.1212826342737694,0.5097621648175031,0.4902378351824968,130.12727,0.0076261785428315,1
/Users/loganfecko/Desktop/Summer_Research/traceXplainer/dvc-data/systems/dronology/corpus/req/RE-555.txt,/Users/loganfecko/Desktop/Summer_Research/traceXplainer/dvc-data/systems/dronology/corpus/src/FlightManagerService.java,17.813385009765625,0.0531536456347925,0.8587319110098561,0.1412680889901438,319.69952,0.0031181836123692,1
/Users/loganfecko/Desktop/Summer_Research/traceXplainer/dvc-data/systems/dronology/corpus/req/RE-555.txt,/Users/loganfecko/Desktop/Summer_Research/traceXplainer/dvc-data/systems/dronology/corpus/src/FlightManagerServiceRemoteFacade.java,18.430383682250977,0.0514657876217579,0.8762076355250252,0.1237923644749747,334.42245,0.0029813150121238,1
/Users/loganfecko/Desktop/Summer_Research/traceXplainer/dvc-data/systems/dronology/corpus/req/RE-555.txt,/Users/loganfecko/Desktop/Summer_Research/traceXplainer/dvc-data/systems/dronology/corpus/src/RemoteInfoFactory.java,22.045175552368164,0.0433930302560545,0.8587490270581659,0.141250972941834,391.66318,0.0025467119336008,1
/Users/loganfecko/Desktop/Summer_Research/traceXplainer/dvc-data/systems/dronology/corpus/req/RE-555.txt,/Users/loganfecko/Desktop/Summer_Research/traceXplainer/dvc-data/systems/dronology/corpus/src/SoloDirector.java,25.291248321533203,0.0380354705022117,0.936263382550216,0.0637366174497838,446.72388,0.0022335194781329,1
/Users/loganfecko/Desktop/Summer_Research/traceXplainer/dvc-data/systems/dronology/corpus/req/RE-555.txt,/Users/loganfecko/Desktop/Summer_Research/traceXplainer/dvc-data/systems/dronology/corpus/src/IStopStrategy.java,7.572667598724365,0.1166498045659442,0.5617629914338187,0.4382370085661813,136.01346,0.0072985530965951,1
/Users/loganfecko/Desktop/Summer_Research/traceXplainer/dvc-data/systems/dronology/corpus/req/RE-555.txt,/Users/loganfecko/Desktop/Summer_Research/traceXplainer/dvc-data/systems/dronology/corpus/src/FlightManagerServiceInstance.java,21.031230926513672,0.0453901102183329,0.976178686397784,0.023821313602216,378.32025,0.0026362947829393,1
/Users/loganfecko/Desktop/Summer_Research/traceXplainer/dvc-data/systems/dronology/corpus/req/RE-555.txt,/Users/loganfecko/Desktop/Summer_Research/traceXplainer/dvc-data/systems/dronology/corpus/src/LandingStrategy.java,8.823816299438477,0.1017934343964839,0.5824336992323258,0.4175663007676742,156.86786,0.0063344116215421,1
/Users/loganfecko/Desktop/Summer_Research/traceXplainer/dvc-data/systems/dronology/corpus/req/RE-555.txt,/Users/loganfecko/Desktop/Summer_Research/traceXplainer/dvc-data/systems/dronology/corpus/src/DroneSetupServiceRemoteFacade.java,18.323652267456055,0.0517500514995372,1.0018335958043847,-0.0018335958043846,329.88483,0.0030221996278695,1
/Users/loganfecko/Desktop/Summer_Research/traceXplainer/dvc-data/systems/dronology/corpus/req/RE-555.txt,/Users/loganfecko/Desktop/Summer_Research/traceXplainer/dvc-data/systems/dronology/corpus/src/Waypoint.java,19.057519912719727,0.049856612599738,0.8628124145920675,0.1371875854079325,341.27563,0.002921621928142,1
/Users/loganfecko/Desktop/Summer_Research/traceXplainer/dvc-data/systems/dronology/corpus/req/RE-555.txt,/Users/loganfecko/Desktop/Summer_Research/traceXplainer/dvc-data/systems/dronology/corpus/src/DroneSetupServiceInstance.java,24.89810562133789,0.0386128628333372,0.9110685966183408,0.0889314033816592,447.2309,0.0022309930192958,1
/Users/loganfecko/Desktop/Summer_Research/traceXplainer/dvc-data/systems/dronology/corpus/req/RE-555.txt,/Users/loganfecko/Desktop/Summer_Research/traceXplainer/dvc-data/systems/dronology/corpus/src/FlightInfoCreator.java,21.434783935546875,0.044573640774652,0.8551199094081647,0.1448800905918352,385.9087,0.0025845891348819,1
/Users/loganfecko/Desktop/Summer_Research/traceXplainer/dvc-data/systems/dronology/corpus/req/RE-555.txt,/Users/loganfecko/Desktop/Summer_Research/traceXplainer/dvc-data/systems/dronology/corpus/src/IDroneSetupServiceInstance.java,14.590117454528809,0.0641431985946653,0.9343808578999936,0.0656191421000063,259.18323,0.003843445288378,1
/Users/loganfecko/Desktop/Summer_Research/traceXplainer/dvc-data/systems/dronology/corpus/req/RE-555.txt,/Users/loganfecko/Desktop/Summer_Research/traceXplainer/dvc-data/systems/dronology/corpus/src/IFlightManagerServiceInstance.java,14.15778923034668,0.0659726814249368,0.8947069757203319,0.1052930242796681,257.28253,0.0038717291226388,1
/Users/loganfecko/Desktop/Summer_Research/traceXplainer/dvc-data/systems/dronology/corpus/req/RE-555.txt,/Users/loganfecko/Desktop/Summer_Research/traceXplainer/dvc-data/systems/dronology/corpus/src/DroneSetupService.java,19.076152801513672,0.0498103401526513,0.9732689425937214,0.0267310574062785,339.68408,0.002935270688427,1
/Users/loganfecko/Desktop/Summer_Research/traceXplainer/dvc-data/systems/dronology/corpus/req/RE-555.txt,/Users/loganfecko/Desktop/Summer_Research/traceXplainer/dvc-data/systems/dronology/corpus/src/IManagedDroneStateChangeListener.java,7.9310832023620605,0.1119685011707788,0.6440670529856152,0.3559329470143848,143.37175,0.0069265628548904,1
/Users/loganfecko/Desktop/Summer_Research/traceXplainer/dvc-data/systems/dronology/corpus/req/RE-555.txt,/Users/loganfecko/Desktop/Summer_Research/traceXplainer/dvc-data/systems/dronology/corpus/src/FlightPlan.java,22.89180564880371,0.0418553547061049,0.8055370014809765,0.1944629985190235,407.81763,0.0024460784811381,1
/Users/loganfecko/Desktop/Summer_Research/traceXplainer/dvc-data/systems/dronology/corpus/req/RE-555.txt,/Users/loganfecko/Desktop/Summer_Research/traceXplainer/dvc-data/systems/dronology/corpus/src/DroneInitializationInfo.java,18.379018783569336,0.0516021998414005,1.050017810079569,-0.0500178100795689,324.67084,0.003070585036033,1
/Users/loganfecko/Desktop/Summer_Research/traceXplainer/dvc-data/systems/dronology/corpus/req/RE-555.txt,/Users/loganfecko/Desktop/Summer_Research/traceXplainer/dvc-data/systems/dronology/corpus/src/PlanPoolManager.java,23.266157150268555,0.0412096564696043,0.7494144475423474,0.2505855524576525,416.08148,0.0023976130404159,1
/Users/loganfecko/Desktop/Summer_Research/traceXplainer/dvc-data/systems/dronology/corpus/req/RE-555.txt,/Users/loganfecko/Desktop/Summer_Research/traceXplainer/dvc-data/systems/dronology/corpus/src/DroneFlightStateManager.java,28.274370193481445,0.0341595734900787,0.6602252943620723,0.3397747056379276,494.8901,0.0020165758249557,1
/Users/loganfecko/Desktop/Summer_Research/traceXplainer/dvc-data/systems/dronology/corpus/req/RE-555.txt,/Users/loganfecko/Desktop/Summer_Research/traceXplainer/dvc-data/systems/dronology/corpus/src/IFlightPlan.java,13.810047149658203,0.0675217296673548,0.7190513644284886,0.2809486355715114,248.16197,0.0040134535450529,1
/Users/loganfecko/Desktop/Summer_Research/traceXplainer/dvc-data/systems/dronology/corpus/req/RE-555.txt,/Users/loganfecko/Desktop/Summer_Research/traceXplainer/dvc-data/systems/dronology/corpus/src/IFlightManagerRemoteService.java,15.156569480895996,0.0618943273312091,0.926823487020234,0.0731765129797659,270.26752,0.0036863978803212,1
/Users/loganfecko/Desktop/Summer_Research/traceXplainer/dvc-data/systems/dronology/corpus/req/RE-555.txt,/Users/loganfecko/Desktop/Summer_Research/traceXplainer/dvc-data/systems/dronology/corpus/src/DronologyServiceRunner.java,22.928775787353516,0.0417906878683073,1.172534757351638,-0.172534757351638,409.88315,0.002433781975233,1
/Users/loganfecko/Desktop/Summer_Research/traceXplainer/dvc-data/systems/dronology/corpus/req/RE-555.txt,/Users/loganfecko/Desktop/Summer_Research/traceXplainer/dvc-data/systems/dronology/corpus/src/FlightPlanFactory.java,13.035137176513672,0.0712497489282395,0.8805702101479278,0.1194297898520722,234.35837,0.0042488397962558,1
/Users/loganfecko/Desktop/Summer_Research/traceXplainer/dvc-data/systems/dronology/corpus/req/RE-555.txt,/Users/loganfecko/Desktop/Summer_Research/traceXplainer/dvc-data/systems/dronology/corpus/src/DroneSimulatorServiceInstance.java,27.7238712310791,0.0348142488160859,1.0377118384595252,-0.0377118384595251,486.66565,0.0020505852753859,1
/Users/loganfecko/Desktop/Summer_Research/traceXplainer/dvc-data/systems/dronology/corpus/req/RE-555.txt,/Users/loganfecko/Desktop/Summer_Research/traceXplainer/dvc-data/systems/dronology/corpus/src/DummyLockObject.java,12.137383460998535,0.0761186581002784,1.0744263952766122,-0.0744263952766122,213.73172,0.0046569738282561,1
/Users/loganfecko/Desktop/Summer_Research/traceXplainer/dvc-data/systems/dronology/corpus/req/RE-555.txt,/Users/loganfecko/Desktop/Summer_Research/traceXplainer/dvc-data/systems/dronology/corpus/src/DroneException.java,13.249478340148926,0.0701780076525628,1.336391879342441,-0.3363918793424409,235.55368,0.0042273702874748,1
/Users/loganfecko/Desktop/Summer_Research/traceXplainer/dvc-data/systems/dronology/corpus/req/RE-555.txt,/Users/loganfecko/Desktop/Summer_Research/traceXplainer/dvc-data/systems/dronology/corpus/src/PhysicalDrone.java,23.77593040466309,0.0403617536724994,0.9753643927026656,0.0246356072973342,427.2169,0.0023352652056103,1
/Users/loganfecko/Desktop/Summer_Research/traceXplainer/dvc-data/systems/dronology/corpus/req/RE-541.txt,/Users/loganfecko/Desktop/Summer_Research/traceXplainer/dvc-data/systems/dronology/corpus/src/FullMissionPlan.java,20.09597396850586,0.0474024096490116,0.6113189649523749,0.3886810350476251,354.76776,0.002810822421181,1
/Users/loganfecko/Desktop/Summer_Research/traceXplainer/dvc-data/systems/dronology/corpus/req/RE-541.txt,/Users/loganfecko/Desktop/Summer_Research/traceXplainer/dvc-data/systems/dronology/corpus/src/TaskList.java,8.339018821716309,0.1070776297906873,0.5403383406704183,0.4596616593295817,149.7696,0.00663263648616,1
/Users/loganfecko/Desktop/Summer_Research/traceXplainer/dvc-data/systems/dronology/corpus/req/RE-541.txt,/Users/loganfecko/Desktop/Summer_Research/traceXplainer/dvc-data/systems/dronology/corpus/src/IMissionTask.java,7.583538055419922,0.1165020756643081,0.6526838812272427,0.3473161187727572,133.53008,0.0074332821077782,1
/Users/loganfecko/Desktop/Summer_Research/traceXplainer/dvc-data/systems/dronology/corpus/req/RE-541.txt,/Users/loganfecko/Desktop/Summer_Research/traceXplainer/dvc-data/systems/dronology/corpus/src/CoordinatedTakeoffPattern.java,17.949222564697266,0.0527726135774571,0.5289796228582598,0.4710203771417401,311.72723,0.003197674815754,1
/Users/loganfecko/Desktop/Summer_Research/traceXplainer/dvc-data/systems/dronology/corpus/req/RE-541.txt,/Users/loganfecko/Desktop/Summer_Research/traceXplainer/dvc-data/systems/dronology/corpus/src/IFlightPattern.java,11.832289695739746,0.0779284152486048,0.4034584078498103,0.5965415921501896,213.2453,0.0046675469596418,1
/Users/loganfecko/Desktop/Summer_Research/traceXplainer/dvc-data/systems/dronology/corpus/req/RE-541.txt,/Users/loganfecko/Desktop/Summer_Research/traceXplainer/dvc-data/systems/dronology/corpus/src/CoordinatedLandingPattern.java,20.506696701049805,0.046497145233428,0.4221649460168549,0.577835053983145,368.6944,0.0027049368564651,1
/Users/loganfecko/Desktop/Summer_Research/traceXplainer/dvc-data/systems/dronology/corpus/req/RE-541.txt,/Users/loganfecko/Desktop/Summer_Research/traceXplainer/dvc-data/systems/dronology/corpus/src/PatternFactory.java,12.84995174407959,0.0722024176313443,0.5110190166887933,0.4889809833112066,224.69604,0.0044307378108736,1
/Users/loganfecko/Desktop/Summer_Research/traceXplainer/dvc-data/systems/dronology/corpus/req/RE-541.txt,/Users/loganfecko/Desktop/Summer_Research/traceXplainer/dvc-data/systems/dronology/corpus/src/SyncConstants.java,15.516788482666016,0.0605444576013961,0.5788483151626144,0.4211516848373856,280.0044,0.0035586632076274,1
/Users/loganfecko/Desktop/Summer_Research/traceXplainer/dvc-data/systems/dronology/corpus/req/RE-541.txt,/Users/loganfecko/Desktop/Summer_Research/traceXplainer/dvc-data/systems/dronology/corpus/src/AbstractFlightPattern.java,13.42623519897461,0.069318154473946,0.4969613764617235,0.5030386235382764,239.37685,0.0041601344527829,1
/Users/loganfecko/Desktop/Summer_Research/traceXplainer/dvc-data/systems/dronology/corpus/req/RE-541.txt,/Users/loganfecko/Desktop/Summer_Research/traceXplainer/dvc-data/systems/dronology/corpus/src/PatternTask.java,6.9683003425598145,0.1254972775886545,0.6095989220929232,0.3904010779070768,121.74963,0.0081466638158647,1
/Users/loganfecko/Desktop/Summer_Research/traceXplainer/dvc-data/systems/dronology/corpus/req/RE-596.txt,/Users/loganfecko/Desktop/Summer_Research/traceXplainer/dvc-data/systems/dronology/corpus/src/VirtualDrone.java,20.99297142028809,0.0454690719543935,0.5841678568847293,0.4158321431152707,373.13177,0.0026728550395406,1
/Users/loganfecko/Desktop/Summer_Research/traceXplainer/dvc-data/systems/dronology/corpus/req/RE-8.txt,/Users/loganfecko/Desktop/Summer_Research/traceXplainer/dvc-data/systems/dronology/corpus/src/FlightZoneManager2.java,35.090240478515625,0.0277083218826235,0.9004407833187276,0.0995592166812724,635.1992,0.0015718346871987,1
/Users/loganfecko/Desktop/Summer_Research/traceXplainer/dvc-data/systems/dronology/corpus/req/RE-8.txt,/Users/loganfecko/Desktop/Summer_Research/traceXplainer/dvc-data/systems/dronology/corpus/src/ModeChangeMessageTypeAdapter.java,17.20423698425293,0.0549322666401795,0.5348617318677029,0.4651382681322971,294.1859,0.0033876955358261,1
/Users/loganfecko/Desktop/Summer_Research/traceXplainer/dvc-data/systems/dronology/corpus/req/RE-8.txt,/Users/loganfecko/Desktop/Summer_Research/traceXplainer/dvc-data/systems/dronology/corpus/src/StatusDispatchThread.java,14.9630765914917,0.0626445656805906,0.7475522544476563,0.2524477455523437,264.47797,0.003766790946551,1
/Users/loganfecko/Desktop/Summer_Research/traceXplainer/dvc-data/systems/dronology/corpus/req/RE-8.txt,/Users/loganfecko/Desktop/Summer_Research/traceXplainer/dvc-data/systems/dronology/corpus/src/AbstractDrone.java,20.342557907104492,0.0468547399216436,0.9400099762751742,0.0599900237248257,362.67758,0.0027496883230635,1
/Users/loganfecko/Desktop/Summer_Research/traceXplainer/dvc-data/systems/dronology/corpus/req/RE-8.txt,/Users/loganfecko/Desktop/Summer_Research/traceXplainer/dvc-data/systems/dronology/corpus/src/UAVMessageFactory.java,22.617733001708984,0.0423410663473771,0.8124346456661172,0.1875653543338827,390.30658,0.0025555409802926,1
/Users/loganfecko/Desktop/Summer_Research/traceXplainer/dvc-data/systems/dronology/corpus/req/RE-8.txt,/Users/loganfecko/Desktop/Summer_Research/traceXplainer/dvc-data/systems/dronology/corpus/src/SoloDirector.java,25.002676010131836,0.0384575802740592,0.942515658078234,0.0574843419217661,438.98984,0.002272779765435,1
/Users/loganfecko/Desktop/Summer_Research/traceXplainer/dvc-data/systems/dronology/corpus/req/RE-8.txt,/Users/loganfecko/Desktop/Summer_Research/traceXplainer/dvc-data/systems/dronology/corpus/src/ManagedDrone.java,36.15357971191406,0.026915306889778,0.8986375038590706,0.1013624961409294,651.8418,0.0015317646706855,1
/Users/loganfecko/Desktop/Summer_Research/traceXplainer/dvc-data/systems/dronology/corpus/req/RE-8.txt,/Users/loganfecko/Desktop/Summer_Research/traceXplainer/dvc-data/systems/dronology/corpus/src/MissionPlanningService.java,15.009407997131348,0.0624632716074938,0.7466187071021593,0.2533812928978407,269.4077,0.003698119340189,1
/Users/loganfecko/Desktop/Summer_Research/traceXplainer/dvc-data/systems/dronology/corpus/req/RE-8.txt,/Users/loganfecko/Desktop/Summer_Research/traceXplainer/dvc-data/systems/dronology/corpus/src/DroneFlightStateManager.java,27.13447952270508,0.0355435756041969,0.4861127296318696,0.5138872703681304,477.68402,0.0020890607501773,1
/Users/loganfecko/Desktop/Summer_Research/traceXplainer/dvc-data/systems/dronology/corpus/req/RE-8.txt,/Users/loganfecko/Desktop/Summer_Research/traceXplainer/dvc-data/systems/dronology/corpus/src/IMissionPlanningServiceInstance.java,11.120258331298828,0.0825064922434568,0.6827845562370143,0.3172154437629857,196.59161,0.0050609435335974,1
/Users/loganfecko/Desktop/Summer_Research/traceXplainer/dvc-data/systems/dronology/corpus/req/RE-8.txt,/Users/loganfecko/Desktop/Summer_Research/traceXplainer/dvc-data/systems/dronology/corpus/src/MissionPlanningServiceInstance.java,21.52399253845215,0.0443971022585288,0.8064343728189489,0.193565627181051,380.49442,0.0026212703513828,1
/Users/loganfecko/Desktop/Summer_Research/traceXplainer/dvc-data/systems/dronology/corpus/req/RE-8.txt,/Users/loganfecko/Desktop/Summer_Research/traceXplainer/dvc-data/systems/dronology/corpus/src/UAVModeChangeMessage.java,11.123306274414062,0.0824857491318581,0.5324749822272056,0.4675250177727944,198.60449,0.0050099072873602,1
/Users/loganfecko/Desktop/Summer_Research/traceXplainer/dvc-data/systems/dronology/corpus/req/RE-8.txt,/Users/loganfecko/Desktop/Summer_Research/traceXplainer/dvc-data/systems/dronology/corpus/src/PhysicalDrone.java,22.292640686035156,0.0429320150290876,0.8150918484415928,0.1849081515584072,397.71295,0.0025080700183834,1
/Users/loganfecko/Desktop/Summer_Research/traceXplainer/dvc-data/systems/dronology/corpus/req/RE-597.txt,/Users/loganfecko/Desktop/Summer_Research/traceXplainer/dvc-data/systems/dronology/corpus/src/DroneVoltageSimulator.java,19.170265197753903,0.0495779301955512,0.5563468891070402,0.4436531108929598,330.9625,0.0030123885028765,1
/Users/loganfecko/Desktop/Summer_Research/traceXplainer/dvc-data/systems/dronology/corpus/req/RE-634.txt,/Users/loganfecko/Desktop/Summer_Research/traceXplainer/dvc-data/systems/dronology/corpus/src/FlightRouteplanningServiceInstance.java,22.32732582092285,0.0428681799052626,0.5720891840605686,0.4279108159394313,390.57263,0.0025538046295814,1
/Users/loganfecko/Desktop/Summer_Research/traceXplainer/dvc-data/systems/dronology/corpus/req/RE-634.txt,/Users/loganfecko/Desktop/Summer_Research/traceXplainer/dvc-data/systems/dronology/corpus/src/FlightRouteplanningServiceRemoteFacade.java,17.670713424682617,0.0535598173060705,0.5548908189541575,0.4451091810458425,310.76593,0.0032075345738906,1
/Users/loganfecko/Desktop/Summer_Research/traceXplainer/dvc-data/systems/dronology/corpus/req/RE-634.txt,/Users/loganfecko/Desktop/Summer_Research/traceXplainer/dvc-data/systems/dronology/corpus/src/IFlightRouteplanningServiceInstance.java,8.92436408996582,0.1007621234907197,0.5423689218114481,0.4576310781885518,159.6701,0.0062239331960451,1
/Users/loganfecko/Desktop/Summer_Research/traceXplainer/dvc-data/systems/dronology/corpus/req/RE-634.txt,/Users/loganfecko/Desktop/Summer_Research/traceXplainer/dvc-data/systems/dronology/corpus/src/AbstractFileTransmitServerService.java,16.38506317138672,0.0575206422974553,0.7097112145856337,0.2902887854143663,293.0074,0.0034012751044889,1
/Users/loganfecko/Desktop/Summer_Research/traceXplainer/dvc-data/systems/dronology/corpus/req/RE-634.txt,/Users/loganfecko/Desktop/Summer_Research/traceXplainer/dvc-data/systems/dronology/corpus/src/FlightRouteplanningService.java,13.381596565246582,0.0695333091470887,0.5098825545148458,0.4901174454851542,238.53911,0.0041746836547719,1
/Users/loganfecko/Desktop/Summer_Research/traceXplainer/dvc-data/systems/dronology/corpus/req/RE-595.txt,/Users/loganfecko/Desktop/Summer_Research/traceXplainer/dvc-data/systems/dronology/corpus/src/SimpleSimulator.java,14.00190544128418,0.0666581991143652,0.4424907310799274,0.5575092689200726,246.56335,0.0040393700515621,1
/Users/loganfecko/Desktop/Summer_Research/traceXplainer/dvc-data/systems/dronology/corpus/req/RE-595.txt,/Users/loganfecko/Desktop/Summer_Research/traceXplainer/dvc-data/systems/dronology/corpus/src/FlightSimulator.java,24.285322189331055,0.0395486358651954,0.5216342639319442,0.4783657360680557,430.67468,0.00231655929863,1
/Users/loganfecko/Desktop/Summer_Research/traceXplainer/dvc-data/systems/dronology/corpus/req/RE-595.txt,/Users/loganfecko/Desktop/Summer_Research/traceXplainer/dvc-data/systems/dronology/corpus/src/NVECSimulator.java,16.241573333740234,0.0579993473126427,0.475200990899678,0.524799009100322,288.2005,0.0034578086770652,1
/Users/loganfecko/Desktop/Summer_Research/traceXplainer/dvc-data/systems/dronology/corpus/req/RE-595.txt,/Users/loganfecko/Desktop/Summer_Research/traceXplainer/dvc-data/systems/dronology/corpus/src/NvecInterpolator.java,22.631471633911133,0.042316450515295,0.7068724033770268,0.2931275966229731,409.28854,0.0024373090971029,1
/Users/loganfecko/Desktop/Summer_Research/traceXplainer/dvc-data/systems/dronology/corpus/req/RE-594.txt,/Users/loganfecko/Desktop/Summer_Research/traceXplainer/dvc-data/systems/dronology/corpus/src/VirtualDrone.java,21.272994995117188,0.0448974195082082,0.6113308906627553,0.3886691093372447,377.26227,0.002643668386783,1
/Users/loganfecko/Desktop/Summer_Research/traceXplainer/dvc-data/systems/dronology/corpus/req/RE-77.txt,/Users/loganfecko/Desktop/Summer_Research/traceXplainer/dvc-data/systems/dronology/corpus/src/VirtualDrone.java,21.694581985473633,0.0440633804420844,0.6392762959024093,0.3607237040975907,385.07605,0.0025901632605956,1
/Users/loganfecko/Desktop/Summer_Research/traceXplainer/dvc-data/systems/dronology/corpus/req/RE-77.txt,/Users/loganfecko/Desktop/Summer_Research/traceXplainer/dvc-data/systems/dronology/corpus/src/CommandIds.java,16.216442108154297,0.0580840102570533,0.6481610932789201,0.3518389067210798,289.71957,0.0034397408689355,1
/Users/loganfecko/Desktop/Summer_Research/traceXplainer/dvc-data/systems/dronology/corpus/req/RE-77.txt,/Users/loganfecko/Desktop/Summer_Research/traceXplainer/dvc-data/systems/dronology/corpus/src/GoToCommand.java,11.364980697631836,0.0808735593248052,0.5869485897616618,0.4130514102383382,203.29362,0.0048949153484232,1
/Users/loganfecko/Desktop/Summer_Research/traceXplainer/dvc-data/systems/dronology/corpus/req/RE-77.txt,/Users/loganfecko/Desktop/Summer_Research/traceXplainer/dvc-data/systems/dronology/corpus/src/DroneFleetManager.java,23.239585876464844,0.0412548302226127,0.7640016947072811,0.2359983052927189,417.7879,0.0023878435676808,1
/Users/loganfecko/Desktop/Summer_Research/traceXplainer/dvc-data/systems/dronology/corpus/req/RE-77.txt,/Users/loganfecko/Desktop/Summer_Research/traceXplainer/dvc-data/systems/dronology/corpus/src/SetMonitoringFrequencyCommand.java,9.675629615783691,0.0936712902180046,0.5399040850472946,0.4600959149527054,174.60912,0.0056944652137218,1
/Users/loganfecko/Desktop/Summer_Research/traceXplainer/dvc-data/systems/dronology/corpus/req/RE-77.txt,/Users/loganfecko/Desktop/Summer_Research/traceXplainer/dvc-data/systems/dronology/corpus/src/LlaCoordinate.java,25.31728172302246,0.037997845314138,0.740966720026583,0.2590332799734169,451.80817,0.0022084407348942,1
/Users/loganfecko/Desktop/Summer_Research/traceXplainer/dvc-data/systems/dronology/corpus/req/RE-77.txt,/Users/loganfecko/Desktop/Summer_Research/traceXplainer/dvc-data/systems/dronology/corpus/src/FlightZoneManager2.java,34.80301284790039,0.027930610316183,0.8663959260301421,0.1336040739698578,624.3619,0.0015990741298324,1
/Users/loganfecko/Desktop/Summer_Research/traceXplainer/dvc-data/systems/dronology/corpus/req/RE-77.txt,/Users/loganfecko/Desktop/Summer_Research/traceXplainer/dvc-data/systems/dronology/corpus/src/SetGimbalRotationCommand.java,9.30584716796875,0.0970322947450711,0.6250970776865774,0.3749029223134226,165.33304,0.0060120347108405,1
/Users/loganfecko/Desktop/Summer_Research/traceXplainer/dvc-data/systems/dronology/corpus/req/RE-77.txt,/Users/loganfecko/Desktop/Summer_Research/traceXplainer/dvc-data/systems/dronology/corpus/src/TakeoffCommand.java,8.846075057983398,0.1015633127018648,0.5540475805770099,0.4459524194229901,157.64844,0.0063032451863889,1
/Users/loganfecko/Desktop/Summer_Research/traceXplainer/dvc-data/systems/dronology/corpus/req/RE-77.txt,/Users/loganfecko/Desktop/Summer_Research/traceXplainer/dvc-data/systems/dronology/corpus/src/ManagedHashTableList.java,17.36478042602539,0.0544520531583848,0.851726645445424,0.148273354554576,308.27142,0.003233405754728,1
/Users/loganfecko/Desktop/Summer_Research/traceXplainer/dvc-data/systems/dronology/corpus/req/RE-77.txt,/Users/loganfecko/Desktop/Summer_Research/traceXplainer/dvc-data/systems/dronology/corpus/src/RemoteRMIRemoteObject.java,21.57555770874023,0.0442956941707289,0.8988096364613088,0.1011903635386911,388.89264,0.0025648086154025,1
/Users/loganfecko/Desktop/Summer_Research/traceXplainer/dvc-data/systems/dronology/corpus/req/RE-77.txt,/Users/loganfecko/Desktop/Summer_Research/traceXplainer/dvc-data/systems/dronology/corpus/src/SetStateFrequencyCommand.java,10.501412391662598,0.0869458433405016,0.6221287602769462,0.3778712397230538,189.4554,0.0052505731397643,1
/Users/loganfecko/Desktop/Summer_Research/traceXplainer/dvc-data/systems/dronology/corpus/req/RE-77.txt,/Users/loganfecko/Desktop/Summer_Research/traceXplainer/dvc-data/systems/dronology/corpus/src/IUAVPropertyUpdateNotifier.java,11.602510452270508,0.0793492696385613,0.4302480997146077,0.5697519002853922,207.75372,0.0047903337240488,1
/Users/loganfecko/Desktop/Summer_Research/traceXplainer/dvc-data/systems/dronology/corpus/req/RE-77.txt,/Users/loganfecko/Desktop/Summer_Research/traceXplainer/dvc-data/systems/dronology/corpus/src/InfoNotification.java,7.9243974685668945,0.1120523826423189,0.7099536310289611,0.2900463689710388,141.44801,0.0070201049266598,1
/Users/loganfecko/Desktop/Summer_Research/traceXplainer/dvc-data/systems/dronology/corpus/req/RE-77.txt,/Users/loganfecko/Desktop/Summer_Research/traceXplainer/dvc-data/systems/dronology/corpus/src/DronologyPersistenceUtil.java,15.026813507080078,0.0623954349726622,0.4601824099129066,0.5398175900870934,270.04633,0.0036894062204235,1
/Users/loganfecko/Desktop/Summer_Research/traceXplainer/dvc-data/systems/dronology/corpus/req/RE-77.txt,/Users/loganfecko/Desktop/Summer_Research/traceXplainer/dvc-data/systems/dronology/corpus/src/FlightInfo.java,15.539862632751465,0.0604599942698343,0.8700063789843538,0.1299936210156461,273.86914,0.0036380948320578,1
/Users/loganfecko/Desktop/Summer_Research/traceXplainer/dvc-data/systems/dronology/corpus/req/RE-77.txt,/Users/loganfecko/Desktop/Summer_Research/traceXplainer/dvc-data/systems/dronology/corpus/src/RuntimeDroneTypes.java,23.147289276123047,0.0414125158548874,0.7750335512522671,0.2249664487477328,414.09326,0.0024090971649584,1
/Users/loganfecko/Desktop/Summer_Research/traceXplainer/dvc-data/systems/dronology/corpus/req/RE-77.txt,/Users/loganfecko/Desktop/Summer_Research/traceXplainer/dvc-data/systems/dronology/corpus/src/FlightRouteInfo.java,18.58155059814453,0.0510684787186749,0.6272048938846225,0.3727951061153775,331.54883,0.0030070772031832,1
/Users/loganfecko/Desktop/Summer_Research/traceXplainer/dvc-data/systems/dronology/corpus/req/RE-77.txt,/Users/loganfecko/Desktop/Summer_Research/traceXplainer/dvc-data/systems/dronology/corpus/src/PlanPool.java,21.93840789794922,0.0435950046946982,0.8512591274588575,0.1487408725411425,386.43655,0.0025810677639775,1
/Users/loganfecko/Desktop/Summer_Research/traceXplainer/dvc-data/systems/dronology/corpus/req/RE-77.txt,/Users/loganfecko/Desktop/Summer_Research/traceXplainer/dvc-data/systems/dronology/corpus/src/DronologyConstants.java,20.126968383789062,0.0473328677278331,0.7016618302616561,0.2983381697383439,358.29596,0.0027832208340659,1
/Users/loganfecko/Desktop/Summer_Research/traceXplainer/dvc-data/systems/dronology/corpus/req/RE-77.txt,/Users/loganfecko/Desktop/Summer_Research/traceXplainer/dvc-data/systems/dronology/corpus/src/FlightRouteplanningServiceInstance.java,23.252779006958008,0.0412323882435536,0.6528169419949468,0.3471830580050532,406.46625,0.0024541910059831,1
/Users/loganfecko/Desktop/Summer_Research/traceXplainer/dvc-data/systems/dronology/corpus/req/RE-77.txt,/Users/loganfecko/Desktop/Summer_Research/traceXplainer/dvc-data/systems/dronology/corpus/src/IDroneSetupRemoteService.java,13.057920455932615,0.0711342764482628,0.7467855971548139,0.2532144028451861,229.36945,0.0043408534344644,1
/Users/loganfecko/Desktop/Summer_Research/traceXplainer/dvc-data/systems/dronology/corpus/req/RE-77.txt,/Users/loganfecko/Desktop/Summer_Research/traceXplainer/dvc-data/systems/dronology/corpus/src/PhysicalDroneFleetFactory.java,16.59682273864746,0.0568284408414096,0.6452716500814869,0.3547283499185131,304.04968,0.0032781545334532,1
/Users/loganfecko/Desktop/Summer_Research/traceXplainer/dvc-data/systems/dronology/corpus/req/RE-77.txt,/Users/loganfecko/Desktop/Summer_Research/traceXplainer/dvc-data/systems/dronology/corpus/src/IStartstrategy.java,5.339300632476807,0.1577461076505679,0.6240376308979754,0.3759623691020246,94.02571,0.0105234676894247,1
/Users/loganfecko/Desktop/Summer_Research/traceXplainer/dvc-data/systems/dronology/corpus/req/RE-77.txt,/Users/loganfecko/Desktop/Summer_Research/traceXplainer/dvc-data/systems/dronology/corpus/src/IPlanStatusChangeListener.java,5.638655185699463,0.150632917665935,0.5565158298657934,0.4434841701342066,100.39099,0.0098628091910016,1
/Users/loganfecko/Desktop/Summer_Research/traceXplainer/dvc-data/systems/dronology/corpus/req/RE-77.txt,/Users/loganfecko/Desktop/Summer_Research/traceXplainer/dvc-data/systems/dronology/corpus/src/FlightManagerService.java,16.2736759185791,0.0578915573450366,0.7058132176344583,0.2941867823655417,291.81613,0.0034151123934457,1
/Users/loganfecko/Desktop/Summer_Research/traceXplainer/dvc-data/systems/dronology/corpus/req/RE-77.txt,/Users/loganfecko/Desktop/Summer_Research/traceXplainer/dvc-data/systems/dronology/corpus/src/FlightPlanInfo.java,15.316864967346191,0.0612862827510818,0.7443370885541862,0.2556629114458137,272.27182,0.0036593601189828,1
/Users/loganfecko/Desktop/Summer_Research/traceXplainer/dvc-data/systems/dronology/corpus/req/RE-77.txt,/Users/loganfecko/Desktop/Summer_Research/traceXplainer/dvc-data/systems/dronology/corpus/src/IFlightRoute.java,11.02401065826416,0.083166925614183,0.6473119036922148,0.3526880963077852,200.44601,0.0049641091334427,1
/Users/loganfecko/Desktop/Summer_Research/traceXplainer/dvc-data/systems/dronology/corpus/req/RE-77.txt,/Users/loganfecko/Desktop/Summer_Research/traceXplainer/dvc-data/systems/dronology/corpus/src/IMissionPlan.java,10.151277542114258,0.0896758237989655,0.8486622731527037,0.1513377268472963,183.1811,0.0054294385490302,1
/Users/loganfecko/Desktop/Summer_Research/traceXplainer/dvc-data/systems/dronology/corpus/req/RE-77.txt,/Users/loganfecko/Desktop/Summer_Research/traceXplainer/dvc-data/systems/dronology/corpus/src/AbstractDrone.java,18.293790817260746,0.0518301462616342,0.629456983559755,0.370543016440245,326.59366,0.0030525621428077,1
/Users/loganfecko/Desktop/Summer_Research/traceXplainer/dvc-data/systems/dronology/corpus/req/RE-77.txt,/Users/loganfecko/Desktop/Summer_Research/traceXplainer/dvc-data/systems/dronology/corpus/src/FlightManagerServiceRemoteFacade.java,16.469547271728516,0.0572424679612808,0.6503929472011737,0.3496070527988263,296.15344,0.0033652647332004,1
/Users/loganfecko/Desktop/Summer_Research/traceXplainer/dvc-data/systems/dronology/corpus/req/RE-77.txt,/Users/loganfecko/Desktop/Summer_Research/traceXplainer/dvc-data/systems/dronology/corpus/src/FlightRoute.java,17.13404083251953,0.0551449072622971,0.503268823950153,0.4967311760498469,309.09778,0.0032247893081228,1
/Users/loganfecko/Desktop/Summer_Research/traceXplainer/dvc-data/systems/dronology/corpus/req/RE-77.txt,/Users/loganfecko/Desktop/Summer_Research/traceXplainer/dvc-data/systems/dronology/corpus/src/RemoteInfoFactory.java,20.932676315307617,0.0455940709480157,0.7428915592362886,0.2571084407637114,375.24216,0.0026578627127281,1
/Users/loganfecko/Desktop/Summer_Research/traceXplainer/dvc-data/systems/dronology/corpus/req/RE-77.txt,/Users/loganfecko/Desktop/Summer_Research/traceXplainer/dvc-data/systems/dronology/corpus/src/IDrone.java,16.410167694091797,0.0574377006339435,0.6025269934963463,0.3974730065036537,294.4426,0.0033847522735881,1
/Users/loganfecko/Desktop/Summer_Research/traceXplainer/dvc-data/systems/dronology/corpus/req/RE-77.txt,/Users/loganfecko/Desktop/Summer_Research/traceXplainer/dvc-data/systems/dronology/corpus/src/SetVelocityCommand.java,9.485708236694336,0.0953679024274715,0.4848312043221655,0.5151687956778345,169.00555,0.0058821607606311,1
/Users/loganfecko/Desktop/Summer_Research/traceXplainer/dvc-data/systems/dronology/corpus/req/RE-77.txt,/Users/loganfecko/Desktop/Summer_Research/traceXplainer/dvc-data/systems/dronology/corpus/src/WorkspaceInitializer.java,32.36701965332031,0.0299697129198199,0.9043062609923938,0.0956937390076062,585.1433,0.0017060674104887,1
/Users/loganfecko/Desktop/Summer_Research/traceXplainer/dvc-data/systems/dronology/corpus/req/RE-77.txt,/Users/loganfecko/Desktop/Summer_Research/traceXplainer/dvc-data/systems/dronology/corpus/src/SoloDirector.java,22.972322463989254,0.0417147734226493,0.6219734726770686,0.3780265273229314,401.78473,0.002482715773443,1
/Users/loganfecko/Desktop/Summer_Research/traceXplainer/dvc-data/systems/dronology/corpus/req/RE-77.txt,/Users/loganfecko/Desktop/Summer_Research/traceXplainer/dvc-data/systems/dronology/corpus/src/RemoteManager.java,20.93521499633789,0.045588794099668,0.932493288345028,0.0675067116549721,376.2932,0.0026504584917881,1
/Users/loganfecko/Desktop/Summer_Research/traceXplainer/dvc-data/systems/dronology/corpus/req/RE-77.txt,/Users/loganfecko/Desktop/Summer_Research/traceXplainer/dvc-data/systems/dronology/corpus/src/IStopStrategy.java,6.014261245727539,0.1425666887741186,0.6220853638496604,0.3779146361503396,107.04109,0.0092557376294402,1
/Users/loganfecko/Desktop/Summer_Research/traceXplainer/dvc-data/systems/dronology/corpus/req/RE-77.txt,/Users/loganfecko/Desktop/Summer_Research/traceXplainer/dvc-data/systems/dronology/corpus/src/FlightManagerServiceInstance.java,18.85572052001953,0.0503633196786664,0.7318567428050136,0.2681432571949864,336.7424,0.0029608364146013,1
/Users/loganfecko/Desktop/Summer_Research/traceXplainer/dvc-data/systems/dronology/corpus/req/RE-77.txt,/Users/loganfecko/Desktop/Summer_Research/traceXplainer/dvc-data/systems/dronology/corpus/src/FlyingFieldDemoScript.java,20.731962203979492,0.0460151729794966,0.7001323595995077,0.2998676404004923,374.50217,0.0026631004786477,1
/Users/loganfecko/Desktop/Summer_Research/traceXplainer/dvc-data/systems/dronology/corpus/req/RE-77.txt,/Users/loganfecko/Desktop/Summer_Research/traceXplainer/dvc-data/systems/dronology/corpus/src/LandingStrategy.java,7.401668071746826,0.1190239832686089,0.5342206004487906,0.4657793995512094,129.43117,0.0076668791545843,1
/Users/loganfecko/Desktop/Summer_Research/traceXplainer/dvc-data/systems/dronology/corpus/req/RE-77.txt,/Users/loganfecko/Desktop/Summer_Research/traceXplainer/dvc-data/systems/dronology/corpus/src/DroneSetupServiceRemoteFacade.java,16.09316062927246,0.0585029311833339,0.7824832943104624,0.2175167056895376,285.25818,0.0034933499699577,1
/Users/loganfecko/Desktop/Summer_Research/traceXplainer/dvc-data/systems/dronology/corpus/req/RE-77.txt,/Users/loganfecko/Desktop/Summer_Research/traceXplainer/dvc-data/systems/dronology/corpus/src/SetGimbalTargetCommand.java,8.912748336791992,0.1008801964928754,0.6620585673394506,0.3379414326605494,159.96619,0.006212484880198,1
/Users/loganfecko/Desktop/Summer_Research/traceXplainer/dvc-data/systems/dronology/corpus/req/RE-77.txt,/Users/loganfecko/Desktop/Summer_Research/traceXplainer/dvc-data/systems/dronology/corpus/src/Waypoint.java,15.97585678100586,0.058907188774053,0.4371921807504271,0.5628078192495729,285.16733,0.0034944590195018,1
/Users/loganfecko/Desktop/Summer_Research/traceXplainer/dvc-data/systems/dronology/corpus/req/RE-77.txt,/Users/loganfecko/Desktop/Summer_Research/traceXplainer/dvc-data/systems/dronology/corpus/src/DroneSetupServiceInstance.java,23.93623733520508,0.0401022811323742,0.8301818362922706,0.1698181637077294,428.63348,0.0023275653260388,1
/Users/loganfecko/Desktop/Summer_Research/traceXplainer/dvc-data/systems/dronology/corpus/req/RE-77.txt,/Users/loganfecko/Desktop/Summer_Research/traceXplainer/dvc-data/systems/dronology/corpus/src/FlightInfoCreator.java,20.182004928588867,0.0472098842093235,0.7170063291040168,0.2829936708959831,357.19873,0.0027917463545763,1
/Users/loganfecko/Desktop/Summer_Research/traceXplainer/dvc-data/systems/dronology/corpus/req/RE-77.txt,/Users/loganfecko/Desktop/Summer_Research/traceXplainer/dvc-data/systems/dronology/corpus/src/IDroneSetupServiceInstance.java,12.600748062133787,0.073525367533579,0.7813595907329417,0.2186404092670583,222.47855,0.0044747024591882,1
/Users/loganfecko/Desktop/Summer_Research/traceXplainer/dvc-data/systems/dronology/corpus/req/RE-77.txt,/Users/loganfecko/Desktop/Summer_Research/traceXplainer/dvc-data/systems/dronology/corpus/src/WatchServiceRunner.java,30.523269653320312,0.0317225976555598,1.078255766212307,-0.0782557662123069,546.28156,0.001827213050655,1
/Users/loganfecko/Desktop/Summer_Research/traceXplainer/dvc-data/systems/dronology/corpus/req/RE-77.txt,/Users/loganfecko/Desktop/Summer_Research/traceXplainer/dvc-data/systems/dronology/corpus/src/IFlightManagerServiceInstance.java,12.40088176727295,0.0746219552837304,0.774797904365944,0.225202095634056,223.00766,0.00446413305863,1
/Users/loganfecko/Desktop/Summer_Research/traceXplainer/dvc-data/systems/dronology/corpus/req/RE-77.txt,/Users/loganfecko/Desktop/Summer_Research/traceXplainer/dvc-data/systems/dronology/corpus/src/IRemoteManager.java,16.958145141601562,0.0556850382996078,0.8555345034901287,0.1444654965098712,302.98978,0.0032895843115098,1
/Users/loganfecko/Desktop/Summer_Research/traceXplainer/dvc-data/systems/dronology/corpus/req/RE-77.txt,/Users/loganfecko/Desktop/Summer_Research/traceXplainer/dvc-data/systems/dronology/corpus/src/DroneSetupService.java,17.14311981201172,0.0551173122572858,0.7885500195368421,0.2114499804631578,300.793,0.0033135294802294,1
/Users/loganfecko/Desktop/Summer_Research/traceXplainer/dvc-data/systems/dronology/corpus/req/RE-77.txt,/Users/loganfecko/Desktop/Summer_Research/traceXplainer/dvc-data/systems/dronology/corpus/src/IManagedDroneStateChangeListener.java,5.441492557525635,0.1552435233091582,0.5446902326407842,0.4553097673592158,98.44614,0.010055694825865,1
/Users/loganfecko/Desktop/Summer_Research/traceXplainer/dvc-data/systems/dronology/corpus/req/RE-77.txt,/Users/loganfecko/Desktop/Summer_Research/traceXplainer/dvc-data/systems/dronology/corpus/src/ManagedDrone.java,35.28080368041992,0.0275627852350933,0.7558581151275512,0.2441418848724488,633.9925,0.0015748217680277,1
/Users/loganfecko/Desktop/Summer_Research/traceXplainer/dvc-data/systems/dronology/corpus/req/RE-77.txt,/Users/loganfecko/Desktop/Summer_Research/traceXplainer/dvc-data/systems/dronology/corpus/src/FlightPlan.java,22.295021057128903,0.0429276280775875,0.7486523971485828,0.2513476028514172,399.28665,0.0024982097104026,1
/Users/loganfecko/Desktop/Summer_Research/traceXplainer/dvc-data/systems/dronology/corpus/req/RE-77.txt,/Users/loganfecko/Desktop/Summer_Research/traceXplainer/dvc-data/systems/dronology/corpus/src/NvecInterpolator.java,21.802888870239254,0.0438540925972379,0.6041289325925205,0.3958710674074794,393.1965,0.0025368058650629,1
/Users/loganfecko/Desktop/Summer_Research/traceXplainer/dvc-data/systems/dronology/corpus/req/RE-77.txt,/Users/loganfecko/Desktop/Summer_Research/traceXplainer/dvc-data/systems/dronology/corpus/src/DroneInitializationInfo.java,14.978533744812012,0.0625839652104928,0.6389861841932885,0.3610138158067115,262.19894,0.003799407339762,1
/Users/loganfecko/Desktop/Summer_Research/traceXplainer/dvc-data/systems/dronology/corpus/req/RE-77.txt,/Users/loganfecko/Desktop/Summer_Research/traceXplainer/dvc-data/systems/dronology/corpus/src/PlanPoolManager.java,23.880525588989254,0.0401920769890224,0.8789496505566969,0.121050349443303,423.99396,0.0023529746301252,1
/Users/loganfecko/Desktop/Summer_Research/traceXplainer/dvc-data/systems/dronology/corpus/req/RE-77.txt,/Users/loganfecko/Desktop/Summer_Research/traceXplainer/dvc-data/systems/dronology/corpus/src/FileManager.java,22.743757247924805,0.0421163335506809,0.9671264601090072,0.0328735398909928,402.37424,0.0024790874283076,1
/Users/loganfecko/Desktop/Summer_Research/traceXplainer/dvc-data/systems/dronology/corpus/req/RE-77.txt,/Users/loganfecko/Desktop/Summer_Research/traceXplainer/dvc-data/systems/dronology/corpus/src/DroneFlightStateManager.java,29.04505729675293,0.0332833447486243,0.7379958800834954,0.2620041199165046,512.91003,0.0019458658782489,1
/Users/loganfecko/Desktop/Summer_Research/traceXplainer/dvc-data/systems/dronology/corpus/req/RE-77.txt,/Users/loganfecko/Desktop/Summer_Research/traceXplainer/dvc-data/systems/dronology/corpus/src/IDroneCommand.java,11.496435165405272,0.0800228214497817,0.8128045576677643,0.1871954423322357,208.00975,0.0047844657880691,1
/Users/loganfecko/Desktop/Summer_Research/traceXplainer/dvc-data/systems/dronology/corpus/req/RE-77.txt,/Users/loganfecko/Desktop/Summer_Research/traceXplainer/dvc-data/systems/dronology/corpus/src/AbstractPosition.java,32.64421463012695,0.0297227921945469,0.5466982451669012,0.4533017548330987,582.8524,0.0017127616001859,1
/Users/loganfecko/Desktop/Summer_Research/traceXplainer/dvc-data/systems/dronology/corpus/req/RE-77.txt,/Users/loganfecko/Desktop/Summer_Research/traceXplainer/dvc-data/systems/dronology/corpus/src/IFlightPlan.java,13.181463241577148,0.0705145853404044,0.7155844562926069,0.2844155437073931,236.86179,0.0042041221386777,1
/Users/loganfecko/Desktop/Summer_Research/traceXplainer/dvc-data/systems/dronology/corpus/req/RE-77.txt,/Users/loganfecko/Desktop/Summer_Research/traceXplainer/dvc-data/systems/dronology/corpus/src/IFlightManagerRemoteService.java,13.105121612548828,0.0708962338268913,0.7494703460863203,0.2505296539136796,232.05038,0.0042909176144603,1
/Users/loganfecko/Desktop/Summer_Research/traceXplainer/dvc-data/systems/dronology/corpus/req/RE-77.txt,/Users/loganfecko/Desktop/Summer_Research/traceXplainer/dvc-data/systems/dronology/corpus/src/DronologyServiceRunner.java,20.20287322998047,0.0471634192759318,0.8932242085609151,0.1067757914390848,359.1183,0.0027768653759259,1
/Users/loganfecko/Desktop/Summer_Research/traceXplainer/dvc-data/systems/dronology/corpus/req/RE-77.txt,/Users/loganfecko/Desktop/Summer_Research/traceXplainer/dvc-data/systems/dronology/corpus/src/FlightPlanFactory.java,11.445639610290527,0.0803494260892113,0.8103241372036631,0.1896758627963368,203.91989,0.0048799557396592,1
/Users/loganfecko/Desktop/Summer_Research/traceXplainer/dvc-data/systems/dronology/corpus/req/RE-77.txt,/Users/loganfecko/Desktop/Summer_Research/traceXplainer/dvc-data/systems/dronology/corpus/src/DroneSimulatorServiceInstance.java,25.419662475585938,0.0378505971044893,0.75731002718211,0.2426899728178899,444.88556,0.0022427279368696,1
/Users/loganfecko/Desktop/Summer_Research/traceXplainer/dvc-data/systems/dronology/corpus/req/RE-77.txt,/Users/loganfecko/Desktop/Summer_Research/traceXplainer/dvc-data/systems/dronology/corpus/src/IDroneCommandHandler.java,10.849945068359377,0.084388576844133,0.9865196221183146,0.0134803778816854,192.1988,0.0051760154048378,1
/Users/loganfecko/Desktop/Summer_Research/traceXplainer/dvc-data/systems/dronology/corpus/req/RE-77.txt,/Users/loganfecko/Desktop/Summer_Research/traceXplainer/dvc-data/systems/dronology/corpus/src/SimulatorFactory.java,12.673235893249512,0.0731355772552495,0.7383132176223708,0.2616867823776292,224.40808,0.0044363981775674,1
/Users/loganfecko/Desktop/Summer_Research/traceXplainer/dvc-data/systems/dronology/corpus/req/RE-77.txt,/Users/loganfecko/Desktop/Summer_Research/traceXplainer/dvc-data/systems/dronology/corpus/src/AbstractDroneCommand.java,15.144098281860352,0.0619421402509428,0.666574521576142,0.3334254784238579,267.18445,0.0037287769911883,1
/Users/loganfecko/Desktop/Summer_Research/traceXplainer/dvc-data/systems/dronology/corpus/req/RE-77.txt,/Users/loganfecko/Desktop/Summer_Research/traceXplainer/dvc-data/systems/dronology/corpus/src/DummyLockObject.java,8.798487663269043,0.102056565703362,0.7586187080444542,0.2413812919555458,154.09315,0.0064477378166572,1
/Users/loganfecko/Desktop/Summer_Research/traceXplainer/dvc-data/systems/dronology/corpus/req/RE-77.txt,/Users/loganfecko/Desktop/Summer_Research/traceXplainer/dvc-data/systems/dronology/corpus/src/DroneException.java,9.570287704467772,0.0946048043306642,0.9787065467275198,0.0212934532724802,172.13297,0.0057759075488157,1
/Users/loganfecko/Desktop/Summer_Research/traceXplainer/dvc-data/systems/dronology/corpus/req/RE-77.txt,/Users/loganfecko/Desktop/Summer_Research/traceXplainer/dvc-data/systems/dronology/corpus/src/SetGroundSpeedCommand.java,9.531937599182127,0.0949492902500349,0.5933857710987791,0.4066142289012209,173.12366,0.005743045005647,1
/Users/loganfecko/Desktop/Summer_Research/traceXplainer/dvc-data/systems/dronology/corpus/req/RE-77.txt,/Users/loganfecko/Desktop/Summer_Research/traceXplainer/dvc-data/systems/dronology/corpus/src/PhysicalDrone.java,21.486787796020508,0.0444705579592373,0.6915768967687395,0.3084231032312605,381.94775,0.0026113222751655,1
/Users/loganfecko/Desktop/Summer_Research/traceXplainer/dvc-data/systems/dronology/corpus/req/RE-547.txt,/Users/loganfecko/Desktop/Summer_Research/traceXplainer/dvc-data/systems/dronology/corpus/src/FlightZoneManager2.java,34.833213806152344,0.0279070698321875,0.8652274613015265,0.1347725386984735,626.13477,0.0015945536028502,1
/Users/loganfecko/Desktop/Summer_Research/traceXplainer/dvc-data/systems/dronology/corpus/req/RE-630.txt,/Users/loganfecko/Desktop/Summer_Research/traceXplainer/dvc-data/systems/dronology/corpus/src/FlightManagerService.java,17.16729164123535,0.0550439779218517,0.7943437746895883,0.2056562253104117,305.87222,0.0032586852943174,1
/Users/loganfecko/Desktop/Summer_Research/traceXplainer/dvc-data/systems/dronology/corpus/req/RE-630.txt,/Users/loganfecko/Desktop/Summer_Research/traceXplainer/dvc-data/systems/dronology/corpus/src/FlightManagerServiceRemoteFacade.java,17.7153377532959,0.0534321107736296,0.8026194754145218,0.1973805245854781,318.77625,0.0031271866352471,1
/Users/loganfecko/Desktop/Summer_Research/traceXplainer/dvc-data/systems/dronology/corpus/req/RE-630.txt,/Users/loganfecko/Desktop/Summer_Research/traceXplainer/dvc-data/systems/dronology/corpus/src/FlightManagerServiceInstance.java,19.84749412536621,0.0479673956968885,0.8408945514429892,0.1591054485570108,356.6789,0.0027958037688404,1
/Users/loganfecko/Desktop/Summer_Research/traceXplainer/dvc-data/systems/dronology/corpus/req/RE-630.txt,/Users/loganfecko/Desktop/Summer_Research/traceXplainer/dvc-data/systems/dronology/corpus/src/IFlightManagerServiceInstance.java,13.292413711547852,0.0699671882008305,0.8066978802682283,0.1933021197317717,240.29189,0.0041443581844529,1
/Users/loganfecko/Desktop/Summer_Research/traceXplainer/dvc-data/systems/dronology/corpus/req/RE-630.txt,/Users/loganfecko/Desktop/Summer_Research/traceXplainer/dvc-data/systems/dronology/corpus/src/DroneSetupService.java,17.207061767578125,0.0549237440266573,0.7488047662502487,0.2511952337497513,308.6598,0.0032293505071286,1
/Users/loganfecko/Desktop/Summer_Research/traceXplainer/dvc-data/systems/dronology/corpus/req/RE-630.txt,/Users/loganfecko/Desktop/Summer_Research/traceXplainer/dvc-data/systems/dronology/corpus/src/IFlightManagerRemoteService.java,15.070079803466797,0.0622274445571994,0.9499569171948592,0.0500430828051409,273.96814,0.0036367849790836,1
/Users/loganfecko/Desktop/Summer_Research/traceXplainer/dvc-data/systems/dronology/corpus/req/RE-626.txt,/Users/loganfecko/Desktop/Summer_Research/traceXplainer/dvc-data/systems/dronology/corpus/src/IDroneSetupRemoteService.java,13.228548049926758,0.0702812399755116,0.7297024336446098,0.2702975663553901,233.16495,0.0042704939856905,1
/Users/loganfecko/Desktop/Summer_Research/traceXplainer/dvc-data/systems/dronology/corpus/req/RE-626.txt,/Users/loganfecko/Desktop/Summer_Research/traceXplainer/dvc-data/systems/dronology/corpus/src/DroneSetupServiceRemoteFacade.java,16.39689826965332,0.057481511042941,0.7951515009557706,0.2048484990442294,294.30127,0.0033863721669309,1
/Users/loganfecko/Desktop/Summer_Research/traceXplainer/dvc-data/systems/dronology/corpus/req/RE-626.txt,/Users/loganfecko/Desktop/Summer_Research/traceXplainer/dvc-data/systems/dronology/corpus/src/DroneSetupServiceInstance.java,23.161876678466797,0.0413875136152485,0.7025991788281203,0.2974008211718797,416.2921,0.0023964028215068,1
/Users/loganfecko/Desktop/Summer_Research/traceXplainer/dvc-data/systems/dronology/corpus/req/RE-626.txt,/Users/loganfecko/Desktop/Summer_Research/traceXplainer/dvc-data/systems/dronology/corpus/src/DroneSetupService.java,17.572284698486328,0.0538436716986953,0.8231966735832689,0.1768033264167311,310.67743,0.0032084453550879,1
/Users/loganfecko/Desktop/Summer_Research/traceXplainer/dvc-data/systems/dronology/corpus/req/RE-424.txt,/Users/loganfecko/Desktop/Summer_Research/traceXplainer/dvc-data/systems/dronology/corpus/src/FlightZoneManager2.java,35.73301315307617,0.0272234677790448,0.9291631558622164,0.0708368441377835,639.52704,0.0015612143434662,1
/Users/loganfecko/Desktop/Summer_Research/traceXplainer/dvc-data/systems/dronology/corpus/req/RE-587.txt,/Users/loganfecko/Desktop/Summer_Research/traceXplainer/dvc-data/systems/dronology/corpus/src/DroneFleetManager.java,22.31560707092285,0.0428897260516588,0.6248316969722473,0.3751683030277527,398.80566,0.002501215189997,1
/Users/loganfecko/Desktop/Summer_Research/traceXplainer/dvc-data/systems/dronology/corpus/req/RE-587.txt,/Users/loganfecko/Desktop/Summer_Research/traceXplainer/dvc-data/systems/dronology/corpus/src/PlanPoolManager.java,22.47587013244629,0.0425969301396793,0.646381231752751,0.353618768247249,395.73254,0.0025205897909344,1
/Users/loganfecko/Desktop/Summer_Research/traceXplainer/dvc-data/systems/dronology/corpus/req/RE-545.txt,/Users/loganfecko/Desktop/Summer_Research/traceXplainer/dvc-data/systems/dronology/corpus/src/FullMissionPlan.java,20.404586791992188,0.0467189584044722,0.6784325866279575,0.3215674133720425,357.0879,0.002792610490834,1
/Users/loganfecko/Desktop/Summer_Research/traceXplainer/dvc-data/systems/dronology/corpus/req/RE-545.txt,/Users/loganfecko/Desktop/Summer_Research/traceXplainer/dvc-data/systems/dronology/corpus/src/MissionController.java,20.208894729614254,0.0471500289264808,0.5728295408678814,0.4271704591321186,359.53882,0.0027736264420859,1
/Users/loganfecko/Desktop/Summer_Research/traceXplainer/dvc-data/systems/dronology/corpus/req/RE-551.txt,/Users/loganfecko/Desktop/Summer_Research/traceXplainer/dvc-data/systems/dronology/corpus/src/FlightZoneManager2.java,34.45235824584961,0.0282068683009844,0.8056409008625085,0.1943590991374915,617.70215,0.0016162866130745,1
/Users/loganfecko/Desktop/Summer_Research/traceXplainer/dvc-data/systems/dronology/corpus/req/RE-551.txt,/Users/loganfecko/Desktop/Summer_Research/traceXplainer/dvc-data/systems/dronology/corpus/src/PlanPoolManager.java,22.078737258911133,0.043329926970501,0.6082539304822352,0.3917460695177648,391.7962,0.0025458494527216,1
