Source,Target,EUC_dist,EUC_sim,COS_dist,COS_sim,MAN_dist,MAN_sim,Linked?
/Users/loganfecko/Desktop/Summer_Research/traceXplainer/dvc-data/systems/dronology/corpus/req/RE-616.txt,/Users/loganfecko/Desktop/Summer_Research/traceXplainer/dvc-data/systems/dronology/corpus/src/GroundstationConnector.java,72.13784790039062,0.0136728113925629,0.8020023014682034,0.1979976985317966,1298.8182,0.0007693383361612,1
/Users/loganfecko/Desktop/Summer_Research/traceXplainer/dvc-data/systems/dronology/corpus/req/RE-616.txt,/Users/loganfecko/Desktop/Summer_Research/traceXplainer/dvc-data/systems/dronology/corpus/src/WriteDispatcher.java,51.36579513549805,0.0190964349421692,0.8099799646910053,0.1900200353089947,941.0077,0.0010615624587351,1
/Users/loganfecko/Desktop/Summer_Research/traceXplainer/dvc-data/systems/dronology/corpus/req/RE-616.txt,/Users/loganfecko/Desktop/Summer_Research/traceXplainer/dvc-data/systems/dronology/corpus/src/ReadDispatcher.java,65.37186431884766,0.0150666251470056,0.8085224418382022,0.1914775581617978,1174.2109,0.0008509110731451,1
/Users/loganfecko/Desktop/Summer_Research/traceXplainer/dvc-data/systems/dronology/corpus/req/RE-616.txt,/Users/loganfecko/Desktop/Summer_Research/traceXplainer/dvc-data/systems/dronology/corpus/src/DispatchQueueManager.java,80.93458557128906,0.012204858217412,0.7708397794536632,0.2291602205463367,1460.6865,0.0006841412190407,1
/Users/loganfecko/Desktop/Summer_Research/traceXplainer/dvc-data/systems/dronology/corpus/req/RE-616.txt,/Users/loganfecko/Desktop/Summer_Research/traceXplainer/dvc-data/systems/dronology/corpus/src/DroneFlightStateManager.java,85.80056762695312,0.0115206619880384,0.8147107445198742,0.1852892554801257,1503.1764,0.0006648156463453,1
/Users/loganfecko/Desktop/Summer_Research/traceXplainer/dvc-data/systems/dronology/corpus/req/RE-616.txt,/Users/loganfecko/Desktop/Summer_Research/traceXplainer/dvc-data/systems/dronology/corpus/src/AbstractDroneCommand.java,47.207305908203125,0.0207437437367732,0.7756757137314498,0.2243242862685501,851.20605,0.0011734251294033,1
/Users/loganfecko/Desktop/Summer_Research/traceXplainer/dvc-data/systems/dronology/corpus/req/RE-616.txt,/Users/loganfecko/Desktop/Summer_Research/traceXplainer/dvc-data/systems/dronology/corpus/src/PhysicalDrone.java,78.22213745117188,0.0126227344044629,0.7905829997241771,0.2094170002758228,1394.3157,0.0007166837001525,1
/Users/loganfecko/Desktop/Summer_Research/traceXplainer/dvc-data/systems/dronology/corpus/req/RE-574.txt,/Users/loganfecko/Desktop/Summer_Research/traceXplainer/dvc-data/systems/dronology/corpus/src/PhysicalDroneFleetFactory.java,59.842899322509766,0.0164357716534727,0.8397064151194289,0.1602935848805711,1081.5507,0.0009237442991885,1
/Users/loganfecko/Desktop/Summer_Research/traceXplainer/dvc-data/systems/dronology/corpus/req/RE-574.txt,/Users/loganfecko/Desktop/Summer_Research/traceXplainer/dvc-data/systems/dronology/corpus/src/PhysicalDrone.java,78.59970092773438,0.0125628612713992,0.8140470516988005,0.1859529483011994,1406.1499,0.0007106563404043,1
/Users/loganfecko/Desktop/Summer_Research/traceXplainer/dvc-data/systems/dronology/corpus/req/RE-549.txt,/Users/loganfecko/Desktop/Summer_Research/traceXplainer/dvc-data/systems/dronology/corpus/src/FlightZoneManager2.java,92.86412048339844,0.0106536980781369,0.8134102190477348,0.1865897809522652,1658.097,0.000602737496563,1
/Users/loganfecko/Desktop/Summer_Research/traceXplainer/dvc-data/systems/dronology/corpus/req/RE-549.txt,/Users/loganfecko/Desktop/Summer_Research/traceXplainer/dvc-data/systems/dronology/corpus/src/PlanPoolManager.java,73.68683624267578,0.0133892403307961,0.7606813667486545,0.2393186332513455,1331.5454,0.0007504434688516,1
/Users/loganfecko/Desktop/Summer_Research/traceXplainer/dvc-data/systems/dronology/corpus/req/RE-80.txt,/Users/loganfecko/Desktop/Summer_Research/traceXplainer/dvc-data/systems/dronology/corpus/src/VirtualDrone.java,63.10601806640625,0.0155991594886476,0.7637357210018167,0.2362642789981832,1133.465,0.0008814727912526,1
/Users/loganfecko/Desktop/Summer_Research/traceXplainer/dvc-data/systems/dronology/corpus/req/RE-80.txt,/Users/loganfecko/Desktop/Summer_Research/traceXplainer/dvc-data/systems/dronology/corpus/src/SoloDirector.java,65.17619323730469,0.0151111744432631,0.7614644329558089,0.2385355670441911,1150.8265,0.0008681862823387,1
/Users/loganfecko/Desktop/Summer_Research/traceXplainer/dvc-data/systems/dronology/corpus/req/RE-80.txt,/Users/loganfecko/Desktop/Summer_Research/traceXplainer/dvc-data/systems/dronology/corpus/src/ManagedDrone.java,82.38418579101562,0.0119926817119289,0.7540305454951675,0.2459694545048325,1488.7871,0.0006712368456587,1
/Users/loganfecko/Desktop/Summer_Research/traceXplainer/dvc-data/systems/dronology/corpus/req/RE-80.txt,/Users/loganfecko/Desktop/Summer_Research/traceXplainer/dvc-data/systems/dronology/corpus/src/PhysicalDrone.java,77.35395050048828,0.0127625983579955,0.746256802725003,0.2537431972749969,1381.7095,0.0007232177256144,1
/Users/loganfecko/Desktop/Summer_Research/traceXplainer/dvc-data/systems/dronology/corpus/req/RE-589.txt,/Users/loganfecko/Desktop/Summer_Research/traceXplainer/dvc-data/systems/dronology/corpus/src/DronologyConstants.java,44.72805404663086,0.021868413621543,0.839055215119215,0.160944784880785,812.43744,0.0012293508413782,1
/Users/loganfecko/Desktop/Summer_Research/traceXplainer/dvc-data/systems/dronology/corpus/req/RE-576.txt,/Users/loganfecko/Desktop/Summer_Research/traceXplainer/dvc-data/systems/dronology/corpus/src/VirtualDrone.java,62.30379486083984,0.0157968412825532,0.7476649660946504,0.2523350339053496,1112.3193,0.0008982148856311,1
/Users/loganfecko/Desktop/Summer_Research/traceXplainer/dvc-data/systems/dronology/corpus/req/RE-576.txt,/Users/loganfecko/Desktop/Summer_Research/traceXplainer/dvc-data/systems/dronology/corpus/src/VirtualDroneFleetFactory.java,52.01313781738281,0.0188632486430958,0.7374760329299603,0.2625239670700396,919.8445,0.0010859597023049,1
/Users/loganfecko/Desktop/Summer_Research/traceXplainer/dvc-data/systems/dronology/corpus/req/RE-628.txt,/Users/loganfecko/Desktop/Summer_Research/traceXplainer/dvc-data/systems/dronology/corpus/src/AbstractFileTransmitServerService.java,56.96495819091797,0.0172518023166051,0.9124990132159848,0.087500986784015,1018.7813,0.0009806023989446,1
/Users/loganfecko/Desktop/Summer_Research/traceXplainer/dvc-data/systems/dronology/corpus/req/RE-628.txt,/Users/loganfecko/Desktop/Summer_Research/traceXplainer/dvc-data/systems/dronology/corpus/src/FlightRouteplanningService.java,48.84977722167969,0.0200602701904372,0.802327318756253,0.197672681243747,873.864,0.0011430347852609,1
/Users/loganfecko/Desktop/Summer_Research/traceXplainer/dvc-data/systems/dronology/corpus/req/RE-759.txt,/Users/loganfecko/Desktop/Summer_Research/traceXplainer/dvc-data/systems/dronology/corpus/src/FullMissionPlan.java,78.18651580810547,0.0126284126760081,0.7455828301508665,0.2544171698491335,1382.8784,0.0007226068323746,1
/Users/loganfecko/Desktop/Summer_Research/traceXplainer/dvc-data/systems/dronology/corpus/req/RE-759.txt,/Users/loganfecko/Desktop/Summer_Research/traceXplainer/dvc-data/systems/dronology/corpus/src/JSONMissionPlanReader.java,50.20732116699219,0.0195284575957195,0.6918013782584784,0.3081986217415216,917.2462,0.0010890325304598,1
/Users/loganfecko/Desktop/Summer_Research/traceXplainer/dvc-data/systems/dronology/corpus/req/RE-759.txt,/Users/loganfecko/Desktop/Summer_Research/traceXplainer/dvc-data/systems/dronology/corpus/src/ServiceIds.java,41.50836563110352,0.0235247811849133,0.7476236690235434,0.2523763309764566,727.4829,0.0013727157988998,1
/Users/loganfecko/Desktop/Summer_Research/traceXplainer/dvc-data/systems/dronology/corpus/req/RE-759.txt,/Users/loganfecko/Desktop/Summer_Research/traceXplainer/dvc-data/systems/dronology/corpus/src/TaskList.java,39.38030624389648,0.0247645472017971,0.772644423241284,0.2273555767587159,686.82367,0.0014538609885633,1
/Users/loganfecko/Desktop/Summer_Research/traceXplainer/dvc-data/systems/dronology/corpus/req/RE-759.txt,/Users/loganfecko/Desktop/Summer_Research/traceXplainer/dvc-data/systems/dronology/corpus/src/IMissionTask.java,34.301353454589844,0.0283275257784763,0.7796301332692479,0.2203698667307521,614.41223,0.0016249270796121,1
/Users/loganfecko/Desktop/Summer_Research/traceXplainer/dvc-data/systems/dronology/corpus/req/RE-759.txt,/Users/loganfecko/Desktop/Summer_Research/traceXplainer/dvc-data/systems/dronology/corpus/src/CommandIds.java,40.477073669433594,0.0241097047484559,0.885978756735677,0.1140212432643229,717.4067,0.0013919692448201,1
/Users/loganfecko/Desktop/Summer_Research/traceXplainer/dvc-data/systems/dronology/corpus/req/RE-759.txt,/Users/loganfecko/Desktop/Summer_Research/traceXplainer/dvc-data/systems/dronology/corpus/src/RouteTask.java,28.287364959716797,0.0341444169311731,0.7006971701933129,0.2993028298066871,499.0708,0.0019997168369713,1
/Users/loganfecko/Desktop/Summer_Research/traceXplainer/dvc-data/systems/dronology/corpus/req/RE-759.txt,/Users/loganfecko/Desktop/Summer_Research/traceXplainer/dvc-data/systems/dronology/corpus/src/TaskFactory.java,52.09928512573242,0.0188326452537378,0.6790508295855575,0.3209491704144425,932.76495,0.0010709333179944,1
/Users/loganfecko/Desktop/Summer_Research/traceXplainer/dvc-data/systems/dronology/corpus/req/RE-759.txt,/Users/loganfecko/Desktop/Summer_Research/traceXplainer/dvc-data/systems/dronology/corpus/src/FlightZoneManager2.java,91.89816284179688,0.0107644755225458,0.7805818240052897,0.2194181759947102,1650.0408,0.0006056785618328,1
/Users/loganfecko/Desktop/Summer_Research/traceXplainer/dvc-data/systems/dronology/corpus/req/RE-759.txt,/Users/loganfecko/Desktop/Summer_Research/traceXplainer/dvc-data/systems/dronology/corpus/src/EmergencyStopCommand.java,35.871826171875,0.0271209783681063,0.8832483608910786,0.1167516391089213,632.55194,0.0015784025514168,1
/Users/loganfecko/Desktop/Summer_Research/traceXplainer/dvc-data/systems/dronology/corpus/req/RE-759.txt,/Users/loganfecko/Desktop/Summer_Research/traceXplainer/dvc-data/systems/dronology/corpus/src/CoordinatedTakeoffPattern.java,58.596439361572266,0.0167795259366585,0.721077866879525,0.278922133120475,1020.33826,0.000979107551594,1
/Users/loganfecko/Desktop/Summer_Research/traceXplainer/dvc-data/systems/dronology/corpus/req/RE-759.txt,/Users/loganfecko/Desktop/Summer_Research/traceXplainer/dvc-data/systems/dronology/corpus/src/WriteDispatcher.java,51.46144104003906,0.0190616189752925,0.816249630729982,0.1837503692700179,937.2932,0.0010657649296207,1
/Users/loganfecko/Desktop/Summer_Research/traceXplainer/dvc-data/systems/dronology/corpus/req/RE-759.txt,/Users/loganfecko/Desktop/Summer_Research/traceXplainer/dvc-data/systems/dronology/corpus/src/DelayTask.java,45.40498733520508,0.021549407885332,0.8111861231887902,0.1888138768112097,816.65704,0.0012230066480831,1
/Users/loganfecko/Desktop/Summer_Research/traceXplainer/dvc-data/systems/dronology/corpus/req/RE-759.txt,/Users/loganfecko/Desktop/Summer_Research/traceXplainer/dvc-data/systems/dronology/corpus/src/SynchronizationPoint.java,53.91566467285156,0.0182097404439568,0.7449790388265005,0.2550209611734995,967.9497,0.0010320453092079,1
/Users/loganfecko/Desktop/Summer_Research/traceXplainer/dvc-data/systems/dronology/corpus/req/RE-759.txt,/Users/loganfecko/Desktop/Summer_Research/traceXplainer/dvc-data/systems/dronology/corpus/src/WaypointTask.java,35.42634963989258,0.0274526547371862,0.7765200576874878,0.2234799423125122,629.09094,0.0015870724886447,1
/Users/loganfecko/Desktop/Summer_Research/traceXplainer/dvc-data/systems/dronology/corpus/req/RE-759.txt,/Users/loganfecko/Desktop/Summer_Research/traceXplainer/dvc-data/systems/dronology/corpus/src/LandTask.java,34.6867561340332,0.0280215998406853,0.7580356784395856,0.2419643215604143,618.5187,0.001614156340263,1
/Users/loganfecko/Desktop/Summer_Research/traceXplainer/dvc-data/systems/dronology/corpus/req/RE-759.txt,/Users/loganfecko/Desktop/Summer_Research/traceXplainer/dvc-data/systems/dronology/corpus/src/UAVProxy.java,66.7704849243164,0.0147556860647634,0.8386899789712179,0.1613100210287821,1221.844,0.0008177658023358,1
/Users/loganfecko/Desktop/Summer_Research/traceXplainer/dvc-data/systems/dronology/corpus/req/RE-759.txt,/Users/loganfecko/Desktop/Summer_Research/traceXplainer/dvc-data/systems/dronology/corpus/src/MissionPlanningServiceRemoteFacade.java,70.38362121582031,0.0140088157895018,0.7602000815798888,0.2397999184201111,1294.7666,0.000771743922705,1
/Users/loganfecko/Desktop/Summer_Research/traceXplainer/dvc-data/systems/dronology/corpus/req/RE-759.txt,/Users/loganfecko/Desktop/Summer_Research/traceXplainer/dvc-data/systems/dronology/corpus/src/MissionHandler.java,62.475433349609375,0.0157541263955176,0.7736395081091145,0.2263604918908854,1100.8921,0.0009075298835676,1
/Users/loganfecko/Desktop/Summer_Research/traceXplainer/dvc-data/systems/dronology/corpus/req/RE-759.txt,/Users/loganfecko/Desktop/Summer_Research/traceXplainer/dvc-data/systems/dronology/corpus/src/UAVMonitorableMessage.java,56.67030715942383,0.0173399457928254,0.815653250127184,0.1843467498728159,1016.26,0.0009830328435208,1
/Users/loganfecko/Desktop/Summer_Research/traceXplainer/dvc-data/systems/dronology/corpus/req/RE-759.txt,/Users/loganfecko/Desktop/Summer_Research/traceXplainer/dvc-data/systems/dronology/corpus/src/DistanceChecker.java,65.66304016113281,0.0150008160081339,0.8422345272859251,0.1577654727140749,1180.514,0.0008463716619228,1
/Users/loganfecko/Desktop/Summer_Research/traceXplainer/dvc-data/systems/dronology/corpus/req/RE-759.txt,/Users/loganfecko/Desktop/Summer_Research/traceXplainer/dvc-data/systems/dronology/corpus/src/UAVMissionPlan.java,88.51953125,0.011170746607322,0.769622845064696,0.2303771549353039,1572.05,0.0006357076818661,1
/Users/loganfecko/Desktop/Summer_Research/traceXplainer/dvc-data/systems/dronology/corpus/req/RE-759.txt,/Users/loganfecko/Desktop/Summer_Research/traceXplainer/dvc-data/systems/dronology/corpus/src/FlightManagerService.java,58.22355270385742,0.0168851741299685,0.7320368341928003,0.2679631658071997,1054.0305,0.0009478398807795,1
/Users/loganfecko/Desktop/Summer_Research/traceXplainer/dvc-data/systems/dronology/corpus/req/RE-759.txt,/Users/loganfecko/Desktop/Summer_Research/traceXplainer/dvc-data/systems/dronology/corpus/src/IFlightPattern.java,53.30678176879883,0.018413906466734,0.688919166162516,0.3110808338374839,955.61646,0.0010453510335219,1
/Users/loganfecko/Desktop/Summer_Research/traceXplainer/dvc-data/systems/dronology/corpus/req/RE-759.txt,/Users/loganfecko/Desktop/Summer_Research/traceXplainer/dvc-data/systems/dronology/corpus/src/IUAVProxy.java,38.71704864501953,0.0251781044693863,0.8330504116532008,0.1669495883467991,683.0081,0.0014619709534997,1
/Users/loganfecko/Desktop/Summer_Research/traceXplainer/dvc-data/systems/dronology/corpus/req/RE-759.txt,/Users/loganfecko/Desktop/Summer_Research/traceXplainer/dvc-data/systems/dronology/corpus/src/CoordinatedLandingPattern.java,62.98619079589844,0.0156283721153174,0.7418304022687185,0.2581695977312814,1100.0337,0.0009082374207121,1
/Users/loganfecko/Desktop/Summer_Research/traceXplainer/dvc-data/systems/dronology/corpus/req/RE-759.txt,/Users/loganfecko/Desktop/Summer_Research/traceXplainer/dvc-data/systems/dronology/corpus/src/IMissionPlan.java,30.929447174072266,0.0313190514871185,0.7029983662722872,0.2970016337277128,552.22375,0.0018075868781372,1
/Users/loganfecko/Desktop/Summer_Research/traceXplainer/dvc-data/systems/dronology/corpus/req/RE-759.txt,/Users/loganfecko/Desktop/Summer_Research/traceXplainer/dvc-data/systems/dronology/corpus/src/FlightManagerServiceRemoteFacade.java,62.2813606262207,0.0158024415104887,0.7381049393447321,0.2618950606552679,1114.5294,0.0008964353454214,1
/Users/loganfecko/Desktop/Summer_Research/traceXplainer/dvc-data/systems/dronology/corpus/req/RE-759.txt,/Users/loganfecko/Desktop/Summer_Research/traceXplainer/dvc-data/systems/dronology/corpus/src/SyncTask.java,27.9375057220459,0.034557228587886,0.7094530698536639,0.2905469301463361,492.81332,0.0020250567399664,1
/Users/loganfecko/Desktop/Summer_Research/traceXplainer/dvc-data/systems/dronology/corpus/req/RE-759.txt,/Users/loganfecko/Desktop/Summer_Research/traceXplainer/dvc-data/systems/dronology/corpus/src/RemoteManager.java,73.06591796875,0.0135014866138825,0.8248046297659337,0.1751953702340662,1289.1671,0.0007750933882509,1
/Users/loganfecko/Desktop/Summer_Research/traceXplainer/dvc-data/systems/dronology/corpus/req/RE-759.txt,/Users/loganfecko/Desktop/Summer_Research/traceXplainer/dvc-data/systems/dronology/corpus/src/FlightManagerServiceInstance.java,62.06146240234375,0.0158575453518634,0.7353751013098129,0.2646248986901871,1119.9634,0.000892089803126,1
/Users/loganfecko/Desktop/Summer_Research/traceXplainer/dvc-data/systems/dronology/corpus/req/RE-759.txt,/Users/loganfecko/Desktop/Summer_Research/traceXplainer/dvc-data/systems/dronology/corpus/src/AbstractMissionTask.java,37.36186218261719,0.0260675562421765,0.7634358228379478,0.2365641771620522,677.10706,0.001474693400765,1
/Users/loganfecko/Desktop/Summer_Research/traceXplainer/dvc-data/systems/dronology/corpus/req/RE-759.txt,/Users/loganfecko/Desktop/Summer_Research/traceXplainer/dvc-data/systems/dronology/corpus/src/SimpleCheckerMessageHandler.java,68.79457092285156,0.0143277619846014,0.8627028149620224,0.1372971850379776,1226.3708,0.0008147496743288,1
/Users/loganfecko/Desktop/Summer_Research/traceXplainer/dvc-data/systems/dronology/corpus/req/RE-759.txt,/Users/loganfecko/Desktop/Summer_Research/traceXplainer/dvc-data/systems/dronology/corpus/src/MissionExecutionException.java,31.19200325012207,0.0310636151540587,0.7196164434161387,0.2803835565838612,556.28235,0.0017944225264864,1
/Users/loganfecko/Desktop/Summer_Research/traceXplainer/dvc-data/systems/dronology/corpus/req/RE-759.txt,/Users/loganfecko/Desktop/Summer_Research/traceXplainer/dvc-data/systems/dronology/corpus/src/SynchronizationState.java,32.249629974365234,0.0300755226681012,0.8051716957753201,0.1948283042246799,571.47876,0.0017467896982054,1
/Users/loganfecko/Desktop/Summer_Research/traceXplainer/dvc-data/systems/dronology/corpus/req/RE-759.txt,/Users/loganfecko/Desktop/Summer_Research/traceXplainer/dvc-data/systems/dronology/corpus/src/MissionController.java,62.9115104675293,0.0156466338017164,0.7361278928101147,0.2638721071898853,1132.1416,0.0008825022385737,1
/Users/loganfecko/Desktop/Summer_Research/traceXplainer/dvc-data/systems/dronology/corpus/req/RE-759.txt,/Users/loganfecko/Desktop/Summer_Research/traceXplainer/dvc-data/systems/dronology/corpus/src/IFlightManagerServiceInstance.java,48.395877838134766,0.0202446042821001,0.7235820566547969,0.2764179433452031,854.09375,0.0011694624127471,1
/Users/loganfecko/Desktop/Summer_Research/traceXplainer/dvc-data/systems/dronology/corpus/req/RE-759.txt,/Users/loganfecko/Desktop/Summer_Research/traceXplainer/dvc-data/systems/dronology/corpus/src/MonitoringConnectionTester.java,50.63589859008789,0.019366371600086,0.9518287006129028,0.0481712993870973,908.20154,0.0010998661552038,1
/Users/loganfecko/Desktop/Summer_Research/traceXplainer/dvc-data/systems/dronology/corpus/req/RE-759.txt,/Users/loganfecko/Desktop/Summer_Research/traceXplainer/dvc-data/systems/dronology/corpus/src/ManagedDrone.java,82.8936538696289,0.0119198527406376,0.7809937489722649,0.219006251027735,1486.0317,0.0006724806029734,1
/Users/loganfecko/Desktop/Summer_Research/traceXplainer/dvc-data/systems/dronology/corpus/req/RE-759.txt,/Users/loganfecko/Desktop/Summer_Research/traceXplainer/dvc-data/systems/dronology/corpus/src/MissionUtil.java,77.82166290283203,0.0126868675840137,0.739248692518004,0.260751307481996,1405.8984,0.0007107833610057,1
/Users/loganfecko/Desktop/Summer_Research/traceXplainer/dvc-data/systems/dronology/corpus/req/RE-759.txt,/Users/loganfecko/Desktop/Summer_Research/traceXplainer/dvc-data/systems/dronology/corpus/src/CollisionInfo.java,35.97268295288086,0.0270469957853594,0.8420261388079575,0.1579738611920425,652.9529,0.0015291621602551,1
/Users/loganfecko/Desktop/Summer_Research/traceXplainer/dvc-data/systems/dronology/corpus/req/RE-759.txt,/Users/loganfecko/Desktop/Summer_Research/traceXplainer/dvc-data/systems/dronology/corpus/src/MissionPlanningService.java,55.4670295715332,0.0177094493474849,0.7529461986596033,0.2470538013403966,995.9454,0.0010030639857969,1
/Users/loganfecko/Desktop/Summer_Research/traceXplainer/dvc-data/systems/dronology/corpus/req/RE-759.txt,/Users/loganfecko/Desktop/Summer_Research/traceXplainer/dvc-data/systems/dronology/corpus/src/PatternFactory.java,38.73525619506836,0.0251665673197323,0.7756614752969185,0.2243385247030814,686.00616,0.0014555910144618,1
/Users/loganfecko/Desktop/Summer_Research/traceXplainer/dvc-data/systems/dronology/corpus/req/RE-759.txt,/Users/loganfecko/Desktop/Summer_Research/traceXplainer/dvc-data/systems/dronology/corpus/src/AFMainLayout.java,47.11568832397461,0.0207832421156849,0.8370399526820993,0.1629600473179007,853.59076,0.0011701507290409,1
/Users/loganfecko/Desktop/Summer_Research/traceXplainer/dvc-data/systems/dronology/corpus/req/RE-759.txt,/Users/loganfecko/Desktop/Summer_Research/traceXplainer/dvc-data/systems/dronology/corpus/src/IFlightManagerRemoteService.java,47.16023635864258,0.0207640176961163,0.6888836716040843,0.3111163283959157,841.22766,0.001187327424814,1
/Users/loganfecko/Desktop/Summer_Research/traceXplainer/dvc-data/systems/dronology/corpus/req/RE-759.txt,/Users/loganfecko/Desktop/Summer_Research/traceXplainer/dvc-data/systems/dronology/corpus/src/SynchronizationManager.java,68.75608825683594,0.0143356662477701,0.7844969552071641,0.2155030447928358,1213.7494,0.0008232150668455,1
/Users/loganfecko/Desktop/Summer_Research/traceXplainer/dvc-data/systems/dronology/corpus/req/RE-759.txt,/Users/loganfecko/Desktop/Summer_Research/traceXplainer/dvc-data/systems/dronology/corpus/src/TakeoffTask.java,35.60030746459961,0.0273221748469521,0.7736289173001516,0.2263710826998484,633.1951,0.0015768017659717,1
/Users/loganfecko/Desktop/Summer_Research/traceXplainer/dvc-data/systems/dronology/corpus/req/RE-759.txt,/Users/loganfecko/Desktop/Summer_Research/traceXplainer/dvc-data/systems/dronology/corpus/src/AFInfoPanel.java,86.03838348388672,0.0114891839665787,0.8568296413537192,0.1431703586462808,1544.9299,0.000646859847612,1
/Users/loganfecko/Desktop/Summer_Research/traceXplainer/dvc-data/systems/dronology/corpus/req/RE-759.txt,/Users/loganfecko/Desktop/Summer_Research/traceXplainer/dvc-data/systems/dronology/corpus/src/SyncConstants.java,40.35006332397461,0.0241837598207547,0.8374758616271017,0.1625241383728982,721.20575,0.0013846469661534,1
/Users/loganfecko/Desktop/Summer_Research/traceXplainer/dvc-data/systems/dronology/corpus/req/RE-759.txt,/Users/loganfecko/Desktop/Summer_Research/traceXplainer/dvc-data/systems/dronology/corpus/src/IMissionPlanningRemoteService.java,41.22867202758789,0.0236805931132928,0.6775553408198449,0.3224446591801551,731.16016,0.0013658213868422,1
/Users/loganfecko/Desktop/Summer_Research/traceXplainer/dvc-data/systems/dronology/corpus/req/RE-759.txt,/Users/loganfecko/Desktop/Summer_Research/traceXplainer/dvc-data/systems/dronology/corpus/src/IMissionPlanningServiceInstance.java,44.02936553955078,0.022207730178247,0.7308562213525565,0.2691437786474435,788.30347,0.0012669398299467,1
/Users/loganfecko/Desktop/Summer_Research/traceXplainer/dvc-data/systems/dronology/corpus/req/RE-759.txt,/Users/loganfecko/Desktop/Summer_Research/traceXplainer/dvc-data/systems/dronology/corpus/src/MissionPlanningServiceInstance.java,79.96110534667969,0.0123516100196254,0.831617371189072,0.168382628810928,1435.2954,0.0006962356023202,1
/Users/loganfecko/Desktop/Summer_Research/traceXplainer/dvc-data/systems/dronology/corpus/req/RE-759.txt,/Users/loganfecko/Desktop/Summer_Research/traceXplainer/dvc-data/systems/dronology/corpus/src/AbstractFlightPattern.java,43.81285858154297,0.0223150236707253,0.7929567284117361,0.2070432715882638,776.4243,0.0012862988446549,1
/Users/loganfecko/Desktop/Summer_Research/traceXplainer/dvc-data/systems/dronology/corpus/req/RE-759.txt,/Users/loganfecko/Desktop/Summer_Research/traceXplainer/dvc-data/systems/dronology/corpus/src/AFMissionOperations.java,57.316749572753906,0.017147732123726,0.74000129924175,0.25999870075825,1011.3461,0.0009878044376318,1
/Users/loganfecko/Desktop/Summer_Research/traceXplainer/dvc-data/systems/dronology/corpus/req/RE-759.txt,/Users/loganfecko/Desktop/Summer_Research/traceXplainer/dvc-data/systems/dronology/corpus/src/SimpleMonitor.java,52.3941650390625,0.0187286382185846,0.9015591666622444,0.0984408333377555,930.53516,0.0010734967899929,1
/Users/loganfecko/Desktop/Summer_Research/traceXplainer/dvc-data/systems/dronology/corpus/req/RE-759.txt,/Users/loganfecko/Desktop/Summer_Research/traceXplainer/dvc-data/systems/dronology/corpus/src/AFMapViewOperations.java,47.35544204711914,0.0206801956029182,0.8681921081158128,0.1318078918841871,838.22424,0.0011915766353814,1
/Users/loganfecko/Desktop/Summer_Research/traceXplainer/dvc-data/systems/dronology/corpus/req/RE-759.txt,/Users/loganfecko/Desktop/Summer_Research/traceXplainer/dvc-data/systems/dronology/corpus/src/PatternTask.java,33.835723876953125,0.0287061639233392,0.7911000895894845,0.2088999104105154,601.8214,0.0016588660945549,1
/Users/loganfecko/Desktop/Summer_Research/traceXplainer/dvc-data/systems/dronology/corpus/req/RE-611.txt,/Users/loganfecko/Desktop/Summer_Research/traceXplainer/dvc-data/systems/dronology/corpus/src/PlanPool.java,58.12040710449219,0.0169146331863471,0.652949790513091,0.347050209486909,1063.3337,0.0009395549179713,1
/Users/loganfecko/Desktop/Summer_Research/traceXplainer/dvc-data/systems/dronology/corpus/req/RE-611.txt,/Users/loganfecko/Desktop/Summer_Research/traceXplainer/dvc-data/systems/dronology/corpus/src/ManagedDrone.java,82.12873840332031,0.0120295341804448,0.7462042970858445,0.2537957029141555,1479.1836,0.0006755918686184,1
/Users/loganfecko/Desktop/Summer_Research/traceXplainer/dvc-data/systems/dronology/corpus/req/RE-611.txt,/Users/loganfecko/Desktop/Summer_Research/traceXplainer/dvc-data/systems/dronology/corpus/src/FlightPlan.java,71.19947052001953,0.013850517085478,0.7201693280139285,0.2798306719860715,1262.2483,0.0007916100161085,1
/Users/loganfecko/Desktop/Summer_Research/traceXplainer/dvc-data/systems/dronology/corpus/req/RE-611.txt,/Users/loganfecko/Desktop/Summer_Research/traceXplainer/dvc-data/systems/dronology/corpus/src/PhysicalDrone.java,76.99842071533203,0.0128207724057601,0.7353022920137177,0.2646977079862823,1377.9543,0.0007251871703483,1
/Users/loganfecko/Desktop/Summer_Research/traceXplainer/dvc-data/systems/dronology/corpus/req/RE-639.txt,/Users/loganfecko/Desktop/Summer_Research/traceXplainer/dvc-data/systems/dronology/corpus/src/MissionPlanningServiceRemoteFacade.java,71.57434844970703,0.0137789731683638,0.8192507149812139,0.180749285018786,1293.672,0.0007723964079418,1
/Users/loganfecko/Desktop/Summer_Research/traceXplainer/dvc-data/systems/dronology/corpus/req/RE-639.txt,/Users/loganfecko/Desktop/Summer_Research/traceXplainer/dvc-data/systems/dronology/corpus/src/MissionPlanningService.java,56.88539123535156,0.0172755159576304,0.8266006280468123,0.1733993719531876,1019.851,0.0009795748714412,1
/Users/loganfecko/Desktop/Summer_Research/traceXplainer/dvc-data/systems/dronology/corpus/req/RE-639.txt,/Users/loganfecko/Desktop/Summer_Research/traceXplainer/dvc-data/systems/dronology/corpus/src/IMissionPlanningRemoteService.java,42.47550964355469,0.0230014554906603,0.744031450285509,0.255968549714491,760.33826,0.0013134766196511,1
/Users/loganfecko/Desktop/Summer_Research/traceXplainer/dvc-data/systems/dronology/corpus/req/RE-766.txt,/Users/loganfecko/Desktop/Summer_Research/traceXplainer/dvc-data/systems/dronology/corpus/src/AFMapComponent.java,92.99365997314452,0.0106390154430172,0.827976521302682,0.172023478697318,1654.5352,0.0006040342883839,1
/Users/loganfecko/Desktop/Summer_Research/traceXplainer/dvc-data/systems/dronology/corpus/req/RE-766.txt,/Users/loganfecko/Desktop/Summer_Research/traceXplainer/dvc-data/systems/dronology/corpus/src/AFMainLayout.java,45.69419860839844,0.0214159366645632,0.7816500424666848,0.2183499575333152,829.0502,0.0012047464539614,1
/Users/loganfecko/Desktop/Summer_Research/traceXplainer/dvc-data/systems/dronology/corpus/req/RE-649.txt,/Users/loganfecko/Desktop/Summer_Research/traceXplainer/dvc-data/systems/dronology/corpus/src/FlightZoneManager2.java,92.5195083618164,0.0106929561277323,0.8082074322454582,0.1917925677545418,1647.426,0.0006066392938457,1
/Users/loganfecko/Desktop/Summer_Research/traceXplainer/dvc-data/systems/dronology/corpus/req/RE-649.txt,/Users/loganfecko/Desktop/Summer_Research/traceXplainer/dvc-data/systems/dronology/corpus/src/PlanPool.java,60.89480972290039,0.0161564435608889,0.7748663749652088,0.2251336250347911,1102.6248,0.0009061050820859,1
/Users/loganfecko/Desktop/Summer_Research/traceXplainer/dvc-data/systems/dronology/corpus/req/RE-649.txt,/Users/loganfecko/Desktop/Summer_Research/traceXplainer/dvc-data/systems/dronology/corpus/src/AFInfoBox.java,78.57918548583984,0.0125660999656491,0.7693163354986137,0.2306836645013863,1434.1335,0.0006967992655028,1
/Users/loganfecko/Desktop/Summer_Research/traceXplainer/dvc-data/systems/dronology/corpus/req/RE-649.txt,/Users/loganfecko/Desktop/Summer_Research/traceXplainer/dvc-data/systems/dronology/corpus/src/FlightManagerService.java,59.48130416870117,0.0165340350004802,0.7863208284898793,0.2136791715101207,1069.3032,0.0009343146678734,1
/Users/loganfecko/Desktop/Summer_Research/traceXplainer/dvc-data/systems/dronology/corpus/req/RE-649.txt,/Users/loganfecko/Desktop/Summer_Research/traceXplainer/dvc-data/systems/dronology/corpus/src/FlightManagerServiceRemoteFacade.java,62.69478225708008,0.0156998731224776,0.7548450001940096,0.2451549998059904,1111.7839,0.0008986470491313,1
/Users/loganfecko/Desktop/Summer_Research/traceXplainer/dvc-data/systems/dronology/corpus/req/RE-649.txt,/Users/loganfecko/Desktop/Summer_Research/traceXplainer/dvc-data/systems/dronology/corpus/src/FlightManagerServiceInstance.java,63.73427963256836,0.0154477659390974,0.8088130027788961,0.1911869972211038,1142.8086,0.0008742721513583,1
/Users/loganfecko/Desktop/Summer_Research/traceXplainer/dvc-data/systems/dronology/corpus/req/RE-649.txt,/Users/loganfecko/Desktop/Summer_Research/traceXplainer/dvc-data/systems/dronology/corpus/src/IFlightManagerServiceInstance.java,50.35226058959961,0.0194733394113234,0.8089990820607609,0.1910009179392391,896.30536,0.0011144478187901,1
/Users/loganfecko/Desktop/Summer_Research/traceXplainer/dvc-data/systems/dronology/corpus/req/RE-649.txt,/Users/loganfecko/Desktop/Summer_Research/traceXplainer/dvc-data/systems/dronology/corpus/src/PlanPoolManager.java,73.209716796875,0.013475324299339,0.7512495283444973,0.2487504716555026,1315.2249,0.0007597486077922,1
/Users/loganfecko/Desktop/Summer_Research/traceXplainer/dvc-data/systems/dronology/corpus/req/RE-649.txt,/Users/loganfecko/Desktop/Summer_Research/traceXplainer/dvc-data/systems/dronology/corpus/src/IFlightManagerRemoteService.java,49.28517150878906,0.0198865782892918,0.7813693312463801,0.2186306687536199,881.755,0.0011328171400543,1
/Users/loganfecko/Desktop/Summer_Research/traceXplainer/dvc-data/systems/dronology/corpus/req/RE-649.txt,/Users/loganfecko/Desktop/Summer_Research/traceXplainer/dvc-data/systems/dronology/corpus/src/AFDragLayout.java,73.41254425048828,0.0134385943938939,0.7836641301975436,0.2163358698024564,1324.4955,0.0007544348604161,1
/Users/loganfecko/Desktop/Summer_Research/traceXplainer/dvc-data/systems/dronology/corpus/req/RE-649.txt,/Users/loganfecko/Desktop/Summer_Research/traceXplainer/dvc-data/systems/dronology/corpus/src/AFAssignRouteComponent.java,73.91891479492188,0.0133477640825061,0.774047025280998,0.225952974719002,1333.0981,0.0007495700403296,1
/Users/loganfecko/Desktop/Summer_Research/traceXplainer/dvc-data/systems/dronology/corpus/req/RE-701.txt,/Users/loganfecko/Desktop/Summer_Research/traceXplainer/dvc-data/systems/dronology/corpus/src/SendToSubscriberCallable.java,42.71830368041992,0.022873714572962,0.7409077474383298,0.2590922525616702,763.2246,0.0013085158312525,1
/Users/loganfecko/Desktop/Summer_Research/traceXplainer/dvc-data/systems/dronology/corpus/req/RE-701.txt,/Users/loganfecko/Desktop/Summer_Research/traceXplainer/dvc-data/systems/dronology/corpus/src/IDroneConnectorServiceInstance.java,42.38253402709961,0.0230507512395503,0.7606631296684935,0.2393368703315065,768.1581,0.0013001228546266,1
/Users/loganfecko/Desktop/Summer_Research/traceXplainer/dvc-data/systems/dronology/corpus/req/RE-701.txt,/Users/loganfecko/Desktop/Summer_Research/traceXplainer/dvc-data/systems/dronology/corpus/src/IDroneMonitoringServiceInstance.java,36.8339958190918,0.0264312552335637,0.7051409643685941,0.2948590356314059,647.03937,0.0015431161282477,1
/Users/loganfecko/Desktop/Summer_Research/traceXplainer/dvc-data/systems/dronology/corpus/req/RE-701.txt,/Users/loganfecko/Desktop/Summer_Research/traceXplainer/dvc-data/systems/dronology/corpus/src/DroneMonitoringServiceInstance.java,53.25115966796875,0.0184327856974903,0.7093842512047632,0.2906157487952368,963.1046,0.0010372318368892,1
/Users/loganfecko/Desktop/Summer_Research/traceXplainer/dvc-data/systems/dronology/corpus/req/RE-701.txt,/Users/loganfecko/Desktop/Summer_Research/traceXplainer/dvc-data/systems/dronology/corpus/src/GroundstationConnector.java,72.27963256835938,0.0136463566335044,0.8100457448637634,0.1899542551362366,1290.5706,0.0007742511586831,1
/Users/loganfecko/Desktop/Summer_Research/traceXplainer/dvc-data/systems/dronology/corpus/req/RE-701.txt,/Users/loganfecko/Desktop/Summer_Research/traceXplainer/dvc-data/systems/dronology/corpus/src/AbstractUAVMessage.java,50.18442916870117,0.0195371916077065,0.7012199251609703,0.2987800748390297,911.7638,0.0010955736923762,1
/Users/loganfecko/Desktop/Summer_Research/traceXplainer/dvc-data/systems/dronology/corpus/req/RE-701.txt,/Users/loganfecko/Desktop/Summer_Research/traceXplainer/dvc-data/systems/dronology/corpus/src/PhysicalDroneFleetFactory.java,59.481224060058594,0.0165340569001544,0.8094957640801415,0.1905042359198585,1059.6641,0.0009428055831768,1
/Users/loganfecko/Desktop/Summer_Research/traceXplainer/dvc-data/systems/dronology/corpus/req/RE-701.txt,/Users/loganfecko/Desktop/Summer_Research/traceXplainer/dvc-data/systems/dronology/corpus/src/UAVMonitorableMessage.java,55.96928024291992,0.0175533198898765,0.7842319488895955,0.2157680511104045,1007.0117,0.0009920519587213,1
/Users/loganfecko/Desktop/Summer_Research/traceXplainer/dvc-data/systems/dronology/corpus/req/RE-701.txt,/Users/loganfecko/Desktop/Summer_Research/traceXplainer/dvc-data/systems/dronology/corpus/src/VirtualDroneFleetFactory.java,52.73741149902344,0.0186090094797024,0.76828205533495,0.23171794466505,935.29535,0.0010680390551322,1
/Users/loganfecko/Desktop/Summer_Research/traceXplainer/dvc-data/systems/dronology/corpus/req/RE-701.txt,/Users/loganfecko/Desktop/Summer_Research/traceXplainer/dvc-data/systems/dronology/corpus/src/IMonitorableMessage.java,31.486507415771484,0.0307820101189,0.6286899612551241,0.3713100387448759,571.3739,0.0017471097085513,1
/Users/loganfecko/Desktop/Summer_Research/traceXplainer/dvc-data/systems/dronology/corpus/req/RE-701.txt,/Users/loganfecko/Desktop/Summer_Research/traceXplainer/dvc-data/systems/dronology/corpus/src/DroneMonitoringService.java,49.29916763305664,0.0198810446982983,0.7664230645725675,0.2335769354274325,878.3541,0.0011371982804873,1
/Users/loganfecko/Desktop/Summer_Research/traceXplainer/dvc-data/systems/dronology/corpus/req/RE-701.txt,/Users/loganfecko/Desktop/Summer_Research/traceXplainer/dvc-data/systems/dronology/corpus/src/StateMessageTypeAdapter.java,73.51538848876953,0.0134200467887342,0.811966291504538,0.1880337084954619,1318.6691,0.0007577657343921,1
/Users/loganfecko/Desktop/Summer_Research/traceXplainer/dvc-data/systems/dronology/corpus/req/RE-701.txt,/Users/loganfecko/Desktop/Summer_Research/traceXplainer/dvc-data/systems/dronology/corpus/src/SimpleTakeoffFlightPlan.java,70.88428497314453,0.0139112463923595,0.8231164627034862,0.1768835372965138,1265.5481,0.000789547592699,1
/Users/loganfecko/Desktop/Summer_Research/traceXplainer/dvc-data/systems/dronology/corpus/req/RE-701.txt,/Users/loganfecko/Desktop/Summer_Research/traceXplainer/dvc-data/systems/dronology/corpus/src/IMonitoringDataHandler.java,27.21280288696289,0.0354449008135274,0.7232252399080827,0.2767747600919172,492.6647,0.0020256663949746,1
/Users/loganfecko/Desktop/Summer_Research/traceXplainer/dvc-data/systems/dronology/corpus/req/RE-701.txt,/Users/loganfecko/Desktop/Summer_Research/traceXplainer/dvc-data/systems/dronology/corpus/src/MonitoringDispatchThread.java,43.645076751708984,0.0223988863444326,0.7233397389804463,0.2766602610195536,786.182,0.0012703542399545,1
/Users/loganfecko/Desktop/Summer_Research/traceXplainer/dvc-data/systems/dronology/corpus/req/RE-701.txt,/Users/loganfecko/Desktop/Summer_Research/traceXplainer/dvc-data/systems/dronology/corpus/src/RemindsConnector.java,80.25218963623047,0.0123073606320893,0.794401304168689,0.2055986958313109,1446.8708,0.0006906693371648,1
/Users/loganfecko/Desktop/Summer_Research/traceXplainer/dvc-data/systems/dronology/corpus/req/RE-701.txt,/Users/loganfecko/Desktop/Summer_Research/traceXplainer/dvc-data/systems/dronology/corpus/src/IncommingGroundstationConnectionServer.java,51.72293472290039,0.0189670777102179,0.846867353507137,0.1531326464928629,904.8241,0.0011039670987617,1
/Users/loganfecko/Desktop/Summer_Research/traceXplainer/dvc-data/systems/dronology/corpus/req/RE-701.txt,/Users/loganfecko/Desktop/Summer_Research/traceXplainer/dvc-data/systems/dronology/corpus/src/MonitoringConnectionTester.java,44.55419158935547,0.021951876767223,0.6641136409006538,0.3358863590993461,808.93,0.0012346746126739,1
/Users/loganfecko/Desktop/Summer_Research/traceXplainer/dvc-data/systems/dronology/corpus/req/RE-701.txt,/Users/loganfecko/Desktop/Summer_Research/traceXplainer/dvc-data/systems/dronology/corpus/src/DispatchQueueManager.java,81.81547546386719,0.0120750378404372,0.811967194974946,0.188032805025054,1482.2744,0.0006741840825401,1
/Users/loganfecko/Desktop/Summer_Research/traceXplainer/dvc-data/systems/dronology/corpus/req/RE-701.txt,/Users/loganfecko/Desktop/Summer_Research/traceXplainer/dvc-data/systems/dronology/corpus/src/DronologyMonitoringManager.java,45.936004638671875,0.0213056055303026,0.6856500533547333,0.3143499466452667,811.5575,0.0012306821437365,1
/Users/loganfecko/Desktop/Summer_Research/traceXplainer/dvc-data/systems/dronology/corpus/req/RE-701.txt,/Users/loganfecko/Desktop/Summer_Research/traceXplainer/dvc-data/systems/dronology/corpus/src/DroneConnectorServiceInstance.java,68.74331665039062,0.0143382914382004,0.7806516705656417,0.2193483294343583,1246.5686,0.0008015591264336,1
/Users/loganfecko/Desktop/Summer_Research/traceXplainer/dvc-data/systems/dronology/corpus/req/RE-701.txt,/Users/loganfecko/Desktop/Summer_Research/traceXplainer/dvc-data/systems/dronology/corpus/src/ManagedDrone.java,83.75426483154297,0.0117988162836123,0.8210904547608261,0.1789095452391739,1519.103,0.0006578501470044,1
/Users/loganfecko/Desktop/Summer_Research/traceXplainer/dvc-data/systems/dronology/corpus/req/RE-701.txt,/Users/loganfecko/Desktop/Summer_Research/traceXplainer/dvc-data/systems/dronology/corpus/src/FlightPlan.java,73.236572265625,0.0134704495302114,0.813926609976588,0.186073390023412,1306.5642,0.0007647807986245,1
/Users/loganfecko/Desktop/Summer_Research/traceXplainer/dvc-data/systems/dronology/corpus/req/RE-701.txt,/Users/loganfecko/Desktop/Summer_Research/traceXplainer/dvc-data/systems/dronology/corpus/src/IRemoteMonitoringMessageHandler.java,31.229848861694336,0.0310271389819799,0.7031729441516252,0.2968270558483747,560.8883,0.0017797131385714,1
/Users/loganfecko/Desktop/Summer_Research/traceXplainer/dvc-data/systems/dronology/corpus/req/RE-701.txt,/Users/loganfecko/Desktop/Summer_Research/traceXplainer/dvc-data/systems/dronology/corpus/src/RemoteMessageHandler.java,37.74690628051758,0.0258085121108833,0.7240755028514103,0.2759244971485897,674.1759,0.0014810955116767,1
/Users/loganfecko/Desktop/Summer_Research/traceXplainer/dvc-data/systems/dronology/corpus/req/RE-701.txt,/Users/loganfecko/Desktop/Summer_Research/traceXplainer/dvc-data/systems/dronology/corpus/src/PlanPoolManager.java,75.14542388916016,0.0131327655547053,0.8420711650289756,0.1579288349710244,1362.3787,0.0007334719456829,1
/Users/loganfecko/Desktop/Summer_Research/traceXplainer/dvc-data/systems/dronology/corpus/req/RE-701.txt,/Users/loganfecko/Desktop/Summer_Research/traceXplainer/dvc-data/systems/dronology/corpus/src/DroneFlightStateManager.java,86.71326446533203,0.0114007842040269,0.8582636810799463,0.1417363189200536,1523.4434,0.0006559771432964,1
/Users/loganfecko/Desktop/Summer_Research/traceXplainer/dvc-data/systems/dronology/corpus/req/RE-701.txt,/Users/loganfecko/Desktop/Summer_Research/traceXplainer/dvc-data/systems/dronology/corpus/src/IFlightPlan.java,46.87025451660156,0.0208897991058977,0.7755439968043671,0.2244560031956328,836.37256,0.0011942115725398,1
/Users/loganfecko/Desktop/Summer_Research/traceXplainer/dvc-data/systems/dronology/corpus/req/RE-701.txt,/Users/loganfecko/Desktop/Summer_Research/traceXplainer/dvc-data/systems/dronology/corpus/src/DronologyServiceRunner.java,64.908935546875,0.0151724495579023,0.7379007712686314,0.2620992287313686,1154.7948,0.0008652054847183,1
/Users/loganfecko/Desktop/Summer_Research/traceXplainer/dvc-data/systems/dronology/corpus/req/RE-701.txt,/Users/loganfecko/Desktop/Summer_Research/traceXplainer/dvc-data/systems/dronology/corpus/src/UAVPlanChangeMessage.java,43.10857772827149,0.0226713272452457,0.7303404888920514,0.2696595111079486,765.67334,0.0013043364729544,1
/Users/loganfecko/Desktop/Summer_Research/traceXplainer/dvc-data/systems/dronology/corpus/req/RE-701.txt,/Users/loganfecko/Desktop/Summer_Research/traceXplainer/dvc-data/systems/dronology/corpus/src/UAVStateChangeMessage.java,41.7763786315918,0.0233773879881796,0.7057025844314263,0.2942974155685737,752.21716,0.0013276383611639,1
/Users/loganfecko/Desktop/Summer_Research/traceXplainer/dvc-data/systems/dronology/corpus/req/RE-701.txt,/Users/loganfecko/Desktop/Summer_Research/traceXplainer/dvc-data/systems/dronology/corpus/src/MessageMarshaller.java,51.84812927246094,0.0189221456609079,0.675451768698212,0.324548231301788,916.54565,0.0010898640250945,1
/Users/loganfecko/Desktop/Summer_Research/traceXplainer/dvc-data/systems/dronology/corpus/req/RE-701.txt,/Users/loganfecko/Desktop/Summer_Research/traceXplainer/dvc-data/systems/dronology/corpus/src/AbstractDroneCommand.java,47.56190872192383,0.0205922713154917,0.7960432918100655,0.2039567081899345,842.41156,0.0011856607703249,1
/Users/loganfecko/Desktop/Summer_Research/traceXplainer/dvc-data/systems/dronology/corpus/req/RE-701.txt,/Users/loganfecko/Desktop/Summer_Research/traceXplainer/dvc-data/systems/dronology/corpus/src/UAVAcknowledgeMessage.java,30.847063064575195,0.0314000697010061,0.6650061851417698,0.3349938148582302,543.4378,0.0018367570923498,1
/Users/loganfecko/Desktop/Summer_Research/traceXplainer/dvc-data/systems/dronology/corpus/req/RE-701.txt,/Users/loganfecko/Desktop/Summer_Research/traceXplainer/dvc-data/systems/dronology/corpus/src/ArtifactIdentifier.java,56.729862213134766,0.0173220576260526,0.8256018850151233,0.1743981149848766,1017.47766,0.0009818575685673,1
/Users/loganfecko/Desktop/Summer_Research/traceXplainer/dvc-data/systems/dronology/corpus/req/RE-701.txt,/Users/loganfecko/Desktop/Summer_Research/traceXplainer/dvc-data/systems/dronology/corpus/src/DroneConnectorService.java,49.20912170410156,0.0199166997163049,0.7709124478066504,0.2290875521933496,885.9679,0.0011274365228602,1
/Users/loganfecko/Desktop/Summer_Research/traceXplainer/dvc-data/systems/dronology/corpus/req/RE-701.txt,/Users/loganfecko/Desktop/Summer_Research/traceXplainer/dvc-data/systems/dronology/corpus/src/PhysicalDrone.java,79.82881164550781,0.0123718260808499,0.8665120634916108,0.1334879365083892,1427.037,0.0007002619742275,1
/Users/loganfecko/Desktop/Summer_Research/traceXplainer/dvc-data/systems/dronology/corpus/req/RE-729.txt,/Users/loganfecko/Desktop/Summer_Research/traceXplainer/dvc-data/systems/dronology/corpus/src/CommandIds.java,35.721343994140625,0.0272321187416115,0.6800894213716331,0.3199105786283669,640.2444,0.0015594678468264,1
/Users/loganfecko/Desktop/Summer_Research/traceXplainer/dvc-data/systems/dronology/corpus/req/RE-729.txt,/Users/loganfecko/Desktop/Summer_Research/traceXplainer/dvc-data/systems/dronology/corpus/src/GoToCommand.java,32.37152099609375,0.029965670432494,0.6151731667216274,0.3848268332783726,578.89966,0.0017244362638505,1
/Users/loganfecko/Desktop/Summer_Research/traceXplainer/dvc-data/systems/dronology/corpus/req/RE-729.txt,/Users/loganfecko/Desktop/Summer_Research/traceXplainer/dvc-data/systems/dronology/corpus/src/SetMonitoringFrequencyCommand.java,30.421995162963867,0.0318248410011427,0.6287455112001015,0.3712544887998985,539.04626,0.0018516932075272,1
/Users/loganfecko/Desktop/Summer_Research/traceXplainer/dvc-data/systems/dronology/corpus/req/RE-729.txt,/Users/loganfecko/Desktop/Summer_Research/traceXplainer/dvc-data/systems/dronology/corpus/src/LandCommand.java,29.56459617614746,0.0327175924143371,0.6546953607163691,0.3453046392836308,533.65076,0.0018703798455612,1
/Users/loganfecko/Desktop/Summer_Research/traceXplainer/dvc-data/systems/dronology/corpus/req/RE-729.txt,/Users/loganfecko/Desktop/Summer_Research/traceXplainer/dvc-data/systems/dronology/corpus/src/TakeoffCommand.java,32.3429069519043,0.0299913862172382,0.6500439543822039,0.3499560456177961,583.1433,0.0017119086736845,1
/Users/loganfecko/Desktop/Summer_Research/traceXplainer/dvc-data/systems/dronology/corpus/req/RE-729.txt,/Users/loganfecko/Desktop/Summer_Research/traceXplainer/dvc-data/systems/dronology/corpus/src/SetStateFrequencyCommand.java,30.759984970092773,0.0314861609960352,0.6430988846668761,0.3569011153331238,545.32996,0.0018303956957101,1
/Users/loganfecko/Desktop/Summer_Research/traceXplainer/dvc-data/systems/dronology/corpus/req/RE-729.txt,/Users/loganfecko/Desktop/Summer_Research/traceXplainer/dvc-data/systems/dronology/corpus/src/EmergencyStopCommand.java,30.3699893951416,0.0318776008306484,0.6417138852850974,0.3582861147149025,544.99426,0.0018315210769129,1
/Users/loganfecko/Desktop/Summer_Research/traceXplainer/dvc-data/systems/dronology/corpus/req/RE-729.txt,/Users/loganfecko/Desktop/Summer_Research/traceXplainer/dvc-data/systems/dronology/corpus/src/SetVelocityCommand.java,31.27750587463379,0.0309813281076924,0.6107721366045826,0.3892278633954174,564.2334,0.0017691806654814,1
/Users/loganfecko/Desktop/Summer_Research/traceXplainer/dvc-data/systems/dronology/corpus/req/RE-729.txt,/Users/loganfecko/Desktop/Summer_Research/traceXplainer/dvc-data/systems/dronology/corpus/src/IDroneCommand.java,30.78877830505371,0.0314576417628802,0.6424718648915191,0.3575281351084809,546.1538,0.0018276396587097,1
/Users/loganfecko/Desktop/Summer_Research/traceXplainer/dvc-data/systems/dronology/corpus/req/RE-729.txt,/Users/loganfecko/Desktop/Summer_Research/traceXplainer/dvc-data/systems/dronology/corpus/src/AbstractDroneCommand.java,45.28046417236328,0.0216073891626427,0.7027651222612874,0.2972348777387126,811.4544,0.001230838298994,1
/Users/loganfecko/Desktop/Summer_Research/traceXplainer/dvc-data/systems/dronology/corpus/req/RE-729.txt,/Users/loganfecko/Desktop/Summer_Research/traceXplainer/dvc-data/systems/dronology/corpus/src/SetGroundSpeedCommand.java,30.72900390625,0.0315169049414444,0.6066602599892582,0.3933397400107418,552.89545,0.0018053948733793,1
/Users/loganfecko/Desktop/Summer_Research/traceXplainer/dvc-data/systems/dronology/corpus/req/RE-714.txt,/Users/loganfecko/Desktop/Summer_Research/traceXplainer/dvc-data/systems/dronology/corpus/src/CommandIds.java,37.72087097167969,0.0258258653513087,0.7073451538817437,0.2926548461182563,666.6936,0.0014976929458881,1
/Users/loganfecko/Desktop/Summer_Research/traceXplainer/dvc-data/systems/dronology/corpus/req/RE-714.txt,/Users/loganfecko/Desktop/Summer_Research/traceXplainer/dvc-data/systems/dronology/corpus/src/GoToCommand.java,37.9361457824707,0.0256830762240007,0.7999839749630361,0.2000160250369639,689.01447,0.0014492449799857,1
/Users/loganfecko/Desktop/Summer_Research/traceXplainer/dvc-data/systems/dronology/corpus/req/RE-714.txt,/Users/loganfecko/Desktop/Summer_Research/traceXplainer/dvc-data/systems/dronology/corpus/src/SetMonitoringFrequencyCommand.java,35.12466049194336,0.0276819210584144,0.7655479221203503,0.2344520778796497,629.3839,0.0015863349021756,1
/Users/loganfecko/Desktop/Summer_Research/traceXplainer/dvc-data/systems/dronology/corpus/req/RE-714.txt,/Users/loganfecko/Desktop/Summer_Research/traceXplainer/dvc-data/systems/dronology/corpus/src/SetGimbalRotationCommand.java,37.228240966796875,0.0261586715660955,0.783392552358241,0.216607447641759,668.4509,0.0014937614671538,1
/Users/loganfecko/Desktop/Summer_Research/traceXplainer/dvc-data/systems/dronology/corpus/req/RE-714.txt,/Users/loganfecko/Desktop/Summer_Research/traceXplainer/dvc-data/systems/dronology/corpus/src/TakeoffCommand.java,37.74169158935547,0.0258119859762333,0.8224181116055775,0.1775818883944224,673.4614,0.0014826644812809,1
/Users/loganfecko/Desktop/Summer_Research/traceXplainer/dvc-data/systems/dronology/corpus/req/RE-714.txt,/Users/loganfecko/Desktop/Summer_Research/traceXplainer/dvc-data/systems/dronology/corpus/src/SetStateFrequencyCommand.java,35.0257568359375,0.0277579178850852,0.7588424262209466,0.2411575737790534,636.66534,0.0015682207117505,1
/Users/loganfecko/Desktop/Summer_Research/traceXplainer/dvc-data/systems/dronology/corpus/req/RE-714.txt,/Users/loganfecko/Desktop/Summer_Research/traceXplainer/dvc-data/systems/dronology/corpus/src/GroundstationConnector.java,72.1063461303711,0.0136787030529017,0.7884470923285757,0.2115529076714243,1277.588,0.0007821127603816,1
/Users/loganfecko/Desktop/Summer_Research/traceXplainer/dvc-data/systems/dronology/corpus/req/RE-714.txt,/Users/loganfecko/Desktop/Summer_Research/traceXplainer/dvc-data/systems/dronology/corpus/src/UAVHandshakeMessage.java,45.248294830322266,0.0216224188084953,0.7949969302447268,0.2050030697552731,799.83984,0.0012486891203082,1
/Users/loganfecko/Desktop/Summer_Research/traceXplainer/dvc-data/systems/dronology/corpus/req/RE-714.txt,/Users/loganfecko/Desktop/Summer_Research/traceXplainer/dvc-data/systems/dronology/corpus/src/ReadDispatcher.java,66.25213623046875,0.0148694161412667,0.8282345937169099,0.1717654062830901,1193.6481,0.0008370666006441,1
/Users/loganfecko/Desktop/Summer_Research/traceXplainer/dvc-data/systems/dronology/corpus/req/RE-714.txt,/Users/loganfecko/Desktop/Summer_Research/traceXplainer/dvc-data/systems/dronology/corpus/src/SetVelocityCommand.java,36.37037658691406,0.0267591630411926,0.7712195204808299,0.2287804795191701,657.48706,0.0015186327263127,1
/Users/loganfecko/Desktop/Summer_Research/traceXplainer/dvc-data/systems/dronology/corpus/req/RE-714.txt,/Users/loganfecko/Desktop/Summer_Research/traceXplainer/dvc-data/systems/dronology/corpus/src/SetGimbalTargetCommand.java,36.7784538269043,0.0264701145415284,0.7721097206025307,0.2278902793974693,660.676,0.0015113136363217,1
/Users/loganfecko/Desktop/Summer_Research/traceXplainer/dvc-data/systems/dronology/corpus/req/RE-714.txt,/Users/loganfecko/Desktop/Summer_Research/traceXplainer/dvc-data/systems/dronology/corpus/src/IDroneCommand.java,36.00489807128906,0.0270234496545166,0.802285603325445,0.197714396674555,649.6426,0.0015369421455352,1
/Users/loganfecko/Desktop/Summer_Research/traceXplainer/dvc-data/systems/dronology/corpus/req/RE-714.txt,/Users/loganfecko/Desktop/Summer_Research/traceXplainer/dvc-data/systems/dronology/corpus/src/AbstractDroneCommand.java,49.24468994140625,0.0199026006761344,0.8340163353455192,0.1659836646544807,886.77765,0.0011264081734993,1
/Users/loganfecko/Desktop/Summer_Research/traceXplainer/dvc-data/systems/dronology/corpus/req/RE-714.txt,/Users/loganfecko/Desktop/Summer_Research/traceXplainer/dvc-data/systems/dronology/corpus/src/ConnectionRequestMessage.java,34.66569519042969,0.0280381468708433,0.6431812357362278,0.3568187642637722,618.4491,0.0016143376515683,1
/Users/loganfecko/Desktop/Summer_Research/traceXplainer/dvc-data/systems/dronology/corpus/req/RE-714.txt,/Users/loganfecko/Desktop/Summer_Research/traceXplainer/dvc-data/systems/dronology/corpus/src/SetGroundSpeedCommand.java,35.75594711303711,0.027206481632065,0.76280911304064,0.2371908869593599,646.6653,0.0015440074154574,1
/Users/loganfecko/Desktop/Summer_Research/traceXplainer/dvc-data/systems/dronology/corpus/req/RE-516.txt,/Users/loganfecko/Desktop/Summer_Research/traceXplainer/dvc-data/systems/dronology/corpus/src/LlaCoordinate.java,64.86105346679688,0.0151834801808042,0.7781319113946518,0.2218680886053482,1166.3542,0.000856637992857,1
/Users/loganfecko/Desktop/Summer_Research/traceXplainer/dvc-data/systems/dronology/corpus/req/RE-516.txt,/Users/loganfecko/Desktop/Summer_Research/traceXplainer/dvc-data/systems/dronology/corpus/src/PVector.java,58.164512634277344,0.0169020237888454,0.7504277892244882,0.2495722107755118,1036.1997,0.0009641344798122,1
/Users/loganfecko/Desktop/Summer_Research/traceXplainer/dvc-data/systems/dronology/corpus/req/RE-516.txt,/Users/loganfecko/Desktop/Summer_Research/traceXplainer/dvc-data/systems/dronology/corpus/src/NVector.java,65.01285552978516,0.0151485645026944,0.7622084181345796,0.2377915818654203,1159.8337,0.0008614498057216,1
/Users/loganfecko/Desktop/Summer_Research/traceXplainer/dvc-data/systems/dronology/corpus/req/RE-36.txt,/Users/loganfecko/Desktop/Summer_Research/traceXplainer/dvc-data/systems/dronology/corpus/src/DroneFleetManager.java,67.712890625,0.0145533100252977,0.7065630678209772,0.2934369321790228,1211.9535,0.000824433918733,1
/Users/loganfecko/Desktop/Summer_Research/traceXplainer/dvc-data/systems/dronology/corpus/req/RE-36.txt,/Users/loganfecko/Desktop/Summer_Research/traceXplainer/dvc-data/systems/dronology/corpus/src/PhysicalDroneFleetFactory.java,61.11452865600586,0.0160992930581195,0.8177165498767125,0.1822834501232875,1097.5918,0.0009102562051205,1
/Users/loganfecko/Desktop/Summer_Research/traceXplainer/dvc-data/systems/dronology/corpus/req/RE-36.txt,/Users/loganfecko/Desktop/Summer_Research/traceXplainer/dvc-data/systems/dronology/corpus/src/VirtualDroneFleetFactory.java,54.24794006347656,0.018100222358536,0.7699225129802673,0.2300774870197327,971.65393,0.0010281149013784,1
/Users/loganfecko/Desktop/Summer_Research/traceXplainer/dvc-data/systems/dronology/corpus/req/RE-689.txt,/Users/loganfecko/Desktop/Summer_Research/traceXplainer/dvc-data/systems/dronology/corpus/src/AFMapComponent.java,92.8268814086914,0.0106579264384179,0.8174679821724506,0.1825320178275493,1664.8767,0.0006002845196207,1
/Users/loganfecko/Desktop/Summer_Research/traceXplainer/dvc-data/systems/dronology/corpus/req/RE-689.txt,/Users/loganfecko/Desktop/Summer_Research/traceXplainer/dvc-data/systems/dronology/corpus/src/MapDrawingUtil.java,100.1580581665039,0.009885519929159,0.7701698832905364,0.2298301167094636,1772.868,0.0005637397914204,1
/Users/loganfecko/Desktop/Summer_Research/traceXplainer/dvc-data/systems/dronology/corpus/req/RE-501.txt,/Users/loganfecko/Desktop/Summer_Research/traceXplainer/dvc-data/systems/dronology/corpus/src/FlightRoutePersistenceProvider.java,40.65439224243164,0.0240070721517175,0.7871486806403359,0.212851319359664,722.4048,0.0013823519287116,1
/Users/loganfecko/Desktop/Summer_Research/traceXplainer/dvc-data/systems/dronology/corpus/req/RE-501.txt,/Users/loganfecko/Desktop/Summer_Research/traceXplainer/dvc-data/systems/dronology/corpus/src/DronologyPersistenceUtil.java,40.16237258911133,0.0242940320758995,0.6511576900857662,0.3488423099142338,722.963,0.0013812860359771,1
/Users/loganfecko/Desktop/Summer_Research/traceXplainer/dvc-data/systems/dronology/corpus/req/RE-501.txt,/Users/loganfecko/Desktop/Summer_Research/traceXplainer/dvc-data/systems/dronology/corpus/src/FlightRouteInfo.java,43.55156326293945,0.0224459014849397,0.6532554839175309,0.3467445160824691,766.85034,0.0013023371164488,1
/Users/loganfecko/Desktop/Summer_Research/traceXplainer/dvc-data/systems/dronology/corpus/req/RE-501.txt,/Users/loganfecko/Desktop/Summer_Research/traceXplainer/dvc-data/systems/dronology/corpus/src/FlightRouteplanningServiceInstance.java,75.67334747314453,0.0130423417387672,0.759511009563332,0.240488990436668,1384.4043,0.0007218109560188,1
/Users/loganfecko/Desktop/Summer_Research/traceXplainer/dvc-data/systems/dronology/corpus/req/RE-501.txt,/Users/loganfecko/Desktop/Summer_Research/traceXplainer/dvc-data/systems/dronology/corpus/src/FlightRouteplanningServiceRemoteFacade.java,63.2412223815918,0.0155663289540167,0.7542775728762826,0.2457224271237174,1140.941,0.0008757019538992,1
/Users/loganfecko/Desktop/Summer_Research/traceXplainer/dvc-data/systems/dronology/corpus/req/RE-501.txt,/Users/loganfecko/Desktop/Summer_Research/traceXplainer/dvc-data/systems/dronology/corpus/src/IFlightRoute.java,39.0835075378418,0.0249479165229222,0.7386363131074833,0.2613636868925166,700.2375,0.0014260504000539,1
/Users/loganfecko/Desktop/Summer_Research/traceXplainer/dvc-data/systems/dronology/corpus/req/RE-501.txt,/Users/loganfecko/Desktop/Summer_Research/traceXplainer/dvc-data/systems/dronology/corpus/src/IFlightRouteplanningServiceInstance.java,37.42768096923828,0.0260229078304389,0.7056446584411711,0.2943553415588289,662.2987,0.0015076163889238,1
/Users/loganfecko/Desktop/Summer_Research/traceXplainer/dvc-data/systems/dronology/corpus/req/RE-501.txt,/Users/loganfecko/Desktop/Summer_Research/traceXplainer/dvc-data/systems/dronology/corpus/src/FlightRoute.java,52.96503448486328,0.018530517205182,0.6962414215163157,0.3037585784836842,954.59814,0.0010464649871108,1
/Users/loganfecko/Desktop/Summer_Research/traceXplainer/dvc-data/systems/dronology/corpus/req/RE-501.txt,/Users/loganfecko/Desktop/Summer_Research/traceXplainer/dvc-data/systems/dronology/corpus/src/FlightRouteplanningService.java,48.16826629638672,0.0203383213467807,0.7205940672585249,0.279405932741475,865.42694,0.0011541654036525,1
/Users/loganfecko/Desktop/Summer_Research/traceXplainer/dvc-data/systems/dronology/corpus/req/RE-501.txt,/Users/loganfecko/Desktop/Summer_Research/traceXplainer/dvc-data/systems/dronology/corpus/src/Waypoint.java,51.09632110595703,0.0191952133811163,0.710989713963421,0.2890102860365789,896.569,0.0011141205118807,1
/Users/loganfecko/Desktop/Summer_Research/traceXplainer/dvc-data/systems/dronology/corpus/req/RE-501.txt,/Users/loganfecko/Desktop/Summer_Research/traceXplainer/dvc-data/systems/dronology/corpus/src/DroneSimulatorServiceInstance.java,75.42241668701172,0.0130851658891592,0.7333924137658068,0.2666075862341932,1358.2151,0.0007357187312803,1
/Users/loganfecko/Desktop/Summer_Research/traceXplainer/dvc-data/systems/dronology/corpus/req/RE-677.txt,/Users/loganfecko/Desktop/Summer_Research/traceXplainer/dvc-data/systems/dronology/corpus/src/DroneSetupService.java,57.45283889770508,0.0171078089423516,0.8453180184352129,0.154681981564787,1020.87476,0.0009785935059713,1
/Users/loganfecko/Desktop/Summer_Research/traceXplainer/dvc-data/systems/dronology/corpus/req/RE-101.txt,/Users/loganfecko/Desktop/Summer_Research/traceXplainer/dvc-data/systems/dronology/corpus/src/FlightZoneManager2.java,91.39860534667967,0.0108226741761739,0.756185672207701,0.2438143277922989,1637.9244,0.0006101562564589,1
/Users/loganfecko/Desktop/Summer_Research/traceXplainer/dvc-data/systems/dronology/corpus/req/RE-101.txt,/Users/loganfecko/Desktop/Summer_Research/traceXplainer/dvc-data/systems/dronology/corpus/src/PlanPoolManager.java,72.53160095214844,0.0135995950999456,0.7152246765897503,0.2847753234102497,1305.2972,0.0007655225537129,1
/Users/loganfecko/Desktop/Summer_Research/traceXplainer/dvc-data/systems/dronology/corpus/req/RE-505.txt,/Users/loganfecko/Desktop/Summer_Research/traceXplainer/dvc-data/systems/dronology/corpus/src/FlightRouteplanningServiceInstance.java,75.6977767944336,0.0130381875693765,0.7764691346882253,0.2235308653117746,1379.2761,0.0007244927180168,1
/Users/loganfecko/Desktop/Summer_Research/traceXplainer/dvc-data/systems/dronology/corpus/req/RE-505.txt,/Users/loganfecko/Desktop/Summer_Research/traceXplainer/dvc-data/systems/dronology/corpus/src/AbstractFileTransmitServiceInstance.java,73.74214935302734,0.0133793315907565,0.8330502539882194,0.1669497460117806,1328.1016,0.0007523879500367,1
/Users/loganfecko/Desktop/Summer_Research/traceXplainer/dvc-data/systems/dronology/corpus/req/RE-25.txt,/Users/loganfecko/Desktop/Summer_Research/traceXplainer/dvc-data/systems/dronology/corpus/src/VirtualDrone.java,62.905635833740234,0.015648072145024,0.7855261225566341,0.2144738774433658,1114.0073,0.0008968550952799,1
/Users/loganfecko/Desktop/Summer_Research/traceXplainer/dvc-data/systems/dronology/corpus/req/RE-25.txt,/Users/loganfecko/Desktop/Summer_Research/traceXplainer/dvc-data/systems/dronology/corpus/src/PhysicalDroneFleetFactory.java,58.40725326538086,0.016832961381548,0.7724545435983042,0.2275454564016957,1053.3225,0.0009484763824517,1
/Users/loganfecko/Desktop/Summer_Research/traceXplainer/dvc-data/systems/dronology/corpus/req/RE-25.txt,/Users/loganfecko/Desktop/Summer_Research/traceXplainer/dvc-data/systems/dronology/corpus/src/VirtualDroneFleetFactory.java,51.6910285949707,0.0189785628913581,0.7329688967822663,0.2670311032177337,907.4116,0.001100822553102,1
/Users/loganfecko/Desktop/Summer_Research/traceXplainer/dvc-data/systems/dronology/corpus/req/RE-25.txt,/Users/loganfecko/Desktop/Summer_Research/traceXplainer/dvc-data/systems/dronology/corpus/src/AbstractDrone.java,62.3021354675293,0.0157972553787375,0.7178142751129275,0.2821857248870725,1111.7439,0.0008986793845011,1
/Users/loganfecko/Desktop/Summer_Research/traceXplainer/dvc-data/systems/dronology/corpus/req/RE-25.txt,/Users/loganfecko/Desktop/Summer_Research/traceXplainer/dvc-data/systems/dronology/corpus/src/PhysicalDrone.java,77.54463195800781,0.0127316148165876,0.7616206763482943,0.2383793236517056,1363.6389,0.0007327945790376,1
/Users/loganfecko/Desktop/Summer_Research/traceXplainer/dvc-data/systems/dronology/corpus/req/RE-706.txt,/Users/loganfecko/Desktop/Summer_Research/traceXplainer/dvc-data/systems/dronology/corpus/src/UAVMonitorableMessage.java,55.67886734008789,0.0176432601237378,0.7611438023365051,0.2388561976634948,994.5641,0.0010044556780866,1
/Users/loganfecko/Desktop/Summer_Research/traceXplainer/dvc-data/systems/dronology/corpus/req/RE-706.txt,/Users/loganfecko/Desktop/Summer_Research/traceXplainer/dvc-data/systems/dronology/corpus/src/IMonitorableMessage.java,31.48116874694824,0.030787069510667,0.6100495528468137,0.3899504471531863,568.56177,0.0017557358251979,1
/Users/loganfecko/Desktop/Summer_Research/traceXplainer/dvc-data/systems/dronology/corpus/req/RE-706.txt,/Users/loganfecko/Desktop/Summer_Research/traceXplainer/dvc-data/systems/dronology/corpus/src/ArtifactIdentifier.java,55.83219146728515,0.0175956614408515,0.7729817381725447,0.2270182618274553,998.5519,0.0010004483210188,1
/Users/loganfecko/Desktop/Summer_Research/traceXplainer/dvc-data/systems/dronology/corpus/req/RE-510.txt,/Users/loganfecko/Desktop/Summer_Research/traceXplainer/dvc-data/systems/dronology/corpus/src/LlaCoordinate.java,65.364501953125,0.0150682966129441,0.815716962347364,0.1842830376526359,1176.7285,0.0008490921182029,1
/Users/loganfecko/Desktop/Summer_Research/traceXplainer/dvc-data/systems/dronology/corpus/req/RE-510.txt,/Users/loganfecko/Desktop/Summer_Research/traceXplainer/dvc-data/systems/dronology/corpus/src/PVector.java,58.10272979736328,0.0169196922617373,0.7544325213482788,0.2455674786517212,1033.8418,0.0009663312817667,1
/Users/loganfecko/Desktop/Summer_Research/traceXplainer/dvc-data/systems/dronology/corpus/req/RE-510.txt,/Users/loganfecko/Desktop/Summer_Research/traceXplainer/dvc-data/systems/dronology/corpus/src/NVector.java,66.22821044921875,0.0148747080030541,0.8394762054087466,0.1605237945912534,1192.8055,0.0008376573611236,1
/Users/loganfecko/Desktop/Summer_Research/traceXplainer/dvc-data/systems/dronology/corpus/req/RE-100.txt,/Users/loganfecko/Desktop/Summer_Research/traceXplainer/dvc-data/systems/dronology/corpus/src/PlanPool.java,58.88392639160156,0.0166989718319513,0.6793182488718598,0.3206817511281402,1074.4813,0.0009298162398444,1
/Users/loganfecko/Desktop/Summer_Research/traceXplainer/dvc-data/systems/dronology/corpus/req/RE-114.txt,/Users/loganfecko/Desktop/Summer_Research/traceXplainer/dvc-data/systems/dronology/corpus/src/AFMapComponent.java,93.6269302368164,0.0105678161332864,0.866648229300874,0.1333517706991259,1670.5374,0.0005982516620982,1
/Users/loganfecko/Desktop/Summer_Research/traceXplainer/dvc-data/systems/dronology/corpus/req/RE-114.txt,/Users/loganfecko/Desktop/Summer_Research/traceXplainer/dvc-data/systems/dronology/corpus/src/AFMainLayout.java,45.41495513916016,0.02154478006069,0.7913520244742324,0.2086479755257676,827.22864,0.0012073960673258,1
/Users/loganfecko/Desktop/Summer_Research/traceXplainer/dvc-data/systems/dronology/corpus/req/RE-672.txt,/Users/loganfecko/Desktop/Summer_Research/traceXplainer/dvc-data/systems/dronology/corpus/src/MapDrawingUtil.java,101.25133514404295,0.0097798233987975,0.8222618059399023,0.1777381940600977,1799.3949,0.0005554337003566,1
/Users/loganfecko/Desktop/Summer_Research/traceXplainer/dvc-data/systems/dronology/corpus/req/RE-103.txt,/Users/loganfecko/Desktop/Summer_Research/traceXplainer/dvc-data/systems/dronology/corpus/src/FlightZoneManager2.java,90.95690155029295,0.0108746595757478,0.7401649862389679,0.2598350137610321,1624.7615,0.0006150963813681,1
/Users/loganfecko/Desktop/Summer_Research/traceXplainer/dvc-data/systems/dronology/corpus/req/RE-709.txt,/Users/loganfecko/Desktop/Summer_Research/traceXplainer/dvc-data/systems/dronology/corpus/src/GroundstationConnector.java,71.64248657226562,0.0137660485920341,0.7870745268487446,0.2129254731512554,1278.9414,0.000781285764424,1
/Users/loganfecko/Desktop/Summer_Research/traceXplainer/dvc-data/systems/dronology/corpus/req/RE-709.txt,/Users/loganfecko/Desktop/Summer_Research/traceXplainer/dvc-data/systems/dronology/corpus/src/RuntimeDroneTypes.java,67.24885559082031,0.0146522603396518,0.838596675856628,0.161403324143372,1177.8799,0.0008482628421941,1
/Users/loganfecko/Desktop/Summer_Research/traceXplainer/dvc-data/systems/dronology/corpus/req/RE-709.txt,/Users/loganfecko/Desktop/Summer_Research/traceXplainer/dvc-data/systems/dronology/corpus/src/PhysicalDroneFleetFactory.java,59.77581787109375,0.0164539126749558,0.8425895530199906,0.1574104469800094,1076.3179,0.0009282311440584,1
/Users/loganfecko/Desktop/Summer_Research/traceXplainer/dvc-data/systems/dronology/corpus/req/RE-709.txt,/Users/loganfecko/Desktop/Summer_Research/traceXplainer/dvc-data/systems/dronology/corpus/src/IncommingGroundstationConnectionServer.java,49.51369857788086,0.019796610189971,0.7593063851521091,0.2406936148478908,872.1926,0.001145222679547,1
/Users/loganfecko/Desktop/Summer_Research/traceXplainer/dvc-data/systems/dronology/corpus/req/RE-709.txt,/Users/loganfecko/Desktop/Summer_Research/traceXplainer/dvc-data/systems/dronology/corpus/src/DispatchQueueManager.java,81.58876037597656,0.0121081851264942,0.8066185477365297,0.1933814522634702,1473.905,0.000678009756653,1
/Users/loganfecko/Desktop/Summer_Research/traceXplainer/dvc-data/systems/dronology/corpus/req/RE-709.txt,/Users/loganfecko/Desktop/Summer_Research/traceXplainer/dvc-data/systems/dronology/corpus/src/DronologyServiceRunner.java,67.05329132080078,0.0146943664382966,0.8537475973666477,0.1462524026333522,1199.0007,0.0008333328247073,1
/Users/loganfecko/Desktop/Summer_Research/traceXplainer/dvc-data/systems/dronology/corpus/req/RE-709.txt,/Users/loganfecko/Desktop/Summer_Research/traceXplainer/dvc-data/systems/dronology/corpus/src/ConnectionRequestMessage.java,34.235233306884766,0.028380683371397,0.6922288333153808,0.3077711666846192,612.6067,0.0016297084389533,1
/Users/loganfecko/Desktop/Summer_Research/traceXplainer/dvc-data/systems/dronology/corpus/req/RE-643.txt,/Users/loganfecko/Desktop/Summer_Research/traceXplainer/dvc-data/systems/dronology/corpus/src/AFMapComponent.java,93.96820831298828,0.0105298395933119,0.8816568663003608,0.1183431336996392,1683.28,0.0005937254984953,1
/Users/loganfecko/Desktop/Summer_Research/traceXplainer/dvc-data/systems/dronology/corpus/req/RE-722.txt,/Users/loganfecko/Desktop/Summer_Research/traceXplainer/dvc-data/systems/dronology/corpus/src/UAVStateMessage.java,56.91352081298828,0.0172671249470249,0.7684002266815428,0.2315997733184571,1024.1737,0.0009754444481886,1
/Users/loganfecko/Desktop/Summer_Research/traceXplainer/dvc-data/systems/dronology/corpus/req/RE-722.txt,/Users/loganfecko/Desktop/Summer_Research/traceXplainer/dvc-data/systems/dronology/corpus/src/UAVMessageFactory.java,56.35745620727539,0.0174345249270862,0.631139391470233,0.368860608529767,1017.63696,0.0009817040186351,1
/Users/loganfecko/Desktop/Summer_Research/traceXplainer/dvc-data/systems/dronology/corpus/req/RE-722.txt,/Users/loganfecko/Desktop/Summer_Research/traceXplainer/dvc-data/systems/dronology/corpus/src/UAVMonitoringMessage.java,32.78973388671875,0.0295947876758229,0.6090471073269117,0.3909528926730883,584.4182,0.0017081805416717,1
/Users/loganfecko/Desktop/Summer_Research/traceXplainer/dvc-data/systems/dronology/corpus/req/RE-722.txt,/Users/loganfecko/Desktop/Summer_Research/traceXplainer/dvc-data/systems/dronology/corpus/src/UAVModeChangeMessage.java,36.555538177490234,0.0266272312561179,0.5715367539408496,0.4284632460591504,662.9822,0.0015060645203041,1
/Users/loganfecko/Desktop/Summer_Research/traceXplainer/dvc-data/systems/dronology/corpus/req/RE-508.txt,/Users/loganfecko/Desktop/Summer_Research/traceXplainer/dvc-data/systems/dronology/corpus/src/FlightRoute.java,51.81305313110352,0.0189347129301082,0.6597078035241616,0.3402921964758384,921.3316,0.0010842087549195,1
/Users/loganfecko/Desktop/Summer_Research/traceXplainer/dvc-data/systems/dronology/corpus/req/RE-28.txt,/Users/loganfecko/Desktop/Summer_Research/traceXplainer/dvc-data/systems/dronology/corpus/src/PlanPool.java,59.43281936645508,0.016547300133991,0.707532488905659,0.292467511094341,1091.6941,0.0009151692202852,1
/Users/loganfecko/Desktop/Summer_Research/traceXplainer/dvc-data/systems/dronology/corpus/req/RE-28.txt,/Users/loganfecko/Desktop/Summer_Research/traceXplainer/dvc-data/systems/dronology/corpus/src/PlanPoolManager.java,73.36184692382812,0.0134477563611934,0.7562063485211794,0.2437936514788206,1334.9136,0.0007485514177702,1
/Users/loganfecko/Desktop/Summer_Research/traceXplainer/dvc-data/systems/dronology/corpus/req/RE-681.txt,/Users/loganfecko/Desktop/Summer_Research/traceXplainer/dvc-data/systems/dronology/corpus/src/AFControlsComponent.java,39.02622604370117,0.024983619462604,0.7812587311581713,0.2187412688418286,705.0404,0.0014163495354245,1
/Users/loganfecko/Desktop/Summer_Research/traceXplainer/dvc-data/systems/dronology/corpus/req/RE-681.txt,/Users/loganfecko/Desktop/Summer_Research/traceXplainer/dvc-data/systems/dronology/corpus/src/AFInfoBox.java,78.53013610839844,0.0125738499760268,0.7681819103980231,0.2318180896019769,1441.6864,0.000693151331469,1
/Users/loganfecko/Desktop/Summer_Research/traceXplainer/dvc-data/systems/dronology/corpus/req/RE-681.txt,/Users/loganfecko/Desktop/Summer_Research/traceXplainer/dvc-data/systems/dronology/corpus/src/AFMapComponent.java,92.688720703125,0.0106736434492337,0.811714964187512,0.188285035812488,1661.1729,0.0006016221472152,1
/Users/loganfecko/Desktop/Summer_Research/traceXplainer/dvc-data/systems/dronology/corpus/req/RE-681.txt,/Users/loganfecko/Desktop/Summer_Research/traceXplainer/dvc-data/systems/dronology/corpus/src/AFEmergencyComponent.java,46.43476104736328,0.0210815861178578,0.7843589008237426,0.2156410991762574,829.8191,0.0012036314642664,1
/Users/loganfecko/Desktop/Summer_Research/traceXplainer/dvc-data/systems/dronology/corpus/req/RE-681.txt,/Users/loganfecko/Desktop/Summer_Research/traceXplainer/dvc-data/systems/dronology/corpus/src/AFInfoPanel.java,84.33589172363281,0.011718398669092,0.7785004491521104,0.2214995508478896,1503.9235,0.0006644856202375,1
/Users/loganfecko/Desktop/Summer_Research/traceXplainer/dvc-data/systems/dronology/corpus/req/RE-695.txt,/Users/loganfecko/Desktop/Summer_Research/traceXplainer/dvc-data/systems/dronology/corpus/src/AFMapComponent.java,93.43436431884766,0.0105893655049512,0.8476136639986006,0.1523863360013994,1661.0454,0.0006016682780682,1
/Users/loganfecko/Desktop/Summer_Research/traceXplainer/dvc-data/systems/dronology/corpus/req/RE-695.txt,/Users/loganfecko/Desktop/Summer_Research/traceXplainer/dvc-data/systems/dronology/corpus/src/AFFollowBar.java,52.36504364013672,0.0187388584696646,0.7704903581293865,0.2295096418706135,947.38245,0.0010544269391666,1
/Users/loganfecko/Desktop/Summer_Research/traceXplainer/dvc-data/systems/dronology/corpus/req/RE-656.txt,/Users/loganfecko/Desktop/Summer_Research/traceXplainer/dvc-data/systems/dronology/corpus/src/AFDragLayout.java,72.81249237060547,0.0135478422132001,0.7453044924457408,0.2546955075542592,1296.9353,0.0007704544270375,1
/Users/loganfecko/Desktop/Summer_Research/traceXplainer/dvc-data/systems/dronology/corpus/req/RE-656.txt,/Users/loganfecko/Desktop/Summer_Research/traceXplainer/dvc-data/systems/dronology/corpus/src/AFAssignRouteComponent.java,73.8880386352539,0.0133532673337934,0.7591444149146684,0.2408555850853315,1328.4497,0.0007521909213347,1
/Users/loganfecko/Desktop/Summer_Research/traceXplainer/dvc-data/systems/dronology/corpus/req/RE-646.txt,/Users/loganfecko/Desktop/Summer_Research/traceXplainer/dvc-data/systems/dronology/corpus/src/AFDragLayout.java,74.38228607177734,0.013265716020443,0.8293553077102136,0.1706446922897864,1316.9349,0.0007587627979859,1
/Users/loganfecko/Desktop/Summer_Research/traceXplainer/dvc-data/systems/dronology/corpus/req/RE-646.txt,/Users/loganfecko/Desktop/Summer_Research/traceXplainer/dvc-data/systems/dronology/corpus/src/AFAssignRouteComponent.java,74.52168273925781,0.0132412303821744,0.8025413322403296,0.1974586677596703,1341.5637,0.0007448436037555,1
/Users/loganfecko/Desktop/Summer_Research/traceXplainer/dvc-data/systems/dronology/corpus/req/RE-691.txt,/Users/loganfecko/Desktop/Summer_Research/traceXplainer/dvc-data/systems/dronology/corpus/src/AFInfoBox.java,80.47694396972656,0.012273410750059,0.8480749888533153,0.1519250111466846,1456.9739,0.0006858833452419,1
/Users/loganfecko/Desktop/Summer_Research/traceXplainer/dvc-data/systems/dronology/corpus/req/RE-691.txt,/Users/loganfecko/Desktop/Summer_Research/traceXplainer/dvc-data/systems/dronology/corpus/src/AFEmergencyComponent.java,47.07080078125,0.0208026490873447,0.7911854133420358,0.2088145866579641,834.00854,0.0011975925349285,1
/Users/loganfecko/Desktop/Summer_Research/traceXplainer/dvc-data/systems/dronology/corpus/req/RE-693.txt,/Users/loganfecko/Desktop/Summer_Research/traceXplainer/dvc-data/systems/dronology/corpus/src/AFEmergencyComponent.java,45.447975158691406,0.0215294638051165,0.674636264446663,0.325363735553337,808.68225,0.0012350523909767,1
/Users/loganfecko/Desktop/Summer_Research/traceXplainer/dvc-data/systems/dronology/corpus/req/RE-637.txt,/Users/loganfecko/Desktop/Summer_Research/traceXplainer/dvc-data/systems/dronology/corpus/src/FlightManagerService.java,61.16031265258789,0.0160874351708777,0.837863540227907,0.162136459772093,1095.5354,0.0009119632614175,1
/Users/loganfecko/Desktop/Summer_Research/traceXplainer/dvc-data/systems/dronology/corpus/req/RE-555.txt,/Users/loganfecko/Desktop/Summer_Research/traceXplainer/dvc-data/systems/dronology/corpus/src/VirtualDrone.java,63.24370193481445,0.0155657281551841,0.7723353462683807,0.2276646537316192,1136.3453,0.0008792404272859,1
/Users/loganfecko/Desktop/Summer_Research/traceXplainer/dvc-data/systems/dronology/corpus/req/RE-555.txt,/Users/loganfecko/Desktop/Summer_Research/traceXplainer/dvc-data/systems/dronology/corpus/src/DroneFleetManager.java,69.6025161743164,0.0141638011530781,0.7940280779621071,0.2059719220378929,1246.2484,0.000801764900647,1
/Users/loganfecko/Desktop/Summer_Research/traceXplainer/dvc-data/systems/dronology/corpus/req/RE-555.txt,/Users/loganfecko/Desktop/Summer_Research/traceXplainer/dvc-data/systems/dronology/corpus/src/FlightZoneManager2.java,91.4300537109375,0.0108189918738699,0.7591886984030927,0.2408113015969073,1645.7511,0.000607256312645,1
/Users/loganfecko/Desktop/Summer_Research/traceXplainer/dvc-data/systems/dronology/corpus/req/RE-555.txt,/Users/loganfecko/Desktop/Summer_Research/traceXplainer/dvc-data/systems/dronology/corpus/src/ManagedHashTableList.java,44.374481201171875,0.0220388194757844,0.851484743622798,0.1485152563772019,794.57733,0.0012569488349555,1
/Users/loganfecko/Desktop/Summer_Research/traceXplainer/dvc-data/systems/dronology/corpus/req/RE-555.txt,/Users/loganfecko/Desktop/Summer_Research/traceXplainer/dvc-data/systems/dronology/corpus/src/FlightInfo.java,36.42193984985352,0.0267222918964719,0.5696691601665312,0.4303308398334687,654.62067,0.0015252722360515,1
/Users/loganfecko/Desktop/Summer_Research/traceXplainer/dvc-data/systems/dronology/corpus/req/RE-555.txt,/Users/loganfecko/Desktop/Summer_Research/traceXplainer/dvc-data/systems/dronology/corpus/src/PlanPool.java,57.9284782409668,0.0169697238050312,0.6432431688951228,0.3567568311048772,1066.2079,0.0009370245604065,1
/Users/loganfecko/Desktop/Summer_Research/traceXplainer/dvc-data/systems/dronology/corpus/req/RE-555.txt,/Users/loganfecko/Desktop/Summer_Research/traceXplainer/dvc-data/systems/dronology/corpus/src/IDroneSetupRemoteService.java,50.93292617797851,0.0192556066756746,0.783669182827913,0.216330817172087,913.632,0.0010933358762645,1
/Users/loganfecko/Desktop/Summer_Research/traceXplainer/dvc-data/systems/dronology/corpus/req/RE-555.txt,/Users/loganfecko/Desktop/Summer_Research/traceXplainer/dvc-data/systems/dronology/corpus/src/IStartstrategy.java,27.773391723632812,0.0347543316966229,0.797913574813739,0.2020864251862609,492.36426,0.0020268999712987,1
/Users/loganfecko/Desktop/Summer_Research/traceXplainer/dvc-data/systems/dronology/corpus/req/RE-555.txt,/Users/loganfecko/Desktop/Summer_Research/traceXplainer/dvc-data/systems/dronology/corpus/src/IPlanStatusChangeListener.java,29.562049865722656,0.0327203183161338,0.668037500935702,0.331962499064298,525.2394,0.0019002758786746,1
/Users/loganfecko/Desktop/Summer_Research/traceXplainer/dvc-data/systems/dronology/corpus/req/RE-555.txt,/Users/loganfecko/Desktop/Summer_Research/traceXplainer/dvc-data/systems/dronology/corpus/src/FlightManagerService.java,56.52659606933594,0.0173832638871021,0.652444499173666,0.347555500826334,1010.02985,0.000989090484091,1
/Users/loganfecko/Desktop/Summer_Research/traceXplainer/dvc-data/systems/dronology/corpus/req/RE-555.txt,/Users/loganfecko/Desktop/Summer_Research/traceXplainer/dvc-data/systems/dronology/corpus/src/FlightManagerServiceRemoteFacade.java,59.98054122924805,0.0163986737382444,0.6370579748181371,0.3629420251818629,1068.9987,0.0009345806120841,1
/Users/loganfecko/Desktop/Summer_Research/traceXplainer/dvc-data/systems/dronology/corpus/req/RE-555.txt,/Users/loganfecko/Desktop/Summer_Research/traceXplainer/dvc-data/systems/dronology/corpus/src/RemoteInfoFactory.java,48.16166305541992,0.0203410531265531,0.6333221882583351,0.3666778117416649,851.6197,0.0011728558603528,1
/Users/loganfecko/Desktop/Summer_Research/traceXplainer/dvc-data/systems/dronology/corpus/req/RE-555.txt,/Users/loganfecko/Desktop/Summer_Research/traceXplainer/dvc-data/systems/dronology/corpus/src/SoloDirector.java,65.28519439697266,0.01508632522085,0.7685601192768008,0.2314398807231992,1159.2666,0.0008618708826517,1
/Users/loganfecko/Desktop/Summer_Research/traceXplainer/dvc-data/systems/dronology/corpus/req/RE-555.txt,/Users/loganfecko/Desktop/Summer_Research/traceXplainer/dvc-data/systems/dronology/corpus/src/IStopStrategy.java,27.700374603271484,0.0348427507941311,0.7572877613999632,0.2427122386000367,486.25174,0.0020523272036384,1
/Users/loganfecko/Desktop/Summer_Research/traceXplainer/dvc-data/systems/dronology/corpus/req/RE-555.txt,/Users/loganfecko/Desktop/Summer_Research/traceXplainer/dvc-data/systems/dronology/corpus/src/FlightManagerServiceInstance.java,60.74354934692383,0.0161960238855271,0.6728982432226052,0.3271017567773948,1087.4065,0.0009187743783075,1
/Users/loganfecko/Desktop/Summer_Research/traceXplainer/dvc-data/systems/dronology/corpus/req/RE-555.txt,/Users/loganfecko/Desktop/Summer_Research/traceXplainer/dvc-data/systems/dronology/corpus/src/LandingStrategy.java,30.434585571289062,0.0318120942848807,0.7545607320511991,0.2454392679488009,538.9838,0.0018519073209906,1
/Users/loganfecko/Desktop/Summer_Research/traceXplainer/dvc-data/systems/dronology/corpus/req/RE-555.txt,/Users/loganfecko/Desktop/Summer_Research/traceXplainer/dvc-data/systems/dronology/corpus/src/DroneSetupServiceRemoteFacade.java,61.15855407714844,0.0160878903128738,0.782060849951,0.217939150049,1096.8689,0.0009108555704622,1
/Users/loganfecko/Desktop/Summer_Research/traceXplainer/dvc-data/systems/dronology/corpus/req/RE-555.txt,/Users/loganfecko/Desktop/Summer_Research/traceXplainer/dvc-data/systems/dronology/corpus/src/Waypoint.java,53.2015380859375,0.0184496609379328,0.8074735778706572,0.1925264221293428,923.27734,0.0010819263360311,1
/Users/loganfecko/Desktop/Summer_Research/traceXplainer/dvc-data/systems/dronology/corpus/req/RE-555.txt,/Users/loganfecko/Desktop/Summer_Research/traceXplainer/dvc-data/systems/dronology/corpus/src/DroneSetupServiceInstance.java,80.99340057373047,0.0121961035034859,0.7626672461883893,0.2373327538116106,1451.6283,0.0006884073529501,1
/Users/loganfecko/Desktop/Summer_Research/traceXplainer/dvc-data/systems/dronology/corpus/req/RE-555.txt,/Users/loganfecko/Desktop/Summer_Research/traceXplainer/dvc-data/systems/dronology/corpus/src/FlightInfoCreator.java,50.401180267333984,0.0194548061892561,0.5807775041299157,0.4192224958700843,897.1156,0.0011134424113639,1
/Users/loganfecko/Desktop/Summer_Research/traceXplainer/dvc-data/systems/dronology/corpus/req/RE-555.txt,/Users/loganfecko/Desktop/Summer_Research/traceXplainer/dvc-data/systems/dronology/corpus/src/IDroneSetupServiceInstance.java,49.96385955810547,0.0196217478164083,0.790280909842314,0.2097190901576859,877.7196,0.0011380194488524,1
/Users/loganfecko/Desktop/Summer_Research/traceXplainer/dvc-data/systems/dronology/corpus/req/RE-555.txt,/Users/loganfecko/Desktop/Summer_Research/traceXplainer/dvc-data/systems/dronology/corpus/src/IFlightManagerServiceInstance.java,47.27823638916016,0.0207132669872035,0.6584300784357673,0.3415699215642327,845.6241,0.0011811617674718,1
/Users/loganfecko/Desktop/Summer_Research/traceXplainer/dvc-data/systems/dronology/corpus/req/RE-555.txt,/Users/loganfecko/Desktop/Summer_Research/traceXplainer/dvc-data/systems/dronology/corpus/src/DroneSetupService.java,57.3255615234375,0.0171451414076512,0.7780191628186188,0.2219808371813811,1012.9591,0.000986233067629,1
/Users/loganfecko/Desktop/Summer_Research/traceXplainer/dvc-data/systems/dronology/corpus/req/RE-555.txt,/Users/loganfecko/Desktop/Summer_Research/traceXplainer/dvc-data/systems/dronology/corpus/src/IManagedDroneStateChangeListener.java,29.84552764892578,0.0324196107578929,0.7634789890376779,0.2365210109623221,526.0813,0.0018972405247982,1
/Users/loganfecko/Desktop/Summer_Research/traceXplainer/dvc-data/systems/dronology/corpus/req/RE-555.txt,/Users/loganfecko/Desktop/Summer_Research/traceXplainer/dvc-data/systems/dronology/corpus/src/FlightPlan.java,70.62068939208984,0.0139624458866273,0.6942565734385077,0.3057434265614923,1257.5525,0.0007945636020423,1
/Users/loganfecko/Desktop/Summer_Research/traceXplainer/dvc-data/systems/dronology/corpus/req/RE-555.txt,/Users/loganfecko/Desktop/Summer_Research/traceXplainer/dvc-data/systems/dronology/corpus/src/DroneInitializationInfo.java,45.48611068725586,0.0215118018095273,0.8265714811773529,0.1734285188226471,812.60547,0.001229096949823,1
/Users/loganfecko/Desktop/Summer_Research/traceXplainer/dvc-data/systems/dronology/corpus/req/RE-555.txt,/Users/loganfecko/Desktop/Summer_Research/traceXplainer/dvc-data/systems/dronology/corpus/src/PlanPoolManager.java,71.4818344116211,0.0137965603122162,0.6773775470334544,0.3226224529665455,1287.8723,0.0007758720462734,1
/Users/loganfecko/Desktop/Summer_Research/traceXplainer/dvc-data/systems/dronology/corpus/req/RE-555.txt,/Users/loganfecko/Desktop/Summer_Research/traceXplainer/dvc-data/systems/dronology/corpus/src/DroneFlightStateManager.java,83.74983215332031,0.0117994333981795,0.7237462355579256,0.2762537644420744,1472.9993,0.0006784263886664,1
/Users/loganfecko/Desktop/Summer_Research/traceXplainer/dvc-data/systems/dronology/corpus/req/RE-555.txt,/Users/loganfecko/Desktop/Summer_Research/traceXplainer/dvc-data/systems/dronology/corpus/src/IFlightPlan.java,44.02446365356445,0.0222101479696545,0.6296975290977791,0.3703024709022209,786.12384,0.0012704481159891,1
/Users/loganfecko/Desktop/Summer_Research/traceXplainer/dvc-data/systems/dronology/corpus/req/RE-555.txt,/Users/loganfecko/Desktop/Summer_Research/traceXplainer/dvc-data/systems/dronology/corpus/src/IFlightManagerRemoteService.java,45.96366882324219,0.0212930553565504,0.624764373601663,0.3752356263983369,826.6476,0.0012082437265941,1
/Users/loganfecko/Desktop/Summer_Research/traceXplainer/dvc-data/systems/dronology/corpus/req/RE-555.txt,/Users/loganfecko/Desktop/Summer_Research/traceXplainer/dvc-data/systems/dronology/corpus/src/DronologyServiceRunner.java,66.39750671386719,0.0148373441208359,0.7892176794369745,0.2107823205630254,1180.3715,0.0008464738093749,1
/Users/loganfecko/Desktop/Summer_Research/traceXplainer/dvc-data/systems/dronology/corpus/req/RE-555.txt,/Users/loganfecko/Desktop/Summer_Research/traceXplainer/dvc-data/systems/dronology/corpus/src/FlightPlanFactory.java,33.21486282348633,0.0292270644239895,0.6425710149700781,0.3574289850299219,587.53796,0.0016991257342672,1
/Users/loganfecko/Desktop/Summer_Research/traceXplainer/dvc-data/systems/dronology/corpus/req/RE-555.txt,/Users/loganfecko/Desktop/Summer_Research/traceXplainer/dvc-data/systems/dronology/corpus/src/DroneSimulatorServiceInstance.java,76.74576568603516,0.0128624368308153,0.7894173764141461,0.2105826235858539,1391.7764,0.0007179903562115,1
/Users/loganfecko/Desktop/Summer_Research/traceXplainer/dvc-data/systems/dronology/corpus/req/RE-555.txt,/Users/loganfecko/Desktop/Summer_Research/traceXplainer/dvc-data/systems/dronology/corpus/src/DummyLockObject.java,32.48747634887695,0.0298619098549519,0.8015092630243473,0.1984907369756526,583.53894,0.0017107500131041,1
/Users/loganfecko/Desktop/Summer_Research/traceXplainer/dvc-data/systems/dronology/corpus/req/RE-555.txt,/Users/loganfecko/Desktop/Summer_Research/traceXplainer/dvc-data/systems/dronology/corpus/src/DroneException.java,33.51293182373047,0.0289746465211169,0.8438505644099382,0.1561494355900617,591.00635,0.0016891710772342,1
/Users/loganfecko/Desktop/Summer_Research/traceXplainer/dvc-data/systems/dronology/corpus/req/RE-555.txt,/Users/loganfecko/Desktop/Summer_Research/traceXplainer/dvc-data/systems/dronology/corpus/src/PhysicalDrone.java,77.60274505615234,0.0127222019954343,0.7573417218001186,0.2426582781998814,1387.9547,0.0007199658789608,1
/Users/loganfecko/Desktop/Summer_Research/traceXplainer/dvc-data/systems/dronology/corpus/req/RE-541.txt,/Users/loganfecko/Desktop/Summer_Research/traceXplainer/dvc-data/systems/dronology/corpus/src/FullMissionPlan.java,79.73503112792969,0.0123861969956441,0.8261775861999796,0.1738224138000204,1399.9897,0.0007137810985328,1
/Users/loganfecko/Desktop/Summer_Research/traceXplainer/dvc-data/systems/dronology/corpus/req/RE-541.txt,/Users/loganfecko/Desktop/Summer_Research/traceXplainer/dvc-data/systems/dronology/corpus/src/TaskList.java,37.508792877197266,0.0259680952137075,0.7166149593474997,0.2833850406525002,657.5805,0.0015184172501986,1
/Users/loganfecko/Desktop/Summer_Research/traceXplainer/dvc-data/systems/dronology/corpus/req/RE-541.txt,/Users/loganfecko/Desktop/Summer_Research/traceXplainer/dvc-data/systems/dronology/corpus/src/IMissionTask.java,33.213802337646484,0.0292279703416556,0.7802721334592957,0.2197278665407043,599.2873,0.0016658690139314,1
/Users/loganfecko/Desktop/Summer_Research/traceXplainer/dvc-data/systems/dronology/corpus/req/RE-541.txt,/Users/loganfecko/Desktop/Summer_Research/traceXplainer/dvc-data/systems/dronology/corpus/src/CoordinatedTakeoffPattern.java,58.6419563293457,0.0167667203013588,0.7310036357626812,0.2689963642373187,1029.6907,0.0009702231963406,1
/Users/loganfecko/Desktop/Summer_Research/traceXplainer/dvc-data/systems/dronology/corpus/req/RE-541.txt,/Users/loganfecko/Desktop/Summer_Research/traceXplainer/dvc-data/systems/dronology/corpus/src/IFlightPattern.java,54.099613189697266,0.0181489477350266,0.7371312616875109,0.2628687383124891,970.94916,0.0010288604008373,1
/Users/loganfecko/Desktop/Summer_Research/traceXplainer/dvc-data/systems/dronology/corpus/req/RE-541.txt,/Users/loganfecko/Desktop/Summer_Research/traceXplainer/dvc-data/systems/dronology/corpus/src/CoordinatedLandingPattern.java,62.67427444458008,0.015704929639526,0.7330304610074225,0.2669695389925774,1105.1173,0.000904063241166,1
/Users/loganfecko/Desktop/Summer_Research/traceXplainer/dvc-data/systems/dronology/corpus/req/RE-541.txt,/Users/loganfecko/Desktop/Summer_Research/traceXplainer/dvc-data/systems/dronology/corpus/src/PatternFactory.java,35.698123931884766,0.0272493493633651,0.6602952416682357,0.3397047583317643,644.54395,0.0015490812163313,1
/Users/loganfecko/Desktop/Summer_Research/traceXplainer/dvc-data/systems/dronology/corpus/req/RE-541.txt,/Users/loganfecko/Desktop/Summer_Research/traceXplainer/dvc-data/systems/dronology/corpus/src/SyncConstants.java,37.676116943359375,0.0258557497244225,0.745084175263375,0.254915824736625,678.00146,0.0014727508728278,1
/Users/loganfecko/Desktop/Summer_Research/traceXplainer/dvc-data/systems/dronology/corpus/req/RE-541.txt,/Users/loganfecko/Desktop/Summer_Research/traceXplainer/dvc-data/systems/dronology/corpus/src/AbstractFlightPattern.java,40.208492279052734,0.0242668426990308,0.6421444389059893,0.3578555610940107,730.34375,0.0013673460667435,1
/Users/loganfecko/Desktop/Summer_Research/traceXplainer/dvc-data/systems/dronology/corpus/req/RE-541.txt,/Users/loganfecko/Desktop/Summer_Research/traceXplainer/dvc-data/systems/dronology/corpus/src/PatternTask.java,30.28879165649414,0.0319603265916613,0.660436106006751,0.339563893993249,544.03394,0.0018347481409513,1
/Users/loganfecko/Desktop/Summer_Research/traceXplainer/dvc-data/systems/dronology/corpus/req/RE-596.txt,/Users/loganfecko/Desktop/Summer_Research/traceXplainer/dvc-data/systems/dronology/corpus/src/VirtualDrone.java,61.43828201293945,0.0160158154222238,0.6965331665167158,0.3034668334832842,1091.8047,0.0009150766019202,1
/Users/loganfecko/Desktop/Summer_Research/traceXplainer/dvc-data/systems/dronology/corpus/req/RE-8.txt,/Users/loganfecko/Desktop/Summer_Research/traceXplainer/dvc-data/systems/dronology/corpus/src/FlightZoneManager2.java,93.2846221923828,0.0106061834554478,0.8326741203939314,0.1673258796060686,1666.6328,0.0005996523890057,1
/Users/loganfecko/Desktop/Summer_Research/traceXplainer/dvc-data/systems/dronology/corpus/req/RE-8.txt,/Users/loganfecko/Desktop/Summer_Research/traceXplainer/dvc-data/systems/dronology/corpus/src/ModeChangeMessageTypeAdapter.java,51.88492965698242,0.018908978540505,0.7624889754040303,0.2375110245959697,946.8436,0.0010550263466815,1
/Users/loganfecko/Desktop/Summer_Research/traceXplainer/dvc-data/systems/dronology/corpus/req/RE-8.txt,/Users/loganfecko/Desktop/Summer_Research/traceXplainer/dvc-data/systems/dronology/corpus/src/StatusDispatchThread.java,60.4034538269043,0.0162857288584936,0.7781255166102707,0.2218744833897292,1086.5867,0.0009194669516056,1
/Users/loganfecko/Desktop/Summer_Research/traceXplainer/dvc-data/systems/dronology/corpus/req/RE-8.txt,/Users/loganfecko/Desktop/Summer_Research/traceXplainer/dvc-data/systems/dronology/corpus/src/AbstractDrone.java,64.21470642089844,0.0153339646052526,0.7811154586070608,0.2188845413929392,1154.1168,0.0008657133041176,1
/Users/loganfecko/Desktop/Summer_Research/traceXplainer/dvc-data/systems/dronology/corpus/req/RE-8.txt,/Users/loganfecko/Desktop/Summer_Research/traceXplainer/dvc-data/systems/dronology/corpus/src/UAVMessageFactory.java,61.19443893432617,0.0160786079452528,0.8202656994422141,0.1797343005577859,1106.1716,0.0009032023329786,1
/Users/loganfecko/Desktop/Summer_Research/traceXplainer/dvc-data/systems/dronology/corpus/req/RE-8.txt,/Users/loganfecko/Desktop/Summer_Research/traceXplainer/dvc-data/systems/dronology/corpus/src/SoloDirector.java,67.16058349609375,0.0146712359065604,0.8415647477006439,0.158435252299356,1189.7637,0.0008397972020975,1
/Users/loganfecko/Desktop/Summer_Research/traceXplainer/dvc-data/systems/dronology/corpus/req/RE-8.txt,/Users/loganfecko/Desktop/Summer_Research/traceXplainer/dvc-data/systems/dronology/corpus/src/ManagedDrone.java,83.28913116455078,0.0118639258251195,0.7898598377997998,0.2101401622002001,1501.7522,0.0006654457080945,1
/Users/loganfecko/Desktop/Summer_Research/traceXplainer/dvc-data/systems/dronology/corpus/req/RE-8.txt,/Users/loganfecko/Desktop/Summer_Research/traceXplainer/dvc-data/systems/dronology/corpus/src/MissionPlanningService.java,57.46686172485352,0.0171037057659435,0.8128466648163504,0.1871533351836496,1033.8583,0.0009663158935254,1
/Users/loganfecko/Desktop/Summer_Research/traceXplainer/dvc-data/systems/dronology/corpus/req/RE-8.txt,/Users/loganfecko/Desktop/Summer_Research/traceXplainer/dvc-data/systems/dronology/corpus/src/DroneFlightStateManager.java,85.83778381347656,0.0115157245623397,0.8061992797703821,0.1938007202296179,1501.831,0.0006654107904417,1
/Users/loganfecko/Desktop/Summer_Research/traceXplainer/dvc-data/systems/dronology/corpus/req/RE-8.txt,/Users/loganfecko/Desktop/Summer_Research/traceXplainer/dvc-data/systems/dronology/corpus/src/IMissionPlanningServiceInstance.java,46.32295608520508,0.0211313933601167,0.7925584585196987,0.2074415414803012,828.51807,0.0012055192532844,1
/Users/loganfecko/Desktop/Summer_Research/traceXplainer/dvc-data/systems/dronology/corpus/req/RE-8.txt,/Users/loganfecko/Desktop/Summer_Research/traceXplainer/dvc-data/systems/dronology/corpus/src/MissionPlanningServiceInstance.java,81.350341796875,0.0121432404308241,0.872579457033249,0.1274205429667509,1443.4175,0.0006923206161112,1
/Users/loganfecko/Desktop/Summer_Research/traceXplainer/dvc-data/systems/dronology/corpus/req/RE-8.txt,/Users/loganfecko/Desktop/Summer_Research/traceXplainer/dvc-data/systems/dronology/corpus/src/UAVModeChangeMessage.java,43.361328125,0.0225421564742658,0.8271857297024161,0.1728142702975839,803.6456,0.001242783112046,1
/Users/loganfecko/Desktop/Summer_Research/traceXplainer/dvc-data/systems/dronology/corpus/req/RE-8.txt,/Users/loganfecko/Desktop/Summer_Research/traceXplainer/dvc-data/systems/dronology/corpus/src/PhysicalDrone.java,78.52803802490234,0.0125741816953521,0.7927706299119948,0.2072293700880052,1397.7083,0.0007149453780683,1
/Users/loganfecko/Desktop/Summer_Research/traceXplainer/dvc-data/systems/dronology/corpus/req/RE-597.txt,/Users/loganfecko/Desktop/Summer_Research/traceXplainer/dvc-data/systems/dronology/corpus/src/DroneVoltageSimulator.java,46.78227233886719,0.0209282637901374,0.6845743282662271,0.3154256717337729,842.30554,0.0011858098283543,1
/Users/loganfecko/Desktop/Summer_Research/traceXplainer/dvc-data/systems/dronology/corpus/req/RE-634.txt,/Users/loganfecko/Desktop/Summer_Research/traceXplainer/dvc-data/systems/dronology/corpus/src/FlightRouteplanningServiceInstance.java,76.3353271484375,0.0129307011022349,0.7984706424003707,0.2015293575996293,1375.1151,0.0007266833937498,1
/Users/loganfecko/Desktop/Summer_Research/traceXplainer/dvc-data/systems/dronology/corpus/req/RE-634.txt,/Users/loganfecko/Desktop/Summer_Research/traceXplainer/dvc-data/systems/dronology/corpus/src/FlightRouteplanningServiceRemoteFacade.java,63.38003921508789,0.0155327646921601,0.778500801677696,0.221499198322304,1130.3091,0.0008839317352641,1
/Users/loganfecko/Desktop/Summer_Research/traceXplainer/dvc-data/systems/dronology/corpus/req/RE-634.txt,/Users/loganfecko/Desktop/Summer_Research/traceXplainer/dvc-data/systems/dronology/corpus/src/IFlightRouteplanningServiceInstance.java,37.24000930786133,0.0261506212498337,0.750809061136586,0.249190938863414,676.4053,0.0014762211621493,1
/Users/loganfecko/Desktop/Summer_Research/traceXplainer/dvc-data/systems/dronology/corpus/req/RE-634.txt,/Users/loganfecko/Desktop/Summer_Research/traceXplainer/dvc-data/systems/dronology/corpus/src/AbstractFileTransmitServerService.java,55.889163970947266,0.0175780400026741,0.8373232934038959,0.1626767065961041,997.72626,0.0010012753671653,1
/Users/loganfecko/Desktop/Summer_Research/traceXplainer/dvc-data/systems/dronology/corpus/req/RE-634.txt,/Users/loganfecko/Desktop/Summer_Research/traceXplainer/dvc-data/systems/dronology/corpus/src/FlightRouteplanningService.java,48.263275146484375,0.0202990969850563,0.7556676494909722,0.2443323505090278,856.0126,0.0011668440244894,1
/Users/loganfecko/Desktop/Summer_Research/traceXplainer/dvc-data/systems/dronology/corpus/req/RE-595.txt,/Users/loganfecko/Desktop/Summer_Research/traceXplainer/dvc-data/systems/dronology/corpus/src/SimpleSimulator.java,46.72346878051758,0.02095405102674,0.6960224421595803,0.3039775578404197,825.584,0.0012097984220636,1
/Users/loganfecko/Desktop/Summer_Research/traceXplainer/dvc-data/systems/dronology/corpus/req/RE-595.txt,/Users/loganfecko/Desktop/Summer_Research/traceXplainer/dvc-data/systems/dronology/corpus/src/FlightSimulator.java,72.1490249633789,0.0136707222071741,0.8487960971849176,0.1512039028150824,1299.4337,0.0007689742182431,1
/Users/loganfecko/Desktop/Summer_Research/traceXplainer/dvc-data/systems/dronology/corpus/req/RE-595.txt,/Users/loganfecko/Desktop/Summer_Research/traceXplainer/dvc-data/systems/dronology/corpus/src/NVECSimulator.java,52.60626602172851,0.0186545356394467,0.7591393938516605,0.2408606061483394,922.865,0.0010824092378977,1
/Users/loganfecko/Desktop/Summer_Research/traceXplainer/dvc-data/systems/dronology/corpus/req/RE-595.txt,/Users/loganfecko/Desktop/Summer_Research/traceXplainer/dvc-data/systems/dronology/corpus/src/NvecInterpolator.java,55.80093765258789,0.0176053431743734,0.8002396324351533,0.1997603675648467,1000.7565,0.0009982466100498,1
/Users/loganfecko/Desktop/Summer_Research/traceXplainer/dvc-data/systems/dronology/corpus/req/RE-594.txt,/Users/loganfecko/Desktop/Summer_Research/traceXplainer/dvc-data/systems/dronology/corpus/src/VirtualDrone.java,61.91366195678711,0.0158947988226604,0.7200590590311817,0.2799409409688183,1101.9569,0.000906653733865,1
/Users/loganfecko/Desktop/Summer_Research/traceXplainer/dvc-data/systems/dronology/corpus/req/RE-77.txt,/Users/loganfecko/Desktop/Summer_Research/traceXplainer/dvc-data/systems/dronology/corpus/src/VirtualDrone.java,64.34982299804688,0.0153022602682472,0.8320379920787282,0.1679620079212718,1159.05,0.0008620317726896,1
/Users/loganfecko/Desktop/Summer_Research/traceXplainer/dvc-data/systems/dronology/corpus/req/RE-77.txt,/Users/loganfecko/Desktop/Summer_Research/traceXplainer/dvc-data/systems/dronology/corpus/src/CommandIds.java,42.12187576293945,0.0231900858278395,0.9472651703239569,0.0527348296760432,763.1642,0.0013086192996107,1
/Users/loganfecko/Desktop/Summer_Research/traceXplainer/dvc-data/systems/dronology/corpus/req/RE-77.txt,/Users/loganfecko/Desktop/Summer_Research/traceXplainer/dvc-data/systems/dronology/corpus/src/GoToCommand.java,36.64222717285156,0.0265659094879811,0.7751459685629937,0.2248540314370063,656.59546,0.0015206917662485,1
/Users/loganfecko/Desktop/Summer_Research/traceXplainer/dvc-data/systems/dronology/corpus/req/RE-77.txt,/Users/loganfecko/Desktop/Summer_Research/traceXplainer/dvc-data/systems/dronology/corpus/src/DroneFleetManager.java,71.16422271728516,0.0138572822147293,0.8735662598878824,0.1264337401121176,1271.5872,0.0007858007945105,1
/Users/loganfecko/Desktop/Summer_Research/traceXplainer/dvc-data/systems/dronology/corpus/req/RE-77.txt,/Users/loganfecko/Desktop/Summer_Research/traceXplainer/dvc-data/systems/dronology/corpus/src/SetMonitoringFrequencyCommand.java,37.04135513305664,0.0262871813189176,0.9024236786140712,0.0975763213859287,663.918,0.001503944779965,1
/Users/loganfecko/Desktop/Summer_Research/traceXplainer/dvc-data/systems/dronology/corpus/req/RE-77.txt,/Users/loganfecko/Desktop/Summer_Research/traceXplainer/dvc-data/systems/dronology/corpus/src/LlaCoordinate.java,64.03852081298828,0.0153755034324258,0.729246070790329,0.270753929209671,1144.1627,0.0008732383466331,1
/Users/loganfecko/Desktop/Summer_Research/traceXplainer/dvc-data/systems/dronology/corpus/req/RE-77.txt,/Users/loganfecko/Desktop/Summer_Research/traceXplainer/dvc-data/systems/dronology/corpus/src/FlightZoneManager2.java,92.63420104980467,0.0106798583080566,0.8122921356171248,0.1877078643828752,1661.1605,0.0006016266097569,1
/Users/loganfecko/Desktop/Summer_Research/traceXplainer/dvc-data/systems/dronology/corpus/req/RE-77.txt,/Users/loganfecko/Desktop/Summer_Research/traceXplainer/dvc-data/systems/dronology/corpus/src/SetGimbalRotationCommand.java,36.500099182128906,0.0266665961373393,0.785246623466253,0.214753376533747,663.7343,0.0015043604324191,1
/Users/loganfecko/Desktop/Summer_Research/traceXplainer/dvc-data/systems/dronology/corpus/req/RE-77.txt,/Users/loganfecko/Desktop/Summer_Research/traceXplainer/dvc-data/systems/dronology/corpus/src/TakeoffCommand.java,36.519927978515625,0.0266525031863763,0.8029761733855921,0.1970238266144078,653.04144,0.0015289551004753,1
/Users/loganfecko/Desktop/Summer_Research/traceXplainer/dvc-data/systems/dronology/corpus/req/RE-77.txt,/Users/loganfecko/Desktop/Summer_Research/traceXplainer/dvc-data/systems/dronology/corpus/src/ManagedHashTableList.java,43.71841049194336,0.0223621544012653,0.8527682552864531,0.1472317447135469,780.9605,0.0012788369577324,1
/Users/loganfecko/Desktop/Summer_Research/traceXplainer/dvc-data/systems/dronology/corpus/req/RE-77.txt,/Users/loganfecko/Desktop/Summer_Research/traceXplainer/dvc-data/systems/dronology/corpus/src/RemoteRMIRemoteObject.java,63.13010025024414,0.0155933016804568,0.8572395234694556,0.1427604765305443,1125.8479,0.0008874312137896,1
/Users/loganfecko/Desktop/Summer_Research/traceXplainer/dvc-data/systems/dronology/corpus/req/RE-77.txt,/Users/loganfecko/Desktop/Summer_Research/traceXplainer/dvc-data/systems/dronology/corpus/src/SetStateFrequencyCommand.java,36.97300720214844,0.026334495834805,0.8961888874476617,0.1038111125523383,666.0461,0.0014991468021022,1
/Users/loganfecko/Desktop/Summer_Research/traceXplainer/dvc-data/systems/dronology/corpus/req/RE-77.txt,/Users/loganfecko/Desktop/Summer_Research/traceXplainer/dvc-data/systems/dronology/corpus/src/IUAVPropertyUpdateNotifier.java,42.99494552612305,0.0227298838091804,0.7626824852249872,0.2373175147750128,759.0548,0.0013156945886117,1
/Users/loganfecko/Desktop/Summer_Research/traceXplainer/dvc-data/systems/dronology/corpus/req/RE-77.txt,/Users/loganfecko/Desktop/Summer_Research/traceXplainer/dvc-data/systems/dronology/corpus/src/InfoNotification.java,33.28325653076172,0.0291687576150392,0.8736840668322783,0.1263159331677217,596.9153,0.0016724777373858,1
/Users/loganfecko/Desktop/Summer_Research/traceXplainer/dvc-data/systems/dronology/corpus/req/RE-77.txt,/Users/loganfecko/Desktop/Summer_Research/traceXplainer/dvc-data/systems/dronology/corpus/src/DronologyPersistenceUtil.java,41.7623291015625,0.0233850686108549,0.752941324002433,0.247058675997567,745.63354,0.0013393451269385,1
/Users/loganfecko/Desktop/Summer_Research/traceXplainer/dvc-data/systems/dronology/corpus/req/RE-77.txt,/Users/loganfecko/Desktop/Summer_Research/traceXplainer/dvc-data/systems/dronology/corpus/src/FlightInfo.java,42.021034240722656,0.0232444435065074,0.8302368431466995,0.1697631568533004,757.51117,0.0013183721483583,1
/Users/loganfecko/Desktop/Summer_Research/traceXplainer/dvc-data/systems/dronology/corpus/req/RE-77.txt,/Users/loganfecko/Desktop/Summer_Research/traceXplainer/dvc-data/systems/dronology/corpus/src/RuntimeDroneTypes.java,67.0875015258789,0.0146869833315871,0.8093473986606049,0.1906526013393951,1189.1798,0.0008402091784442,1
/Users/loganfecko/Desktop/Summer_Research/traceXplainer/dvc-data/systems/dronology/corpus/req/RE-77.txt,/Users/loganfecko/Desktop/Summer_Research/traceXplainer/dvc-data/systems/dronology/corpus/src/FlightRouteInfo.java,44.559776306152344,0.0219491859064497,0.7211688066210602,0.2788311933789398,794.3432,0.0012573188519629,1
/Users/loganfecko/Desktop/Summer_Research/traceXplainer/dvc-data/systems/dronology/corpus/req/RE-77.txt,/Users/loganfecko/Desktop/Summer_Research/traceXplainer/dvc-data/systems/dronology/corpus/src/PlanPool.java,62.97177505493164,0.0156318938960395,0.8648061353020154,0.1351938646979845,1150.5613,0.000868386266522,1
/Users/loganfecko/Desktop/Summer_Research/traceXplainer/dvc-data/systems/dronology/corpus/req/RE-77.txt,/Users/loganfecko/Desktop/Summer_Research/traceXplainer/dvc-data/systems/dronology/corpus/src/DronologyConstants.java,43.88267517089844,0.0222803118618114,0.8344742292552014,0.1655257707447985,803.93994,0.0012423287111992,1
/Users/loganfecko/Desktop/Summer_Research/traceXplainer/dvc-data/systems/dronology/corpus/req/RE-77.txt,/Users/loganfecko/Desktop/Summer_Research/traceXplainer/dvc-data/systems/dronology/corpus/src/FlightRouteplanningServiceInstance.java,76.97411346435547,0.0128247690877195,0.8256056996370253,0.1743943003629746,1377.5745,0.0007253870044155,1
/Users/loganfecko/Desktop/Summer_Research/traceXplainer/dvc-data/systems/dronology/corpus/req/RE-77.txt,/Users/loganfecko/Desktop/Summer_Research/traceXplainer/dvc-data/systems/dronology/corpus/src/IDroneSetupRemoteService.java,52.46691131591797,0.0187031563145912,0.8733205729118284,0.1266794270881716,929.2318,0.0010750008628089,1
/Users/loganfecko/Desktop/Summer_Research/traceXplainer/dvc-data/systems/dronology/corpus/req/RE-77.txt,/Users/loganfecko/Desktop/Summer_Research/traceXplainer/dvc-data/systems/dronology/corpus/src/PhysicalDroneFleetFactory.java,60.8550910949707,0.0161668179982893,0.8624378962376209,0.1375621037623791,1103.8069,0.0009051355615077,1
/Users/loganfecko/Desktop/Summer_Research/traceXplainer/dvc-data/systems/dronology/corpus/req/RE-77.txt,/Users/loganfecko/Desktop/Summer_Research/traceXplainer/dvc-data/systems/dronology/corpus/src/IStartstrategy.java,27.540979385375977,0.0350373400470057,0.8608128266663825,0.1391871733336175,488.755,0.0020418372247962,1
/Users/loganfecko/Desktop/Summer_Research/traceXplainer/dvc-data/systems/dronology/corpus/req/RE-77.txt,/Users/loganfecko/Desktop/Summer_Research/traceXplainer/dvc-data/systems/dronology/corpus/src/IPlanStatusChangeListener.java,32.804805755615234,0.0295815928430203,0.8780311557655174,0.1219688442344826,592.4497,0.0016850627578915,1
/Users/loganfecko/Desktop/Summer_Research/traceXplainer/dvc-data/systems/dronology/corpus/req/RE-77.txt,/Users/loganfecko/Desktop/Summer_Research/traceXplainer/dvc-data/systems/dronology/corpus/src/FlightManagerService.java,60.48028945922851,0.0162653755991692,0.8274289250548623,0.1725710749451376,1072.7876,0.0009312828739898,1
/Users/loganfecko/Desktop/Summer_Research/traceXplainer/dvc-data/systems/dronology/corpus/req/RE-77.txt,/Users/loganfecko/Desktop/Summer_Research/traceXplainer/dvc-data/systems/dronology/corpus/src/FlightPlanInfo.java,43.03426361083984,0.0227095883523264,0.7470195082334667,0.2529804917665332,777.41846,0.0012846560753631,1
/Users/loganfecko/Desktop/Summer_Research/traceXplainer/dvc-data/systems/dronology/corpus/req/RE-77.txt,/Users/loganfecko/Desktop/Summer_Research/traceXplainer/dvc-data/systems/dronology/corpus/src/IFlightRoute.java,36.92447280883789,0.0263681977872335,0.6906131471088331,0.3093868528911668,659.7743,0.001513376068226,1
/Users/loganfecko/Desktop/Summer_Research/traceXplainer/dvc-data/systems/dronology/corpus/req/RE-77.txt,/Users/loganfecko/Desktop/Summer_Research/traceXplainer/dvc-data/systems/dronology/corpus/src/IMissionPlan.java,34.9334602355957,0.0278292152618633,0.8829146556370953,0.1170853443629047,628.0864,0.0015896067042904,1
/Users/loganfecko/Desktop/Summer_Research/traceXplainer/dvc-data/systems/dronology/corpus/req/RE-77.txt,/Users/loganfecko/Desktop/Summer_Research/traceXplainer/dvc-data/systems/dronology/corpus/src/AbstractDrone.java,64.6245346069336,0.0152382033029205,0.8138343354840017,0.1861656645159982,1164.2778,0.0008581644415708,1
/Users/loganfecko/Desktop/Summer_Research/traceXplainer/dvc-data/systems/dronology/corpus/req/RE-77.txt,/Users/loganfecko/Desktop/Summer_Research/traceXplainer/dvc-data/systems/dronology/corpus/src/FlightManagerServiceRemoteFacade.java,63.66845703125,0.0154634894028284,0.795415110558816,0.204584889441184,1117.4198,0.0008941186486278,1
/Users/loganfecko/Desktop/Summer_Research/traceXplainer/dvc-data/systems/dronology/corpus/req/RE-77.txt,/Users/loganfecko/Desktop/Summer_Research/traceXplainer/dvc-data/systems/dronology/corpus/src/FlightRoute.java,52.01641845703125,0.0188620813910785,0.6731082446291755,0.3268917553708245,931.94916,0.001071869770963,1
/Users/loganfecko/Desktop/Summer_Research/traceXplainer/dvc-data/systems/dronology/corpus/req/RE-77.txt,/Users/loganfecko/Desktop/Summer_Research/traceXplainer/dvc-data/systems/dronology/corpus/src/RemoteInfoFactory.java,50.75900650024414,0.0193203090170458,0.7516832365715358,0.2483167634284642,908.2595,0.0010997960168374,1
/Users/loganfecko/Desktop/Summer_Research/traceXplainer/dvc-data/systems/dronology/corpus/req/RE-77.txt,/Users/loganfecko/Desktop/Summer_Research/traceXplainer/dvc-data/systems/dronology/corpus/src/IDrone.java,61.45322036743164,0.0160119845560675,0.7912887338504812,0.2087112661495188,1106.9519,0.0009025662541142,1
/Users/loganfecko/Desktop/Summer_Research/traceXplainer/dvc-data/systems/dronology/corpus/req/RE-77.txt,/Users/loganfecko/Desktop/Summer_Research/traceXplainer/dvc-data/systems/dronology/corpus/src/SetVelocityCommand.java,37.53253936767578,0.0259520918270671,0.866356991916807,0.1336430080831929,677.52405,0.0014737871165603,1
/Users/loganfecko/Desktop/Summer_Research/traceXplainer/dvc-data/systems/dronology/corpus/req/RE-77.txt,/Users/loganfecko/Desktop/Summer_Research/traceXplainer/dvc-data/systems/dronology/corpus/src/WorkspaceInitializer.java,69.84457397460938,0.0141154070650265,0.8250089248250925,0.1749910751749075,1233.7319,0.0008098923926665,1
/Users/loganfecko/Desktop/Summer_Research/traceXplainer/dvc-data/systems/dronology/corpus/req/RE-77.txt,/Users/loganfecko/Desktop/Summer_Research/traceXplainer/dvc-data/systems/dronology/corpus/src/SoloDirector.java,66.21199798583984,0.0148782959883245,0.8188116418272723,0.1811883581727277,1168.9849,0.000854711912422,1
/Users/loganfecko/Desktop/Summer_Research/traceXplainer/dvc-data/systems/dronology/corpus/req/RE-77.txt,/Users/loganfecko/Desktop/Summer_Research/traceXplainer/dvc-data/systems/dronology/corpus/src/RemoteManager.java,73.35140228271484,0.0134496454578971,0.8321448779237048,0.1678551220762951,1304.4973,0.0007659916178524,1
/Users/loganfecko/Desktop/Summer_Research/traceXplainer/dvc-data/systems/dronology/corpus/req/RE-77.txt,/Users/loganfecko/Desktop/Summer_Research/traceXplainer/dvc-data/systems/dronology/corpus/src/IStopStrategy.java,28.363224029541016,0.0340562057829189,0.8664933106864264,0.1335066893135735,503.4712,0.0019822737492946,1
/Users/loganfecko/Desktop/Summer_Research/traceXplainer/dvc-data/systems/dronology/corpus/req/RE-77.txt,/Users/loganfecko/Desktop/Summer_Research/traceXplainer/dvc-data/systems/dronology/corpus/src/FlightManagerServiceInstance.java,64.09861755371094,0.0153613093115983,0.8216131612330054,0.1783868387669945,1148.8105,0.0008697084947758,1
/Users/loganfecko/Desktop/Summer_Research/traceXplainer/dvc-data/systems/dronology/corpus/req/RE-77.txt,/Users/loganfecko/Desktop/Summer_Research/traceXplainer/dvc-data/systems/dronology/corpus/src/FlyingFieldDemoScript.java,70.46835327148438,0.0139922070990125,0.8285546703262886,0.1714453296737114,1255.2241,0.0007960362989442,1
/Users/loganfecko/Desktop/Summer_Research/traceXplainer/dvc-data/systems/dronology/corpus/req/RE-77.txt,/Users/loganfecko/Desktop/Summer_Research/traceXplainer/dvc-data/systems/dronology/corpus/src/LandingStrategy.java,30.71630859375,0.0315295204372257,0.8222138245457952,0.1777861754542048,541.7236,0.0018425586283734,1
/Users/loganfecko/Desktop/Summer_Research/traceXplainer/dvc-data/systems/dronology/corpus/req/RE-77.txt,/Users/loganfecko/Desktop/Summer_Research/traceXplainer/dvc-data/systems/dronology/corpus/src/DroneSetupServiceRemoteFacade.java,62.3607292175293,0.0157826466385323,0.8483492516743498,0.1516507483256501,1125.9839,0.0008873241328334,1
/Users/loganfecko/Desktop/Summer_Research/traceXplainer/dvc-data/systems/dronology/corpus/req/RE-77.txt,/Users/loganfecko/Desktop/Summer_Research/traceXplainer/dvc-data/systems/dronology/corpus/src/SetGimbalTargetCommand.java,36.49167251586914,0.0266725897484762,0.7948427343620382,0.2051572656379617,660.53705,0.0015116311361692,1
/Users/loganfecko/Desktop/Summer_Research/traceXplainer/dvc-data/systems/dronology/corpus/req/RE-77.txt,/Users/loganfecko/Desktop/Summer_Research/traceXplainer/dvc-data/systems/dronology/corpus/src/Waypoint.java,53.46419143676758,0.0183606875200009,0.839220736086508,0.1607792639134919,954.6349,0.0010464247516242,1
/Users/loganfecko/Desktop/Summer_Research/traceXplainer/dvc-data/systems/dronology/corpus/req/RE-77.txt,/Users/loganfecko/Desktop/Summer_Research/traceXplainer/dvc-data/systems/dronology/corpus/src/DroneSetupServiceInstance.java,82.86719512939453,0.0119236132609079,0.8484549713565508,0.1515450286434492,1494.5088,0.0006686687549505,1
/Users/loganfecko/Desktop/Summer_Research/traceXplainer/dvc-data/systems/dronology/corpus/req/RE-77.txt,/Users/loganfecko/Desktop/Summer_Research/traceXplainer/dvc-data/systems/dronology/corpus/src/FlightInfoCreator.java,56.39253616333008,0.0174238684478789,0.8386363994126766,0.1613636005873233,1018.31055,0.0009810552859143,1
/Users/loganfecko/Desktop/Summer_Research/traceXplainer/dvc-data/systems/dronology/corpus/req/RE-77.txt,/Users/loganfecko/Desktop/Summer_Research/traceXplainer/dvc-data/systems/dronology/corpus/src/IDroneSetupServiceInstance.java,51.22470474243164,0.0191480259186131,0.869079116187443,0.1309208838125569,900.3003,0.0011095081270928,1
/Users/loganfecko/Desktop/Summer_Research/traceXplainer/dvc-data/systems/dronology/corpus/req/RE-77.txt,/Users/loganfecko/Desktop/Summer_Research/traceXplainer/dvc-data/systems/dronology/corpus/src/WatchServiceRunner.java,69.22634887695312,0.0142396695256384,0.905734953046773,0.094265046953227,1229.643,0.0008125833773333,1
/Users/loganfecko/Desktop/Summer_Research/traceXplainer/dvc-data/systems/dronology/corpus/req/RE-77.txt,/Users/loganfecko/Desktop/Summer_Research/traceXplainer/dvc-data/systems/dronology/corpus/src/IFlightManagerServiceInstance.java,51.74335479736328,0.0189597344317959,0.8672167056241147,0.1327832943758853,910.64075,0.0010969233255683,1
/Users/loganfecko/Desktop/Summer_Research/traceXplainer/dvc-data/systems/dronology/corpus/req/RE-77.txt,/Users/loganfecko/Desktop/Summer_Research/traceXplainer/dvc-data/systems/dronology/corpus/src/IRemoteManager.java,52.9465217590332,0.0185368762877201,0.8916732262353656,0.1083267737646344,948.25305,0.0010534598736851,1
/Users/loganfecko/Desktop/Summer_Research/traceXplainer/dvc-data/systems/dronology/corpus/req/RE-77.txt,/Users/loganfecko/Desktop/Summer_Research/traceXplainer/dvc-data/systems/dronology/corpus/src/DroneSetupService.java,59.47850799560547,0.0165347994377219,0.8898575912335805,0.1101424087664194,1066.8687,0.0009364447563894,1
/Users/loganfecko/Desktop/Summer_Research/traceXplainer/dvc-data/systems/dronology/corpus/req/RE-77.txt,/Users/loganfecko/Desktop/Summer_Research/traceXplainer/dvc-data/systems/dronology/corpus/src/IManagedDroneStateChangeListener.java,30.992870330810547,0.0312569641191886,0.8847990583306213,0.1152009416693786,556.97943,0.0017921807582311,1
/Users/loganfecko/Desktop/Summer_Research/traceXplainer/dvc-data/systems/dronology/corpus/req/RE-77.txt,/Users/loganfecko/Desktop/Summer_Research/traceXplainer/dvc-data/systems/dronology/corpus/src/ManagedDrone.java,83.32853698730469,0.0118583819395627,0.7983511052008776,0.2016488947991224,1506.9144,0.0006631676048453,1
/Users/loganfecko/Desktop/Summer_Research/traceXplainer/dvc-data/systems/dronology/corpus/req/RE-77.txt,/Users/loganfecko/Desktop/Summer_Research/traceXplainer/dvc-data/systems/dronology/corpus/src/FlightPlan.java,71.68858337402344,0.0137573185991868,0.7406939624081375,0.2593060375918625,1276.1841,0.0007829724892981,1
/Users/loganfecko/Desktop/Summer_Research/traceXplainer/dvc-data/systems/dronology/corpus/req/RE-77.txt,/Users/loganfecko/Desktop/Summer_Research/traceXplainer/dvc-data/systems/dronology/corpus/src/NvecInterpolator.java,54.921112060546875,0.0178823339370876,0.7931364459437833,0.2068635540562167,980.912,0.001018421215882,1
/Users/loganfecko/Desktop/Summer_Research/traceXplainer/dvc-data/systems/dronology/corpus/req/RE-77.txt,/Users/loganfecko/Desktop/Summer_Research/traceXplainer/dvc-data/systems/dronology/corpus/src/DroneInitializationInfo.java,43.77260971069336,0.0223350840270801,0.7757706880072615,0.2242293119927385,804.64233,0.0012412455972297,1
/Users/loganfecko/Desktop/Summer_Research/traceXplainer/dvc-data/systems/dronology/corpus/req/RE-77.txt,/Users/loganfecko/Desktop/Summer_Research/traceXplainer/dvc-data/systems/dronology/corpus/src/PlanPoolManager.java,76.68356323242188,0.0128727359867375,0.9045453568195736,0.0954546431804265,1391.0842,0.000718347338125,1
/Users/loganfecko/Desktop/Summer_Research/traceXplainer/dvc-data/systems/dronology/corpus/req/RE-77.txt,/Users/loganfecko/Desktop/Summer_Research/traceXplainer/dvc-data/systems/dronology/corpus/src/FileManager.java,60.834346771240234,0.0161722416782303,0.8349460937411555,0.1650539062588445,1092.1105,0.0009148206188864,1
/Users/loganfecko/Desktop/Summer_Research/traceXplainer/dvc-data/systems/dronology/corpus/req/RE-77.txt,/Users/loganfecko/Desktop/Summer_Research/traceXplainer/dvc-data/systems/dronology/corpus/src/DroneFlightStateManager.java,86.87708282470703,0.0113795311343544,0.8599934135837267,0.1400065864162732,1527.5515,0.0006542141308655,1
/Users/loganfecko/Desktop/Summer_Research/traceXplainer/dvc-data/systems/dronology/corpus/req/RE-77.txt,/Users/loganfecko/Desktop/Summer_Research/traceXplainer/dvc-data/systems/dronology/corpus/src/IDroneCommand.java,36.0322265625,0.0270035072914743,0.845941737720634,0.154058262279366,646.96985,0.0015432816852666,1
/Users/loganfecko/Desktop/Summer_Research/traceXplainer/dvc-data/systems/dronology/corpus/req/RE-77.txt,/Users/loganfecko/Desktop/Summer_Research/traceXplainer/dvc-data/systems/dronology/corpus/src/AbstractPosition.java,63.186561584472656,0.0155795851236547,0.7709078971133646,0.2290921028866354,1136.6006,0.0008790431477985,1
/Users/loganfecko/Desktop/Summer_Research/traceXplainer/dvc-data/systems/dronology/corpus/req/RE-77.txt,/Users/loganfecko/Desktop/Summer_Research/traceXplainer/dvc-data/systems/dronology/corpus/src/IFlightPlan.java,46.2128791809082,0.0211806612379695,0.733914714282798,0.266085285717202,820.2169,0.0012177050629744,1
/Users/loganfecko/Desktop/Summer_Research/traceXplainer/dvc-data/systems/dronology/corpus/req/RE-77.txt,/Users/loganfecko/Desktop/Summer_Research/traceXplainer/dvc-data/systems/dronology/corpus/src/IFlightManagerRemoteService.java,49.88780212402344,0.0196510746831393,0.8033736079418143,0.1966263920581856,887.4309,0.001125579930602,1
/Users/loganfecko/Desktop/Summer_Research/traceXplainer/dvc-data/systems/dronology/corpus/req/RE-77.txt,/Users/loganfecko/Desktop/Summer_Research/traceXplainer/dvc-data/systems/dronology/corpus/src/DronologyServiceRunner.java,68.11054229736328,0.0144695724669223,0.8765953236106343,0.1234046763893657,1205.6473,0.0008287425561629,1
/Users/loganfecko/Desktop/Summer_Research/traceXplainer/dvc-data/systems/dronology/corpus/req/RE-77.txt,/Users/loganfecko/Desktop/Summer_Research/traceXplainer/dvc-data/systems/dronology/corpus/src/FlightPlanFactory.java,35.33845901489258,0.0275190535622374,0.7683018520155185,0.2316981479844815,635.93506,0.0015700187742967,1
/Users/loganfecko/Desktop/Summer_Research/traceXplainer/dvc-data/systems/dronology/corpus/req/RE-77.txt,/Users/loganfecko/Desktop/Summer_Research/traceXplainer/dvc-data/systems/dronology/corpus/src/DroneSimulatorServiceInstance.java,76.1708755493164,0.0129582565039183,0.771047704910163,0.228952295089837,1378.894,0.0007246933234442,1
/Users/loganfecko/Desktop/Summer_Research/traceXplainer/dvc-data/systems/dronology/corpus/req/RE-77.txt,/Users/loganfecko/Desktop/Summer_Research/traceXplainer/dvc-data/systems/dronology/corpus/src/IDroneCommandHandler.java,40.89179992675781,0.0238710201459084,0.870614521581041,0.1293854784189589,742.4583,0.0013450653285193,1
/Users/loganfecko/Desktop/Summer_Research/traceXplainer/dvc-data/systems/dronology/corpus/req/RE-77.txt,/Users/loganfecko/Desktop/Summer_Research/traceXplainer/dvc-data/systems/dronology/corpus/src/SimulatorFactory.java,36.949920654296875,0.0263505162266202,0.8757914953497675,0.1242085046502324,674.8977,0.0014795138265551,1
/Users/loganfecko/Desktop/Summer_Research/traceXplainer/dvc-data/systems/dronology/corpus/req/RE-77.txt,/Users/loganfecko/Desktop/Summer_Research/traceXplainer/dvc-data/systems/dronology/corpus/src/AbstractDroneCommand.java,49.27170181274414,0.0198919066580414,0.8613606446352242,0.1386393553647757,888.692,0.0011239844590488,1
/Users/loganfecko/Desktop/Summer_Research/traceXplainer/dvc-data/systems/dronology/corpus/req/RE-77.txt,/Users/loganfecko/Desktop/Summer_Research/traceXplainer/dvc-data/systems/dronology/corpus/src/DummyLockObject.java,31.81958770751953,0.0304696088479771,0.817785599832253,0.182214400167747,562.897,0.0017733735921465,1
/Users/loganfecko/Desktop/Summer_Research/traceXplainer/dvc-data/systems/dronology/corpus/req/RE-77.txt,/Users/loganfecko/Desktop/Summer_Research/traceXplainer/dvc-data/systems/dronology/corpus/src/DroneException.java,33.020816802978516,0.0293937681094255,0.8714957702860775,0.1285042297139225,589.82336,0.001692553240944,1
/Users/loganfecko/Desktop/Summer_Research/traceXplainer/dvc-data/systems/dronology/corpus/req/RE-77.txt,/Users/loganfecko/Desktop/Summer_Research/traceXplainer/dvc-data/systems/dronology/corpus/src/SetGroundSpeedCommand.java,37.727291107177734,0.0258215839892467,0.8995549778255258,0.1004450221744741,678.02356,0.0014727029510328,1
/Users/loganfecko/Desktop/Summer_Research/traceXplainer/dvc-data/systems/dronology/corpus/req/RE-77.txt,/Users/loganfecko/Desktop/Summer_Research/traceXplainer/dvc-data/systems/dronology/corpus/src/PhysicalDrone.java,78.99028015136719,0.0125015189108936,0.822017275398817,0.177982724601183,1401.9991,0.0007127588090141,1
/Users/loganfecko/Desktop/Summer_Research/traceXplainer/dvc-data/systems/dronology/corpus/req/RE-547.txt,/Users/loganfecko/Desktop/Summer_Research/traceXplainer/dvc-data/systems/dronology/corpus/src/FlightZoneManager2.java,92.5228500366211,0.0106925740565907,0.8091104799811539,0.190889520018846,1657.7561,0.0006028613838288,1
/Users/loganfecko/Desktop/Summer_Research/traceXplainer/dvc-data/systems/dronology/corpus/req/RE-630.txt,/Users/loganfecko/Desktop/Summer_Research/traceXplainer/dvc-data/systems/dronology/corpus/src/FlightManagerService.java,60.512996673583984,0.0162567270995828,0.8377056420696924,0.1622943579303075,1085.9813,0.0009199790084867,1
/Users/loganfecko/Desktop/Summer_Research/traceXplainer/dvc-data/systems/dronology/corpus/req/RE-630.txt,/Users/loganfecko/Desktop/Summer_Research/traceXplainer/dvc-data/systems/dronology/corpus/src/FlightManagerServiceRemoteFacade.java,63.7489128112793,0.0154442747620281,0.8053318887140763,0.1946681112859236,1135.1846,0.0008801386906046,1
/Users/loganfecko/Desktop/Summer_Research/traceXplainer/dvc-data/systems/dronology/corpus/req/RE-630.txt,/Users/loganfecko/Desktop/Summer_Research/traceXplainer/dvc-data/systems/dronology/corpus/src/FlightManagerServiceInstance.java,64.34300994873047,0.015303855772555,0.8404881818062606,0.1595118181937393,1152.8875,0.0008666356488966,1
/Users/loganfecko/Desktop/Summer_Research/traceXplainer/dvc-data/systems/dronology/corpus/req/RE-630.txt,/Users/loganfecko/Desktop/Summer_Research/traceXplainer/dvc-data/systems/dronology/corpus/src/IFlightManagerServiceInstance.java,50.35523223876953,0.0194722125946316,0.8145896833319479,0.185410316668052,890.94836,0.001121141133357,1
/Users/loganfecko/Desktop/Summer_Research/traceXplainer/dvc-data/systems/dronology/corpus/req/RE-630.txt,/Users/loganfecko/Desktop/Summer_Research/traceXplainer/dvc-data/systems/dronology/corpus/src/DroneSetupService.java,58.6319465637207,0.0167695347481476,0.8615991378225838,0.1384008621774162,1041.7644,0.0009589893900092,1
/Users/loganfecko/Desktop/Summer_Research/traceXplainer/dvc-data/systems/dronology/corpus/req/RE-630.txt,/Users/loganfecko/Desktop/Summer_Research/traceXplainer/dvc-data/systems/dronology/corpus/src/IFlightManagerRemoteService.java,49.47461700439453,0.0198119383434437,0.795199802910565,0.2048001970894349,880.0333,0.0011350308454885,1
/Users/loganfecko/Desktop/Summer_Research/traceXplainer/dvc-data/systems/dronology/corpus/req/RE-626.txt,/Users/loganfecko/Desktop/Summer_Research/traceXplainer/dvc-data/systems/dronology/corpus/src/IDroneSetupRemoteService.java,49.16892623901367,0.0199326570243066,0.7366613076154465,0.2633386923845535,865.1559,0.0011545265912475,1
/Users/loganfecko/Desktop/Summer_Research/traceXplainer/dvc-data/systems/dronology/corpus/req/RE-626.txt,/Users/loganfecko/Desktop/Summer_Research/traceXplainer/dvc-data/systems/dronology/corpus/src/DroneSetupServiceRemoteFacade.java,60.96395111083984,0.0161384156767411,0.7967205784274225,0.2032794215725775,1111.7396,0.0008986828350591,1
/Users/loganfecko/Desktop/Summer_Research/traceXplainer/dvc-data/systems/dronology/corpus/req/RE-626.txt,/Users/loganfecko/Desktop/Summer_Research/traceXplainer/dvc-data/systems/dronology/corpus/src/DroneSetupServiceInstance.java,81.2420425415039,0.0121592310829992,0.7796095425151961,0.2203904574848039,1445.4926,0.0006913274440539,1
/Users/loganfecko/Desktop/Summer_Research/traceXplainer/dvc-data/systems/dronology/corpus/req/RE-626.txt,/Users/loganfecko/Desktop/Summer_Research/traceXplainer/dvc-data/systems/dronology/corpus/src/DroneSetupService.java,56.99616241455078,0.0172425201662844,0.7897633361403572,0.2102366638596428,1017.73975,0.0009816049720592,1
/Users/loganfecko/Desktop/Summer_Research/traceXplainer/dvc-data/systems/dronology/corpus/req/RE-424.txt,/Users/loganfecko/Desktop/Summer_Research/traceXplainer/dvc-data/systems/dronology/corpus/src/FlightZoneManager2.java,91.7435073852539,0.0107824259421851,0.7694321208709052,0.2305678791290948,1646.1956,0.0006070924584324,1
/Users/loganfecko/Desktop/Summer_Research/traceXplainer/dvc-data/systems/dronology/corpus/req/RE-587.txt,/Users/loganfecko/Desktop/Summer_Research/traceXplainer/dvc-data/systems/dronology/corpus/src/DroneFleetManager.java,69.53690338134766,0.0141769761934918,0.8036145967120172,0.1963854032879828,1235.9727,0.0008084253075016,1
/Users/loganfecko/Desktop/Summer_Research/traceXplainer/dvc-data/systems/dronology/corpus/req/RE-587.txt,/Users/loganfecko/Desktop/Summer_Research/traceXplainer/dvc-data/systems/dronology/corpus/src/PlanPoolManager.java,72.89754486083984,0.0135322493038591,0.7374590003417985,0.2625409996582015,1316.1182,0.0007592333226319,1
/Users/loganfecko/Desktop/Summer_Research/traceXplainer/dvc-data/systems/dronology/corpus/req/RE-545.txt,/Users/loganfecko/Desktop/Summer_Research/traceXplainer/dvc-data/systems/dronology/corpus/src/FullMissionPlan.java,78.4072036743164,0.0125933158923645,0.7556012555958779,0.2443987444041221,1383.4208,0.0007223237451145,1
/Users/loganfecko/Desktop/Summer_Research/traceXplainer/dvc-data/systems/dronology/corpus/req/RE-545.txt,/Users/loganfecko/Desktop/Summer_Research/traceXplainer/dvc-data/systems/dronology/corpus/src/MissionController.java,62.93000793457031,0.0156421066148381,0.7441091747028132,0.2558908252971867,1135.4528,0.0008799309890061,1
/Users/loganfecko/Desktop/Summer_Research/traceXplainer/dvc-data/systems/dronology/corpus/req/RE-551.txt,/Users/loganfecko/Desktop/Summer_Research/traceXplainer/dvc-data/systems/dronology/corpus/src/FlightZoneManager2.java,92.16294860839844,0.0107338809573686,0.788826082933078,0.211173917066922,1648.4783,0.0006062523024932,1
/Users/loganfecko/Desktop/Summer_Research/traceXplainer/dvc-data/systems/dronology/corpus/req/RE-551.txt,/Users/loganfecko/Desktop/Summer_Research/traceXplainer/dvc-data/systems/dronology/corpus/src/PlanPoolManager.java,72.68187713623047,0.0135718583573963,0.7249040669143025,0.2750959330856974,1317.4235,0.0007584816478828,1
