Source,Target,EUC_dist,EUC_sim,COS_dist,COS_sim,MAN_dist,MAN_sim,Linked?
/Users/loganfecko/Desktop/Summer_Research/traceXplainer/dvc-data/systems/dronology/corpus/req/RE-616.txt,/Users/loganfecko/Desktop/Summer_Research/traceXplainer/dvc-data/systems/dronology/corpus/src/GroundstationConnector.java,80.72901916503906,0.0122355561123357,0.8022004426819878,0.1977995573180122,1442.5461,0.0006927385072804,1
/Users/loganfecko/Desktop/Summer_Research/traceXplainer/dvc-data/systems/dronology/corpus/req/RE-616.txt,/Users/loganfecko/Desktop/Summer_Research/traceXplainer/dvc-data/systems/dronology/corpus/src/WriteDispatcher.java,56.64548110961914,0.0173474135483125,0.815675799409632,0.184324200590368,1011.94885,0.0009872166768276,1
/Users/loganfecko/Desktop/Summer_Research/traceXplainer/dvc-data/systems/dronology/corpus/req/RE-616.txt,/Users/loganfecko/Desktop/Summer_Research/traceXplainer/dvc-data/systems/dronology/corpus/src/ReadDispatcher.java,80.32157135009766,0.0122968602721029,0.7502621083868316,0.2497378916131684,1424.6768,0.000701421268545,1
/Users/loganfecko/Desktop/Summer_Research/traceXplainer/dvc-data/systems/dronology/corpus/req/RE-616.txt,/Users/loganfecko/Desktop/Summer_Research/traceXplainer/dvc-data/systems/dronology/corpus/src/DispatchQueueManager.java,80.42659759521484,0.0122809994465342,0.7970307881993135,0.2029692118006865,1400.9323,0.0007133012307145,1
/Users/loganfecko/Desktop/Summer_Research/traceXplainer/dvc-data/systems/dronology/corpus/req/RE-616.txt,/Users/loganfecko/Desktop/Summer_Research/traceXplainer/dvc-data/systems/dronology/corpus/src/DroneFlightStateManager.java,92.67156982421876,0.0106755977494192,0.822253945905021,0.177746054094979,1660.5627,0.000601843056199,1
/Users/loganfecko/Desktop/Summer_Research/traceXplainer/dvc-data/systems/dronology/corpus/req/RE-616.txt,/Users/loganfecko/Desktop/Summer_Research/traceXplainer/dvc-data/systems/dronology/corpus/src/AbstractDroneCommand.java,45.928524017333984,0.0213090017412571,0.766852716650833,0.233147283349167,831.1186,0.0012017517820715,1
/Users/loganfecko/Desktop/Summer_Research/traceXplainer/dvc-data/systems/dronology/corpus/req/RE-616.txt,/Users/loganfecko/Desktop/Summer_Research/traceXplainer/dvc-data/systems/dronology/corpus/src/PhysicalDrone.java,78.9244384765625,0.0125118176500326,0.7795395889299549,0.2204604110700451,1410.6515,0.000708390142758,1
/Users/loganfecko/Desktop/Summer_Research/traceXplainer/dvc-data/systems/dronology/corpus/req/RE-574.txt,/Users/loganfecko/Desktop/Summer_Research/traceXplainer/dvc-data/systems/dronology/corpus/src/PhysicalDroneFleetFactory.java,67.66082763671875,0.0145643452667211,0.8751252851555019,0.124874714844498,1209.1198,0.0008263644975573,1
/Users/loganfecko/Desktop/Summer_Research/traceXplainer/dvc-data/systems/dronology/corpus/req/RE-574.txt,/Users/loganfecko/Desktop/Summer_Research/traceXplainer/dvc-data/systems/dronology/corpus/src/PhysicalDrone.java,80.3801498413086,0.0122880088320063,0.8758996338455698,0.1241003661544302,1441.5935,0.0006931959668044,1
/Users/loganfecko/Desktop/Summer_Research/traceXplainer/dvc-data/systems/dronology/corpus/req/RE-549.txt,/Users/loganfecko/Desktop/Summer_Research/traceXplainer/dvc-data/systems/dronology/corpus/src/FlightZoneManager2.java,123.42163848876952,0.0080371871978704,0.8076801289470371,0.1923198710529629,2242.799,0.0004456727041028,1
/Users/loganfecko/Desktop/Summer_Research/traceXplainer/dvc-data/systems/dronology/corpus/req/RE-549.txt,/Users/loganfecko/Desktop/Summer_Research/traceXplainer/dvc-data/systems/dronology/corpus/src/PlanPoolManager.java,84.3883056640625,0.0117112055593916,0.759048084556534,0.2409519154434659,1487.2798,0.0006719166718339,1
/Users/loganfecko/Desktop/Summer_Research/traceXplainer/dvc-data/systems/dronology/corpus/req/RE-80.txt,/Users/loganfecko/Desktop/Summer_Research/traceXplainer/dvc-data/systems/dronology/corpus/src/VirtualDrone.java,71.19145202636719,0.0138520554986864,0.7742615423259953,0.2257384576740047,1293.2673,0.0007726379038876,1
/Users/loganfecko/Desktop/Summer_Research/traceXplainer/dvc-data/systems/dronology/corpus/req/RE-80.txt,/Users/loganfecko/Desktop/Summer_Research/traceXplainer/dvc-data/systems/dronology/corpus/src/SoloDirector.java,71.5963363647461,0.0137747998049887,0.7254568662843204,0.2745431337156796,1283.9924,0.00077821470024,1
/Users/loganfecko/Desktop/Summer_Research/traceXplainer/dvc-data/systems/dronology/corpus/req/RE-80.txt,/Users/loganfecko/Desktop/Summer_Research/traceXplainer/dvc-data/systems/dronology/corpus/src/ManagedDrone.java,125.75446319580078,0.0078892685495048,0.7767726174790995,0.2232273825209004,2236.2483,0.0004469776573372,1
/Users/loganfecko/Desktop/Summer_Research/traceXplainer/dvc-data/systems/dronology/corpus/req/RE-80.txt,/Users/loganfecko/Desktop/Summer_Research/traceXplainer/dvc-data/systems/dronology/corpus/src/PhysicalDrone.java,79.08189392089844,0.0124872171603203,0.7860854439401577,0.2139145560598423,1428.5215,0.0006995347820443,1
/Users/loganfecko/Desktop/Summer_Research/traceXplainer/dvc-data/systems/dronology/corpus/req/RE-589.txt,/Users/loganfecko/Desktop/Summer_Research/traceXplainer/dvc-data/systems/dronology/corpus/src/DronologyConstants.java,36.68600082397461,0.0265350522245871,0.8849322191119673,0.1150677808880327,647.6643,0.00154162945265,1
/Users/loganfecko/Desktop/Summer_Research/traceXplainer/dvc-data/systems/dronology/corpus/req/RE-576.txt,/Users/loganfecko/Desktop/Summer_Research/traceXplainer/dvc-data/systems/dronology/corpus/src/VirtualDrone.java,70.10460662841797,0.0140637864045272,0.6806667577120633,0.3193332422879367,1271.9774,0.0007855598902632,1
/Users/loganfecko/Desktop/Summer_Research/traceXplainer/dvc-data/systems/dronology/corpus/req/RE-576.txt,/Users/loganfecko/Desktop/Summer_Research/traceXplainer/dvc-data/systems/dronology/corpus/src/VirtualDroneFleetFactory.java,54.125877380371094,0.0181403008445553,0.7276550472707459,0.2723449527292541,957.8832,0.0010428799067518,1
/Users/loganfecko/Desktop/Summer_Research/traceXplainer/dvc-data/systems/dronology/corpus/req/RE-628.txt,/Users/loganfecko/Desktop/Summer_Research/traceXplainer/dvc-data/systems/dronology/corpus/src/AbstractFileTransmitServerService.java,52.3845100402832,0.0187320254366934,0.7892724954536138,0.2107275045463862,938.7731,0.0010640866721455,1
/Users/loganfecko/Desktop/Summer_Research/traceXplainer/dvc-data/systems/dronology/corpus/req/RE-628.txt,/Users/loganfecko/Desktop/Summer_Research/traceXplainer/dvc-data/systems/dronology/corpus/src/FlightRouteplanningService.java,48.10738754272461,0.0203635348984911,0.5426444003310056,0.4573555996689944,860.0702,0.0011613455106383,1
/Users/loganfecko/Desktop/Summer_Research/traceXplainer/dvc-data/systems/dronology/corpus/req/RE-759.txt,/Users/loganfecko/Desktop/Summer_Research/traceXplainer/dvc-data/systems/dronology/corpus/src/FullMissionPlan.java,77.23345947265625,0.0127822546355567,0.7705972606331426,0.2294027393668574,1379.7417,0.0007242484242822,1
/Users/loganfecko/Desktop/Summer_Research/traceXplainer/dvc-data/systems/dronology/corpus/req/RE-759.txt,/Users/loganfecko/Desktop/Summer_Research/traceXplainer/dvc-data/systems/dronology/corpus/src/JSONMissionPlanReader.java,51.3349609375,0.0191076859920509,0.8095035616114086,0.1904964383885914,935.40045,0.0010679191773424,1
/Users/loganfecko/Desktop/Summer_Research/traceXplainer/dvc-data/systems/dronology/corpus/req/RE-759.txt,/Users/loganfecko/Desktop/Summer_Research/traceXplainer/dvc-data/systems/dronology/corpus/src/ServiceIds.java,27.258377075195312,0.035387736434368,0.7675019386159625,0.2324980613840375,487.25058,0.0020481286480807,1
/Users/loganfecko/Desktop/Summer_Research/traceXplainer/dvc-data/systems/dronology/corpus/req/RE-759.txt,/Users/loganfecko/Desktop/Summer_Research/traceXplainer/dvc-data/systems/dronology/corpus/src/TaskList.java,31.25290298461914,0.0310049610255821,0.7765797671572361,0.2234202328427639,569.98315,0.001751365154076,1
/Users/loganfecko/Desktop/Summer_Research/traceXplainer/dvc-data/systems/dronology/corpus/req/RE-759.txt,/Users/loganfecko/Desktop/Summer_Research/traceXplainer/dvc-data/systems/dronology/corpus/src/IMissionTask.java,24.029335021972656,0.0399531189750795,0.7727672243807775,0.2272327756192225,427.36963,0.0023344325379772,1
/Users/loganfecko/Desktop/Summer_Research/traceXplainer/dvc-data/systems/dronology/corpus/req/RE-759.txt,/Users/loganfecko/Desktop/Summer_Research/traceXplainer/dvc-data/systems/dronology/corpus/src/CommandIds.java,33.773231506347656,0.0287577529231775,0.7481794410876272,0.2518205589123727,599.03894,0.0016665585058261,1
/Users/loganfecko/Desktop/Summer_Research/traceXplainer/dvc-data/systems/dronology/corpus/req/RE-759.txt,/Users/loganfecko/Desktop/Summer_Research/traceXplainer/dvc-data/systems/dronology/corpus/src/RouteTask.java,22.31467628479004,0.0428914383277273,0.7360843429588306,0.2639156570411693,397.8754,0.0025070485876084,1
/Users/loganfecko/Desktop/Summer_Research/traceXplainer/dvc-data/systems/dronology/corpus/req/RE-759.txt,/Users/loganfecko/Desktop/Summer_Research/traceXplainer/dvc-data/systems/dronology/corpus/src/TaskFactory.java,47.013790130615234,0.0208273497526362,0.7682373452039616,0.2317626547960384,836.2915,0.0011943271791659,1
/Users/loganfecko/Desktop/Summer_Research/traceXplainer/dvc-data/systems/dronology/corpus/req/RE-759.txt,/Users/loganfecko/Desktop/Summer_Research/traceXplainer/dvc-data/systems/dronology/corpus/src/FlightZoneManager2.java,123.64179229736328,0.0080229911779048,0.7859654322475923,0.2140345677524077,2239.648,0.0004462994734842,1
/Users/loganfecko/Desktop/Summer_Research/traceXplainer/dvc-data/systems/dronology/corpus/req/RE-759.txt,/Users/loganfecko/Desktop/Summer_Research/traceXplainer/dvc-data/systems/dronology/corpus/src/EmergencyStopCommand.java,29.574373245239254,0.0327071299868987,0.8151010966967136,0.1848989033032864,527.5031,0.001892136443086,1
/Users/loganfecko/Desktop/Summer_Research/traceXplainer/dvc-data/systems/dronology/corpus/req/RE-759.txt,/Users/loganfecko/Desktop/Summer_Research/traceXplainer/dvc-data/systems/dronology/corpus/src/CoordinatedTakeoffPattern.java,58.10735702514648,0.0169183677012417,0.725866907615806,0.274133092384194,1017.18896,0.0009821359634883,1
/Users/loganfecko/Desktop/Summer_Research/traceXplainer/dvc-data/systems/dronology/corpus/req/RE-759.txt,/Users/loganfecko/Desktop/Summer_Research/traceXplainer/dvc-data/systems/dronology/corpus/src/WriteDispatcher.java,56.671409606933594,0.0173396143221679,0.8468511809757343,0.1531488190242657,1017.6555,0.0009816861370147,1
/Users/loganfecko/Desktop/Summer_Research/traceXplainer/dvc-data/systems/dronology/corpus/req/RE-759.txt,/Users/loganfecko/Desktop/Summer_Research/traceXplainer/dvc-data/systems/dronology/corpus/src/DelayTask.java,37.5422248840332,0.0259455701638611,0.7944846485867794,0.2055153514132206,673.2926,0.0014830356973137,1
/Users/loganfecko/Desktop/Summer_Research/traceXplainer/dvc-data/systems/dronology/corpus/req/RE-759.txt,/Users/loganfecko/Desktop/Summer_Research/traceXplainer/dvc-data/systems/dronology/corpus/src/SynchronizationPoint.java,46.33073043823242,0.021127922403501,0.8034105684787056,0.1965894315212943,838.22925,0.0011915695292165,1
/Users/loganfecko/Desktop/Summer_Research/traceXplainer/dvc-data/systems/dronology/corpus/req/RE-759.txt,/Users/loganfecko/Desktop/Summer_Research/traceXplainer/dvc-data/systems/dronology/corpus/src/WaypointTask.java,26.458955764770508,0.0364179908575761,0.8071476538179995,0.1928523461820005,476.94946,0.002092271417049,1
/Users/loganfecko/Desktop/Summer_Research/traceXplainer/dvc-data/systems/dronology/corpus/req/RE-759.txt,/Users/loganfecko/Desktop/Summer_Research/traceXplainer/dvc-data/systems/dronology/corpus/src/LandTask.java,25.8537654876709,0.0372387254390495,0.7893591757705046,0.2106408242294953,472.65857,0.0021112253947014,1
/Users/loganfecko/Desktop/Summer_Research/traceXplainer/dvc-data/systems/dronology/corpus/req/RE-759.txt,/Users/loganfecko/Desktop/Summer_Research/traceXplainer/dvc-data/systems/dronology/corpus/src/UAVProxy.java,62.76971435546875,0.0156814251107625,0.8605189871649359,0.1394810128350641,1112.0074,0.0008984665855867,1
/Users/loganfecko/Desktop/Summer_Research/traceXplainer/dvc-data/systems/dronology/corpus/req/RE-759.txt,/Users/loganfecko/Desktop/Summer_Research/traceXplainer/dvc-data/systems/dronology/corpus/src/MissionPlanningServiceRemoteFacade.java,60.72104263305664,0.0162019298012379,0.7677295625881991,0.2322704374118008,1079.8673,0.000925182944424,1
/Users/loganfecko/Desktop/Summer_Research/traceXplainer/dvc-data/systems/dronology/corpus/req/RE-759.txt,/Users/loganfecko/Desktop/Summer_Research/traceXplainer/dvc-data/systems/dronology/corpus/src/MissionHandler.java,62.619781494140625,0.0157183815554616,0.797129958529645,0.202870041470355,1119.5713,0.0008924019469003,1
/Users/loganfecko/Desktop/Summer_Research/traceXplainer/dvc-data/systems/dronology/corpus/req/RE-759.txt,/Users/loganfecko/Desktop/Summer_Research/traceXplainer/dvc-data/systems/dronology/corpus/src/UAVMonitorableMessage.java,54.959205627441406,0.0178701607499163,0.7308206731732736,0.2691793268267264,995.0515,0.0010039641386754,1
/Users/loganfecko/Desktop/Summer_Research/traceXplainer/dvc-data/systems/dronology/corpus/req/RE-759.txt,/Users/loganfecko/Desktop/Summer_Research/traceXplainer/dvc-data/systems/dronology/corpus/src/DistanceChecker.java,72.73418426513672,0.0135622304629309,0.8285444628465929,0.1714555371534071,1288.9088,0.0007752485986236,1
/Users/loganfecko/Desktop/Summer_Research/traceXplainer/dvc-data/systems/dronology/corpus/req/RE-759.txt,/Users/loganfecko/Desktop/Summer_Research/traceXplainer/dvc-data/systems/dronology/corpus/src/UAVMissionPlan.java,95.97313690185548,0.0103121341842543,0.7568222209261739,0.2431777790738261,1707.887,0.0005851762121869,1
/Users/loganfecko/Desktop/Summer_Research/traceXplainer/dvc-data/systems/dronology/corpus/req/RE-759.txt,/Users/loganfecko/Desktop/Summer_Research/traceXplainer/dvc-data/systems/dronology/corpus/src/FlightManagerService.java,54.6088752746582,0.0179827409754448,0.7277162640701184,0.2722837359298816,946.4697,0.0010554426932753,1
/Users/loganfecko/Desktop/Summer_Research/traceXplainer/dvc-data/systems/dronology/corpus/req/RE-759.txt,/Users/loganfecko/Desktop/Summer_Research/traceXplainer/dvc-data/systems/dronology/corpus/src/IFlightPattern.java,44.57021713256836,0.0219441570157741,0.7721031537896685,0.2278968462103314,770.5519,0.0012960891238472,1
/Users/loganfecko/Desktop/Summer_Research/traceXplainer/dvc-data/systems/dronology/corpus/req/RE-759.txt,/Users/loganfecko/Desktop/Summer_Research/traceXplainer/dvc-data/systems/dronology/corpus/src/IUAVProxy.java,24.596187591552734,0.0390683181400819,0.7977101158842668,0.2022898841157332,439.656,0.0022693438571199,1
/Users/loganfecko/Desktop/Summer_Research/traceXplainer/dvc-data/systems/dronology/corpus/req/RE-759.txt,/Users/loganfecko/Desktop/Summer_Research/traceXplainer/dvc-data/systems/dronology/corpus/src/CoordinatedLandingPattern.java,63.257225036621094,0.0155624523068041,0.7176499193419894,0.2823500806580106,1098.0596,0.000909868788746,1
/Users/loganfecko/Desktop/Summer_Research/traceXplainer/dvc-data/systems/dronology/corpus/req/RE-759.txt,/Users/loganfecko/Desktop/Summer_Research/traceXplainer/dvc-data/systems/dronology/corpus/src/IMissionPlan.java,22.704408645629883,0.0421862453921354,0.5398881258994924,0.4601118741005076,412.11102,0.0024206567834015,1
/Users/loganfecko/Desktop/Summer_Research/traceXplainer/dvc-data/systems/dronology/corpus/req/RE-759.txt,/Users/loganfecko/Desktop/Summer_Research/traceXplainer/dvc-data/systems/dronology/corpus/src/FlightManagerServiceRemoteFacade.java,62.81368637084961,0.0156706195311857,0.7611162560782294,0.2388837439217705,1102.0696,0.0009065611254814,1
/Users/loganfecko/Desktop/Summer_Research/traceXplainer/dvc-data/systems/dronology/corpus/req/RE-759.txt,/Users/loganfecko/Desktop/Summer_Research/traceXplainer/dvc-data/systems/dronology/corpus/src/SyncTask.java,20.95249938964844,0.0455528995696746,0.7206937612722506,0.2793062387277494,383.08624,0.0026035819274165,1
/Users/loganfecko/Desktop/Summer_Research/traceXplainer/dvc-data/systems/dronology/corpus/req/RE-759.txt,/Users/loganfecko/Desktop/Summer_Research/traceXplainer/dvc-data/systems/dronology/corpus/src/RemoteManager.java,66.48390197753906,0.0148183488312936,0.7976915025740898,0.2023084974259101,1173.6531,0.0008513151842746,1
/Users/loganfecko/Desktop/Summer_Research/traceXplainer/dvc-data/systems/dronology/corpus/req/RE-759.txt,/Users/loganfecko/Desktop/Summer_Research/traceXplainer/dvc-data/systems/dronology/corpus/src/FlightManagerServiceInstance.java,67.66898345947266,0.0145626154578243,0.7528487020890455,0.2471512979109544,1191.8232,0.000838347178888,1
/Users/loganfecko/Desktop/Summer_Research/traceXplainer/dvc-data/systems/dronology/corpus/req/RE-759.txt,/Users/loganfecko/Desktop/Summer_Research/traceXplainer/dvc-data/systems/dronology/corpus/src/AbstractMissionTask.java,31.138011932373047,0.0311158015033495,0.7618996730730958,0.2381003269269042,557.45593,0.0017906515833998,1
/Users/loganfecko/Desktop/Summer_Research/traceXplainer/dvc-data/systems/dronology/corpus/req/RE-759.txt,/Users/loganfecko/Desktop/Summer_Research/traceXplainer/dvc-data/systems/dronology/corpus/src/SimpleCheckerMessageHandler.java,73.75452423095703,0.0133771167737013,0.7838222458598575,0.2161777541401425,1319.0784,0.0007575307825481,1
/Users/loganfecko/Desktop/Summer_Research/traceXplainer/dvc-data/systems/dronology/corpus/req/RE-759.txt,/Users/loganfecko/Desktop/Summer_Research/traceXplainer/dvc-data/systems/dronology/corpus/src/MissionExecutionException.java,21.113494873046875,0.0452212554252948,0.7867953518297736,0.2132046481702264,374.2958,0.0026645648090255,1
/Users/loganfecko/Desktop/Summer_Research/traceXplainer/dvc-data/systems/dronology/corpus/req/RE-759.txt,/Users/loganfecko/Desktop/Summer_Research/traceXplainer/dvc-data/systems/dronology/corpus/src/SynchronizationState.java,18.955366134643555,0.0501118342431185,0.8175733323632779,0.1824266676367221,341.7559,0.002917528274462,1
/Users/loganfecko/Desktop/Summer_Research/traceXplainer/dvc-data/systems/dronology/corpus/req/RE-759.txt,/Users/loganfecko/Desktop/Summer_Research/traceXplainer/dvc-data/systems/dronology/corpus/src/MissionController.java,63.50041198730469,0.0155037769401662,0.7685368330445179,0.231463166955482,1144.7169,0.0008728159490919,1
/Users/loganfecko/Desktop/Summer_Research/traceXplainer/dvc-data/systems/dronology/corpus/req/RE-759.txt,/Users/loganfecko/Desktop/Summer_Research/traceXplainer/dvc-data/systems/dronology/corpus/src/IFlightManagerServiceInstance.java,45.68464279174805,0.0214203202637926,0.7162026179237986,0.2837973820762014,816.4545,0.0012233096334513,1
/Users/loganfecko/Desktop/Summer_Research/traceXplainer/dvc-data/systems/dronology/corpus/req/RE-759.txt,/Users/loganfecko/Desktop/Summer_Research/traceXplainer/dvc-data/systems/dronology/corpus/src/MonitoringConnectionTester.java,37.168670654296875,0.0261994977256936,0.8343198461889323,0.1656801538110677,681.5459,0.0014651029363581,1
/Users/loganfecko/Desktop/Summer_Research/traceXplainer/dvc-data/systems/dronology/corpus/req/RE-759.txt,/Users/loganfecko/Desktop/Summer_Research/traceXplainer/dvc-data/systems/dronology/corpus/src/ManagedDrone.java,126.05162048339844,0.0078708165719985,0.7710379996941334,0.2289620003058665,2241.6785,0.0004458953946386,1
/Users/loganfecko/Desktop/Summer_Research/traceXplainer/dvc-data/systems/dronology/corpus/req/RE-759.txt,/Users/loganfecko/Desktop/Summer_Research/traceXplainer/dvc-data/systems/dronology/corpus/src/MissionUtil.java,77.08203125,0.0128070438741307,0.7771400528703435,0.2228599471296565,1392.6484,0.0007175410764237,1
/Users/loganfecko/Desktop/Summer_Research/traceXplainer/dvc-data/systems/dronology/corpus/req/RE-759.txt,/Users/loganfecko/Desktop/Summer_Research/traceXplainer/dvc-data/systems/dronology/corpus/src/CollisionInfo.java,22.798730850219727,0.0420190474144871,0.833963947286345,0.1660360527136549,397.849,0.0025072145158906,1
/Users/loganfecko/Desktop/Summer_Research/traceXplainer/dvc-data/systems/dronology/corpus/req/RE-759.txt,/Users/loganfecko/Desktop/Summer_Research/traceXplainer/dvc-data/systems/dronology/corpus/src/MissionPlanningService.java,47.16667556762695,0.0207612418381663,0.7693713388678899,0.2306286611321101,822.5853,0.0012142032732204,1
/Users/loganfecko/Desktop/Summer_Research/traceXplainer/dvc-data/systems/dronology/corpus/req/RE-759.txt,/Users/loganfecko/Desktop/Summer_Research/traceXplainer/dvc-data/systems/dronology/corpus/src/PatternFactory.java,34.339752197265625,0.0282967462368729,0.7482718605250096,0.2517281394749904,605.1817,0.0016496703830902,1
/Users/loganfecko/Desktop/Summer_Research/traceXplainer/dvc-data/systems/dronology/corpus/req/RE-759.txt,/Users/loganfecko/Desktop/Summer_Research/traceXplainer/dvc-data/systems/dronology/corpus/src/AFMainLayout.java,43.55012512207031,0.0224466260702957,0.8343258291049453,0.1656741708950546,772.2816,0.0012931899311145,1
/Users/loganfecko/Desktop/Summer_Research/traceXplainer/dvc-data/systems/dronology/corpus/req/RE-759.txt,/Users/loganfecko/Desktop/Summer_Research/traceXplainer/dvc-data/systems/dronology/corpus/src/IFlightManagerRemoteService.java,44.799747467041016,0.0218341815251193,0.7237874169299542,0.2762125830700458,792.6714,0.0012599673072935,1
/Users/loganfecko/Desktop/Summer_Research/traceXplainer/dvc-data/systems/dronology/corpus/req/RE-759.txt,/Users/loganfecko/Desktop/Summer_Research/traceXplainer/dvc-data/systems/dronology/corpus/src/SynchronizationManager.java,68.06555938720703,0.0144789966065956,0.7097866163674827,0.2902133836325172,1224.4922,0.0008159986740021,1
/Users/loganfecko/Desktop/Summer_Research/traceXplainer/dvc-data/systems/dronology/corpus/req/RE-759.txt,/Users/loganfecko/Desktop/Summer_Research/traceXplainer/dvc-data/systems/dronology/corpus/src/TakeoffTask.java,27.59394264221191,0.0349724419788038,0.7878827378043527,0.2121172621956473,502.53668,0.0019859526336236,1
/Users/loganfecko/Desktop/Summer_Research/traceXplainer/dvc-data/systems/dronology/corpus/req/RE-759.txt,/Users/loganfecko/Desktop/Summer_Research/traceXplainer/dvc-data/systems/dronology/corpus/src/AFInfoPanel.java,102.57389831542967,0.0096549421839327,0.8706661658428764,0.1293338341571236,1836.1111,0.0005443328978404,1
/Users/loganfecko/Desktop/Summer_Research/traceXplainer/dvc-data/systems/dronology/corpus/req/RE-759.txt,/Users/loganfecko/Desktop/Summer_Research/traceXplainer/dvc-data/systems/dronology/corpus/src/SyncConstants.java,36.7103271484375,0.026517934889924,0.7572946672816152,0.2427053327183848,655.6775,0.0015228175396161,1
/Users/loganfecko/Desktop/Summer_Research/traceXplainer/dvc-data/systems/dronology/corpus/req/RE-759.txt,/Users/loganfecko/Desktop/Summer_Research/traceXplainer/dvc-data/systems/dronology/corpus/src/IMissionPlanningRemoteService.java,32.214046478271484,0.0301077437419194,0.7454778908383473,0.2545221091616527,577.71014,0.001727980769464,1
/Users/loganfecko/Desktop/Summer_Research/traceXplainer/dvc-data/systems/dronology/corpus/req/RE-759.txt,/Users/loganfecko/Desktop/Summer_Research/traceXplainer/dvc-data/systems/dronology/corpus/src/IMissionPlanningServiceInstance.java,33.350563049316406,0.0291116043298714,0.7598207844637611,0.2401792155362389,593.2589,0.0016827682029937,1
/Users/loganfecko/Desktop/Summer_Research/traceXplainer/dvc-data/systems/dronology/corpus/req/RE-759.txt,/Users/loganfecko/Desktop/Summer_Research/traceXplainer/dvc-data/systems/dronology/corpus/src/MissionPlanningServiceInstance.java,75.78440856933594,0.0130234772739963,0.7145155296014396,0.2854844703985604,1339.1523,0.0007461838235508,1
/Users/loganfecko/Desktop/Summer_Research/traceXplainer/dvc-data/systems/dronology/corpus/req/RE-759.txt,/Users/loganfecko/Desktop/Summer_Research/traceXplainer/dvc-data/systems/dronology/corpus/src/AbstractFlightPattern.java,38.72597122192383,0.0251724493886791,0.6819639025009139,0.3180360974990861,686.30884,0.0014549500091822,1
/Users/loganfecko/Desktop/Summer_Research/traceXplainer/dvc-data/systems/dronology/corpus/req/RE-759.txt,/Users/loganfecko/Desktop/Summer_Research/traceXplainer/dvc-data/systems/dronology/corpus/src/AFMissionOperations.java,56.0003776550293,0.0175437434125801,0.821800194841346,0.1781998051586539,979.6333,0.0010197491755616,1
/Users/loganfecko/Desktop/Summer_Research/traceXplainer/dvc-data/systems/dronology/corpus/req/RE-759.txt,/Users/loganfecko/Desktop/Summer_Research/traceXplainer/dvc-data/systems/dronology/corpus/src/SimpleMonitor.java,40.58973693847656,0.0240443934877321,0.8003128905541315,0.1996871094458685,733.4673,0.0013615310310074,1
/Users/loganfecko/Desktop/Summer_Research/traceXplainer/dvc-data/systems/dronology/corpus/req/RE-759.txt,/Users/loganfecko/Desktop/Summer_Research/traceXplainer/dvc-data/systems/dronology/corpus/src/AFMapViewOperations.java,47.85919570922851,0.0204669762873546,0.910098149051852,0.0899018509481479,835.1207,0.0011959995333966,1
/Users/loganfecko/Desktop/Summer_Research/traceXplainer/dvc-data/systems/dronology/corpus/req/RE-759.txt,/Users/loganfecko/Desktop/Summer_Research/traceXplainer/dvc-data/systems/dronology/corpus/src/PatternTask.java,21.94681739807129,0.0435790280914533,0.7114958868619217,0.2885041131380783,397.5543,0.0025090684585638,1
/Users/loganfecko/Desktop/Summer_Research/traceXplainer/dvc-data/systems/dronology/corpus/req/RE-611.txt,/Users/loganfecko/Desktop/Summer_Research/traceXplainer/dvc-data/systems/dronology/corpus/src/PlanPool.java,67.77168273925781,0.0145408685692833,0.6668344408451807,0.3331655591548192,1176.147,0.000849511593054,1
/Users/loganfecko/Desktop/Summer_Research/traceXplainer/dvc-data/systems/dronology/corpus/req/RE-611.txt,/Users/loganfecko/Desktop/Summer_Research/traceXplainer/dvc-data/systems/dronology/corpus/src/ManagedDrone.java,124.28803253173828,0.0079816082972384,0.7100734544093706,0.2899265455906293,2206.146,0.0004530737893052,1
/Users/loganfecko/Desktop/Summer_Research/traceXplainer/dvc-data/systems/dronology/corpus/req/RE-611.txt,/Users/loganfecko/Desktop/Summer_Research/traceXplainer/dvc-data/systems/dronology/corpus/src/FlightPlan.java,78.70426177978516,0.0125463805531867,0.7113391907944302,0.2886608092055698,1423.3964,0.0007020517788896,1
/Users/loganfecko/Desktop/Summer_Research/traceXplainer/dvc-data/systems/dronology/corpus/req/RE-611.txt,/Users/loganfecko/Desktop/Summer_Research/traceXplainer/dvc-data/systems/dronology/corpus/src/PhysicalDrone.java,79.08203125,0.0124871957465489,0.7886506167455691,0.2113493832544308,1419.9895,0.0007037349668139,1
/Users/loganfecko/Desktop/Summer_Research/traceXplainer/dvc-data/systems/dronology/corpus/req/RE-639.txt,/Users/loganfecko/Desktop/Summer_Research/traceXplainer/dvc-data/systems/dronology/corpus/src/MissionPlanningServiceRemoteFacade.java,60.11890411376953,0.016361549908332,0.7278456348194755,0.2721543651805245,1069.7482,0.0009339264161292,1
/Users/loganfecko/Desktop/Summer_Research/traceXplainer/dvc-data/systems/dronology/corpus/req/RE-639.txt,/Users/loganfecko/Desktop/Summer_Research/traceXplainer/dvc-data/systems/dronology/corpus/src/MissionPlanningService.java,46.92486953735352,0.0208659931608281,0.7484113880088138,0.2515886119911862,814.6907,0.0012259549264022,1
/Users/loganfecko/Desktop/Summer_Research/traceXplainer/dvc-data/systems/dronology/corpus/req/RE-639.txt,/Users/loganfecko/Desktop/Summer_Research/traceXplainer/dvc-data/systems/dronology/corpus/src/IMissionPlanningRemoteService.java,31.933931350708008,0.030363821110549,0.7100146084300651,0.2899853915699348,570.33716,0.001750279997795,1
/Users/loganfecko/Desktop/Summer_Research/traceXplainer/dvc-data/systems/dronology/corpus/req/RE-766.txt,/Users/loganfecko/Desktop/Summer_Research/traceXplainer/dvc-data/systems/dronology/corpus/src/AFMapComponent.java,123.61211395263672,0.0080249019800762,0.8068503946204137,0.1931496053795862,2198.9832,0.0004545489350892,1
/Users/loganfecko/Desktop/Summer_Research/traceXplainer/dvc-data/systems/dronology/corpus/req/RE-766.txt,/Users/loganfecko/Desktop/Summer_Research/traceXplainer/dvc-data/systems/dronology/corpus/src/AFMainLayout.java,43.18563079833984,0.0226317918728812,0.7895368480499867,0.2104631519500133,771.8363,0.0012939350742172,1
/Users/loganfecko/Desktop/Summer_Research/traceXplainer/dvc-data/systems/dronology/corpus/req/RE-649.txt,/Users/loganfecko/Desktop/Summer_Research/traceXplainer/dvc-data/systems/dronology/corpus/src/FlightZoneManager2.java,123.87704467773438,0.008007876888668,0.8170128812057892,0.1829871187942108,2246.1392,0.0004450102680469,1
/Users/loganfecko/Desktop/Summer_Research/traceXplainer/dvc-data/systems/dronology/corpus/req/RE-649.txt,/Users/loganfecko/Desktop/Summer_Research/traceXplainer/dvc-data/systems/dronology/corpus/src/PlanPool.java,70.62640380859375,0.013961331950607,0.8381733345633084,0.1618266654366915,1234.5391,0.0008093633219305,1
/Users/loganfecko/Desktop/Summer_Research/traceXplainer/dvc-data/systems/dronology/corpus/req/RE-649.txt,/Users/loganfecko/Desktop/Summer_Research/traceXplainer/dvc-data/systems/dronology/corpus/src/AFInfoBox.java,102.48455047607422,0.0096632781936971,0.6774017553647085,0.3225982446352915,1825.9409,0.00054736307571,1
/Users/loganfecko/Desktop/Summer_Research/traceXplainer/dvc-data/systems/dronology/corpus/req/RE-649.txt,/Users/loganfecko/Desktop/Summer_Research/traceXplainer/dvc-data/systems/dronology/corpus/src/FlightManagerService.java,55.131893157958984,0.0178151839131085,0.7722954500674837,0.2277045499325163,944.54614,0.0010575898467243,1
/Users/loganfecko/Desktop/Summer_Research/traceXplainer/dvc-data/systems/dronology/corpus/req/RE-649.txt,/Users/loganfecko/Desktop/Summer_Research/traceXplainer/dvc-data/systems/dronology/corpus/src/FlightManagerServiceRemoteFacade.java,63.27115631103515,0.0155590790238871,0.8003872316051936,0.1996127683948063,1108.7075,0.0009011383471767,1
/Users/loganfecko/Desktop/Summer_Research/traceXplainer/dvc-data/systems/dronology/corpus/req/RE-649.txt,/Users/loganfecko/Desktop/Summer_Research/traceXplainer/dvc-data/systems/dronology/corpus/src/FlightManagerServiceInstance.java,68.79814910888672,0.0143270274751838,0.8447374903547986,0.1552625096452013,1207.8726,0.0008272170568279,1
/Users/loganfecko/Desktop/Summer_Research/traceXplainer/dvc-data/systems/dronology/corpus/req/RE-649.txt,/Users/loganfecko/Desktop/Summer_Research/traceXplainer/dvc-data/systems/dronology/corpus/src/IFlightManagerServiceInstance.java,47.363189697265625,0.0206768826923865,0.8431224820003231,0.1568775179996768,852.0082,0.0011723217021332,1
/Users/loganfecko/Desktop/Summer_Research/traceXplainer/dvc-data/systems/dronology/corpus/req/RE-649.txt,/Users/loganfecko/Desktop/Summer_Research/traceXplainer/dvc-data/systems/dronology/corpus/src/PlanPoolManager.java,85.15440368652344,0.0116070677436123,0.793429559476869,0.206570440523131,1503.4131,0.000664711048679,1
/Users/loganfecko/Desktop/Summer_Research/traceXplainer/dvc-data/systems/dronology/corpus/req/RE-649.txt,/Users/loganfecko/Desktop/Summer_Research/traceXplainer/dvc-data/systems/dronology/corpus/src/IFlightManagerRemoteService.java,46.364742279052734,0.0211127507906288,0.8408615763888905,0.1591384236111095,823.1953,0.0012133046437339,1
/Users/loganfecko/Desktop/Summer_Research/traceXplainer/dvc-data/systems/dronology/corpus/req/RE-649.txt,/Users/loganfecko/Desktop/Summer_Research/traceXplainer/dvc-data/systems/dronology/corpus/src/AFDragLayout.java,82.17182922363281,0.0120233017517409,0.7048978580294485,0.2951021419705515,1457.8953,0.0006854501655472,1
/Users/loganfecko/Desktop/Summer_Research/traceXplainer/dvc-data/systems/dronology/corpus/req/RE-649.txt,/Users/loganfecko/Desktop/Summer_Research/traceXplainer/dvc-data/systems/dronology/corpus/src/AFAssignRouteComponent.java,102.69783020019533,0.0096434033197168,0.6935058985080436,0.3064941014919564,1871.0298,0.0005341795349247,1
/Users/loganfecko/Desktop/Summer_Research/traceXplainer/dvc-data/systems/dronology/corpus/req/RE-701.txt,/Users/loganfecko/Desktop/Summer_Research/traceXplainer/dvc-data/systems/dronology/corpus/src/SendToSubscriberCallable.java,33.03392028808594,0.0293824511409596,0.6039261379007819,0.3960738620992181,592.9286,0.001683704099692,1
/Users/loganfecko/Desktop/Summer_Research/traceXplainer/dvc-data/systems/dronology/corpus/req/RE-701.txt,/Users/loganfecko/Desktop/Summer_Research/traceXplainer/dvc-data/systems/dronology/corpus/src/IDroneConnectorServiceInstance.java,29.176118850708008,0.0331387878258087,0.7842197954114318,0.2157802045885681,513.9244,0.001942032740747,1
/Users/loganfecko/Desktop/Summer_Research/traceXplainer/dvc-data/systems/dronology/corpus/req/RE-701.txt,/Users/loganfecko/Desktop/Summer_Research/traceXplainer/dvc-data/systems/dronology/corpus/src/IDroneMonitoringServiceInstance.java,28.43886375427246,0.0339687023367153,0.6570106174535437,0.3429893825464563,515.70953,0.0019353233002223,1
/Users/loganfecko/Desktop/Summer_Research/traceXplainer/dvc-data/systems/dronology/corpus/req/RE-701.txt,/Users/loganfecko/Desktop/Summer_Research/traceXplainer/dvc-data/systems/dronology/corpus/src/DroneMonitoringServiceInstance.java,50.25141906738281,0.0195116548614049,0.6923342660122856,0.3076657339877143,895.6935,0.0011152082854312,1
/Users/loganfecko/Desktop/Summer_Research/traceXplainer/dvc-data/systems/dronology/corpus/req/RE-701.txt,/Users/loganfecko/Desktop/Summer_Research/traceXplainer/dvc-data/systems/dronology/corpus/src/GroundstationConnector.java,79.67048645019531,0.0123961072258735,0.7071872208064797,0.2928127791935203,1413.6097,0.000706908747245,1
/Users/loganfecko/Desktop/Summer_Research/traceXplainer/dvc-data/systems/dronology/corpus/req/RE-701.txt,/Users/loganfecko/Desktop/Summer_Research/traceXplainer/dvc-data/systems/dronology/corpus/src/AbstractUAVMessage.java,44.09000015258789,0.0221778664141921,0.7010730333764192,0.2989269666235807,790.739,0.0012630424707281,1
/Users/loganfecko/Desktop/Summer_Research/traceXplainer/dvc-data/systems/dronology/corpus/req/RE-701.txt,/Users/loganfecko/Desktop/Summer_Research/traceXplainer/dvc-data/systems/dronology/corpus/src/PhysicalDroneFleetFactory.java,65.43009185791016,0.0150534188954448,0.7040488668159257,0.2959511331840743,1172.8662,0.0008518858373147,1
/Users/loganfecko/Desktop/Summer_Research/traceXplainer/dvc-data/systems/dronology/corpus/req/RE-701.txt,/Users/loganfecko/Desktop/Summer_Research/traceXplainer/dvc-data/systems/dronology/corpus/src/UAVMonitorableMessage.java,54.44794464111328,0.0180349336025437,0.6916749810190448,0.3083250189809552,976.00946,0.0010235315424071,1
/Users/loganfecko/Desktop/Summer_Research/traceXplainer/dvc-data/systems/dronology/corpus/req/RE-701.txt,/Users/loganfecko/Desktop/Summer_Research/traceXplainer/dvc-data/systems/dronology/corpus/src/VirtualDroneFleetFactory.java,53.593955993652344,0.0183170459403284,0.6838772692908733,0.3161227307091266,944.9427,0.0010571464980893,1
/Users/loganfecko/Desktop/Summer_Research/traceXplainer/dvc-data/systems/dronology/corpus/req/RE-701.txt,/Users/loganfecko/Desktop/Summer_Research/traceXplainer/dvc-data/systems/dronology/corpus/src/IMonitorableMessage.java,24.738428115844727,0.0388524114797979,0.6326993836379163,0.3673006163620836,432.30743,0.0023078302409431,1
/Users/loganfecko/Desktop/Summer_Research/traceXplainer/dvc-data/systems/dronology/corpus/req/RE-701.txt,/Users/loganfecko/Desktop/Summer_Research/traceXplainer/dvc-data/systems/dronology/corpus/src/DroneMonitoringService.java,41.93159866333008,0.0232928665862645,0.6413702993643204,0.3586297006356795,765.8666,0.0013040078023982,1
/Users/loganfecko/Desktop/Summer_Research/traceXplainer/dvc-data/systems/dronology/corpus/req/RE-701.txt,/Users/loganfecko/Desktop/Summer_Research/traceXplainer/dvc-data/systems/dronology/corpus/src/StateMessageTypeAdapter.java,65.91197967529297,0.014945006930788,0.6856611790021951,0.3143388209978048,1194.3376,0.0008365837074914,1
/Users/loganfecko/Desktop/Summer_Research/traceXplainer/dvc-data/systems/dronology/corpus/req/RE-701.txt,/Users/loganfecko/Desktop/Summer_Research/traceXplainer/dvc-data/systems/dronology/corpus/src/SimpleTakeoffFlightPlan.java,78.24034118652344,0.0126198346073006,0.7675557156875635,0.2324442843124364,1417.235,0.0007051017710948,1
/Users/loganfecko/Desktop/Summer_Research/traceXplainer/dvc-data/systems/dronology/corpus/req/RE-701.txt,/Users/loganfecko/Desktop/Summer_Research/traceXplainer/dvc-data/systems/dronology/corpus/src/IMonitoringDataHandler.java,19.258228302001953,0.049362658229159,0.7403676897018969,0.2596323102981031,346.23917,0.0028798594662328,1
/Users/loganfecko/Desktop/Summer_Research/traceXplainer/dvc-data/systems/dronology/corpus/req/RE-701.txt,/Users/loganfecko/Desktop/Summer_Research/traceXplainer/dvc-data/systems/dronology/corpus/src/MonitoringDispatchThread.java,35.96739959716797,0.0270508613236785,0.6462297571375245,0.3537702428624755,633.51227,0.0015760136569894,1
/Users/loganfecko/Desktop/Summer_Research/traceXplainer/dvc-data/systems/dronology/corpus/req/RE-701.txt,/Users/loganfecko/Desktop/Summer_Research/traceXplainer/dvc-data/systems/dronology/corpus/src/RemindsConnector.java,89.50341796875,0.0110493064510037,0.6579479399743666,0.3420520600256334,1604.7971,0.0006227436754495,1
/Users/loganfecko/Desktop/Summer_Research/traceXplainer/dvc-data/systems/dronology/corpus/req/RE-701.txt,/Users/loganfecko/Desktop/Summer_Research/traceXplainer/dvc-data/systems/dronology/corpus/src/IncommingGroundstationConnectionServer.java,43.69832611083984,0.0223722024292423,0.7326467338586838,0.2673532661413161,778.54895,0.0012827930814985,1
/Users/loganfecko/Desktop/Summer_Research/traceXplainer/dvc-data/systems/dronology/corpus/req/RE-701.txt,/Users/loganfecko/Desktop/Summer_Research/traceXplainer/dvc-data/systems/dronology/corpus/src/MonitoringConnectionTester.java,34.460140228271484,0.0282006781011747,0.6131188168651001,0.3868811831348999,628.6059,0.0015882951642597,1
/Users/loganfecko/Desktop/Summer_Research/traceXplainer/dvc-data/systems/dronology/corpus/req/RE-701.txt,/Users/loganfecko/Desktop/Summer_Research/traceXplainer/dvc-data/systems/dronology/corpus/src/DispatchQueueManager.java,78.75535583496094,0.0125383429053882,0.6510669062816279,0.3489330937183721,1380.2708,0.0007239710234839,1
/Users/loganfecko/Desktop/Summer_Research/traceXplainer/dvc-data/systems/dronology/corpus/req/RE-701.txt,/Users/loganfecko/Desktop/Summer_Research/traceXplainer/dvc-data/systems/dronology/corpus/src/DronologyMonitoringManager.java,42.96563720703125,0.0227450359764164,0.6274884218905997,0.3725115781094003,776.30334,0.0012864990312781,1
/Users/loganfecko/Desktop/Summer_Research/traceXplainer/dvc-data/systems/dronology/corpus/req/RE-701.txt,/Users/loganfecko/Desktop/Summer_Research/traceXplainer/dvc-data/systems/dronology/corpus/src/DroneConnectorServiceInstance.java,68.82137298583984,0.0143222620414927,0.818170206446002,0.1818297935539979,1248.4915,0.0008003256012162,1
/Users/loganfecko/Desktop/Summer_Research/traceXplainer/dvc-data/systems/dronology/corpus/req/RE-701.txt,/Users/loganfecko/Desktop/Summer_Research/traceXplainer/dvc-data/systems/dronology/corpus/src/ManagedDrone.java,125.00357818603516,0.0079362825595601,0.6895037548642765,0.3104962451357235,2225.9558,0.0004490434858491,1
/Users/loganfecko/Desktop/Summer_Research/traceXplainer/dvc-data/systems/dronology/corpus/req/RE-701.txt,/Users/loganfecko/Desktop/Summer_Research/traceXplainer/dvc-data/systems/dronology/corpus/src/FlightPlan.java,79.30830383300781,0.0124520124603725,0.710873291599571,0.289126708400429,1430.4104,0.0006986116628236,1
/Users/loganfecko/Desktop/Summer_Research/traceXplainer/dvc-data/systems/dronology/corpus/req/RE-701.txt,/Users/loganfecko/Desktop/Summer_Research/traceXplainer/dvc-data/systems/dronology/corpus/src/IRemoteMonitoringMessageHandler.java,19.229562759399418,0.049432605731202,0.6961440752481942,0.3038559247518058,343.22803,0.0029050510724432,1
/Users/loganfecko/Desktop/Summer_Research/traceXplainer/dvc-data/systems/dronology/corpus/req/RE-701.txt,/Users/loganfecko/Desktop/Summer_Research/traceXplainer/dvc-data/systems/dronology/corpus/src/RemoteMessageHandler.java,31.883337020874023,0.0304105389110968,0.6838939051436916,0.3161060948563083,557.99646,0.0017889200945384,1
/Users/loganfecko/Desktop/Summer_Research/traceXplainer/dvc-data/systems/dronology/corpus/req/RE-701.txt,/Users/loganfecko/Desktop/Summer_Research/traceXplainer/dvc-data/systems/dronology/corpus/src/PlanPoolManager.java,83.9004898071289,0.0117784950625341,0.6856516431209545,0.3143483568790455,1484.442,0.0006732002924542,1
/Users/loganfecko/Desktop/Summer_Research/traceXplainer/dvc-data/systems/dronology/corpus/req/RE-701.txt,/Users/loganfecko/Desktop/Summer_Research/traceXplainer/dvc-data/systems/dronology/corpus/src/DroneFlightStateManager.java,92.02088165283205,0.0107502743709971,0.7591754494035154,0.2408245505964845,1650.1727,0.0006056301573655,1
/Users/loganfecko/Desktop/Summer_Research/traceXplainer/dvc-data/systems/dronology/corpus/req/RE-701.txt,/Users/loganfecko/Desktop/Summer_Research/traceXplainer/dvc-data/systems/dronology/corpus/src/IFlightPlan.java,47.32892227172851,0.0206915435518615,0.7917689258724655,0.2082310741275345,862.0525,0.0011586780773072,1
/Users/loganfecko/Desktop/Summer_Research/traceXplainer/dvc-data/systems/dronology/corpus/req/RE-701.txt,/Users/loganfecko/Desktop/Summer_Research/traceXplainer/dvc-data/systems/dronology/corpus/src/DronologyServiceRunner.java,49.544830322265625,0.0197844169942635,0.7225904087415653,0.2774095912584347,906.57446,0.0011018379657962,1
/Users/loganfecko/Desktop/Summer_Research/traceXplainer/dvc-data/systems/dronology/corpus/req/RE-701.txt,/Users/loganfecko/Desktop/Summer_Research/traceXplainer/dvc-data/systems/dronology/corpus/src/UAVPlanChangeMessage.java,39.66438674926758,0.0245915426234237,0.6099190864087097,0.3900809135912902,707.24963,0.0014119315454497,1
/Users/loganfecko/Desktop/Summer_Research/traceXplainer/dvc-data/systems/dronology/corpus/req/RE-701.txt,/Users/loganfecko/Desktop/Summer_Research/traceXplainer/dvc-data/systems/dronology/corpus/src/UAVStateChangeMessage.java,38.27407455444336,0.0254620894660104,0.6158446060460805,0.3841553939539195,660.61804,0.0015114460860059,1
/Users/loganfecko/Desktop/Summer_Research/traceXplainer/dvc-data/systems/dronology/corpus/req/RE-701.txt,/Users/loganfecko/Desktop/Summer_Research/traceXplainer/dvc-data/systems/dronology/corpus/src/MessageMarshaller.java,58.75516891479492,0.0167349539489362,0.5918584739343415,0.4081415260656584,1038.4545,0.0009620431014569,1
/Users/loganfecko/Desktop/Summer_Research/traceXplainer/dvc-data/systems/dronology/corpus/req/RE-701.txt,/Users/loganfecko/Desktop/Summer_Research/traceXplainer/dvc-data/systems/dronology/corpus/src/AbstractDroneCommand.java,46.944549560546875,0.0208574281991563,0.8812790391637761,0.1187209608362238,855.03345,0.0011681786537596,1
/Users/loganfecko/Desktop/Summer_Research/traceXplainer/dvc-data/systems/dronology/corpus/req/RE-701.txt,/Users/loganfecko/Desktop/Summer_Research/traceXplainer/dvc-data/systems/dronology/corpus/src/UAVAcknowledgeMessage.java,22.654239654541016,0.0422757194737403,0.7090580788561989,0.2909419211438011,402.78522,0.002476564166275,1
/Users/loganfecko/Desktop/Summer_Research/traceXplainer/dvc-data/systems/dronology/corpus/req/RE-701.txt,/Users/loganfecko/Desktop/Summer_Research/traceXplainer/dvc-data/systems/dronology/corpus/src/ArtifactIdentifier.java,59.47117233276367,0.0165368052482454,0.8305340907217229,0.1694659092782771,1060.2323,0.0009423007575099,1
/Users/loganfecko/Desktop/Summer_Research/traceXplainer/dvc-data/systems/dronology/corpus/req/RE-701.txt,/Users/loganfecko/Desktop/Summer_Research/traceXplainer/dvc-data/systems/dronology/corpus/src/DroneConnectorService.java,38.73033142089844,0.025169686842179,0.7761702599373776,0.2238297400626223,688.9591,0.0014493612601941,1
/Users/loganfecko/Desktop/Summer_Research/traceXplainer/dvc-data/systems/dronology/corpus/req/RE-701.txt,/Users/loganfecko/Desktop/Summer_Research/traceXplainer/dvc-data/systems/dronology/corpus/src/PhysicalDrone.java,79.93988800048828,0.0123548478346543,0.8455484223420275,0.1544515776579724,1436.5001,0.0006956521148393,1
/Users/loganfecko/Desktop/Summer_Research/traceXplainer/dvc-data/systems/dronology/corpus/req/RE-729.txt,/Users/loganfecko/Desktop/Summer_Research/traceXplainer/dvc-data/systems/dronology/corpus/src/CommandIds.java,34.81535720825195,0.0279209835653851,0.818586231462582,0.1814137685374179,627.9169,0.0015900352614387,1
/Users/loganfecko/Desktop/Summer_Research/traceXplainer/dvc-data/systems/dronology/corpus/req/RE-729.txt,/Users/loganfecko/Desktop/Summer_Research/traceXplainer/dvc-data/systems/dronology/corpus/src/GoToCommand.java,30.591550827026367,0.0316540332405747,0.6432211874284279,0.356778812571572,550.2055,0.001814205392101,1
/Users/loganfecko/Desktop/Summer_Research/traceXplainer/dvc-data/systems/dronology/corpus/req/RE-729.txt,/Users/loganfecko/Desktop/Summer_Research/traceXplainer/dvc-data/systems/dronology/corpus/src/SetMonitoringFrequencyCommand.java,27.095218658447266,0.0355932449630298,0.6110355252263131,0.3889644747736869,482.9735,0.0020662287869153,1
/Users/loganfecko/Desktop/Summer_Research/traceXplainer/dvc-data/systems/dronology/corpus/req/RE-729.txt,/Users/loganfecko/Desktop/Summer_Research/traceXplainer/dvc-data/systems/dronology/corpus/src/LandCommand.java,28.71221351623535,0.0336561932504146,0.7908259409848026,0.2091740590151973,526.8933,0.0018943221670379,1
/Users/loganfecko/Desktop/Summer_Research/traceXplainer/dvc-data/systems/dronology/corpus/req/RE-729.txt,/Users/loganfecko/Desktop/Summer_Research/traceXplainer/dvc-data/systems/dronology/corpus/src/TakeoffCommand.java,28.96970558166504,0.0333670278233157,0.6532672381205287,0.3467327618794713,515.5792,0.0019358114965746,1
/Users/loganfecko/Desktop/Summer_Research/traceXplainer/dvc-data/systems/dronology/corpus/req/RE-729.txt,/Users/loganfecko/Desktop/Summer_Research/traceXplainer/dvc-data/systems/dronology/corpus/src/SetStateFrequencyCommand.java,28.592016220092773,0.0337928984818887,0.6331522068568312,0.3668477931431688,508.60355,0.0019623097358121,1
/Users/loganfecko/Desktop/Summer_Research/traceXplainer/dvc-data/systems/dronology/corpus/req/RE-729.txt,/Users/loganfecko/Desktop/Summer_Research/traceXplainer/dvc-data/systems/dronology/corpus/src/EmergencyStopCommand.java,27.74408721923828,0.0347897636259155,0.6547039535009627,0.3452960464990373,499.57953,0.0019976845684841,1
/Users/loganfecko/Desktop/Summer_Research/traceXplainer/dvc-data/systems/dronology/corpus/req/RE-729.txt,/Users/loganfecko/Desktop/Summer_Research/traceXplainer/dvc-data/systems/dronology/corpus/src/SetVelocityCommand.java,28.151098251342773,0.034304024890518,0.6195142587622108,0.3804857412377892,506.4625,0.0019705889834766,1
/Users/loganfecko/Desktop/Summer_Research/traceXplainer/dvc-data/systems/dronology/corpus/req/RE-729.txt,/Users/loganfecko/Desktop/Summer_Research/traceXplainer/dvc-data/systems/dronology/corpus/src/IDroneCommand.java,33.764251708984375,0.0287651812088785,0.7996655105172725,0.2003344894827274,603.0626,0.0016554575030196,1
/Users/loganfecko/Desktop/Summer_Research/traceXplainer/dvc-data/systems/dronology/corpus/req/RE-729.txt,/Users/loganfecko/Desktop/Summer_Research/traceXplainer/dvc-data/systems/dronology/corpus/src/AbstractDroneCommand.java,44.82928085327149,0.0218201111032405,0.7103334486814004,0.2896665513185996,812.84863,0.0012287297166602,1
/Users/loganfecko/Desktop/Summer_Research/traceXplainer/dvc-data/systems/dronology/corpus/req/RE-729.txt,/Users/loganfecko/Desktop/Summer_Research/traceXplainer/dvc-data/systems/dronology/corpus/src/SetGroundSpeedCommand.java,29.286699295043945,0.0330177940573285,0.6417654385211002,0.3582345614788997,528.98596,0.0018868424295399,1
/Users/loganfecko/Desktop/Summer_Research/traceXplainer/dvc-data/systems/dronology/corpus/req/RE-714.txt,/Users/loganfecko/Desktop/Summer_Research/traceXplainer/dvc-data/systems/dronology/corpus/src/CommandIds.java,34.27362060546875,0.028349797464368,0.7645261910570889,0.2354738089429111,615.92584,0.0016209403650459,1
/Users/loganfecko/Desktop/Summer_Research/traceXplainer/dvc-data/systems/dronology/corpus/req/RE-714.txt,/Users/loganfecko/Desktop/Summer_Research/traceXplainer/dvc-data/systems/dronology/corpus/src/GoToCommand.java,33.08690643310547,0.029336777802423,0.8137331459426402,0.1862668540573597,594.1013,0.0016803861277889,1
/Users/loganfecko/Desktop/Summer_Research/traceXplainer/dvc-data/systems/dronology/corpus/req/RE-714.txt,/Users/loganfecko/Desktop/Summer_Research/traceXplainer/dvc-data/systems/dronology/corpus/src/SetMonitoringFrequencyCommand.java,28.966236114501953,0.0333708910314584,0.7342949982905318,0.2657050017094682,514.58136,0.0019395580947014,1
/Users/loganfecko/Desktop/Summer_Research/traceXplainer/dvc-data/systems/dronology/corpus/req/RE-714.txt,/Users/loganfecko/Desktop/Summer_Research/traceXplainer/dvc-data/systems/dronology/corpus/src/SetGimbalRotationCommand.java,26.40766143798828,0.0364861483079309,0.8184877888318036,0.1815122111681963,479.82773,0.0020797469471964,1
/Users/loganfecko/Desktop/Summer_Research/traceXplainer/dvc-data/systems/dronology/corpus/req/RE-714.txt,/Users/loganfecko/Desktop/Summer_Research/traceXplainer/dvc-data/systems/dronology/corpus/src/TakeoffCommand.java,31.12693214416504,0.0311265325774849,0.7978580402590921,0.2021419597409078,544.3541,0.0018336709165064,1
/Users/loganfecko/Desktop/Summer_Research/traceXplainer/dvc-data/systems/dronology/corpus/req/RE-714.txt,/Users/loganfecko/Desktop/Summer_Research/traceXplainer/dvc-data/systems/dronology/corpus/src/SetStateFrequencyCommand.java,29.88555908203125,0.03237759100763,0.7164679082857901,0.2835320917142099,533.47656,0.0018709894318331,1
/Users/loganfecko/Desktop/Summer_Research/traceXplainer/dvc-data/systems/dronology/corpus/req/RE-714.txt,/Users/loganfecko/Desktop/Summer_Research/traceXplainer/dvc-data/systems/dronology/corpus/src/GroundstationConnector.java,80.26667785644531,0.0123051664763073,0.7674176315622241,0.2325823684377759,1425.5796,0.0007009773637021,1
/Users/loganfecko/Desktop/Summer_Research/traceXplainer/dvc-data/systems/dronology/corpus/req/RE-714.txt,/Users/loganfecko/Desktop/Summer_Research/traceXplainer/dvc-data/systems/dronology/corpus/src/UAVHandshakeMessage.java,39.85002136230469,0.0244797913599813,0.831620256778151,0.168379743221849,719.208,0.001388487755138,1
/Users/loganfecko/Desktop/Summer_Research/traceXplainer/dvc-data/systems/dronology/corpus/req/RE-714.txt,/Users/loganfecko/Desktop/Summer_Research/traceXplainer/dvc-data/systems/dronology/corpus/src/ReadDispatcher.java,80.91983032226562,0.012207056534005,0.7785101703199132,0.2214898296800868,1420.0315,0.0007037141710956,1
/Users/loganfecko/Desktop/Summer_Research/traceXplainer/dvc-data/systems/dronology/corpus/req/RE-714.txt,/Users/loganfecko/Desktop/Summer_Research/traceXplainer/dvc-data/systems/dronology/corpus/src/SetVelocityCommand.java,30.069610595703125,0.0321857912225748,0.7469667917691208,0.2530332082308791,536.3882,0.0018608522303422,1
/Users/loganfecko/Desktop/Summer_Research/traceXplainer/dvc-data/systems/dronology/corpus/req/RE-714.txt,/Users/loganfecko/Desktop/Summer_Research/traceXplainer/dvc-data/systems/dronology/corpus/src/SetGimbalTargetCommand.java,26.81561279296875,0.0359510325169891,0.8206480194613779,0.1793519805386221,483.97748,0.0020619514210588,1
/Users/loganfecko/Desktop/Summer_Research/traceXplainer/dvc-data/systems/dronology/corpus/req/RE-714.txt,/Users/loganfecko/Desktop/Summer_Research/traceXplainer/dvc-data/systems/dronology/corpus/src/IDroneCommand.java,35.29997253417969,0.0275482302103234,0.8973742200432866,0.1026257799567134,633.3125,0.0015765100009853,1
/Users/loganfecko/Desktop/Summer_Research/traceXplainer/dvc-data/systems/dronology/corpus/req/RE-714.txt,/Users/loganfecko/Desktop/Summer_Research/traceXplainer/dvc-data/systems/dronology/corpus/src/AbstractDroneCommand.java,46.5756950378418,0.0210191359097244,0.8330820780918577,0.1669179219081422,850.68115,0.0011741483268099,1
/Users/loganfecko/Desktop/Summer_Research/traceXplainer/dvc-data/systems/dronology/corpus/req/RE-714.txt,/Users/loganfecko/Desktop/Summer_Research/traceXplainer/dvc-data/systems/dronology/corpus/src/ConnectionRequestMessage.java,29.417940139770508,0.0328753359170607,0.7061787225947582,0.2938212774052418,523.0345,0.001908271361685,1
/Users/loganfecko/Desktop/Summer_Research/traceXplainer/dvc-data/systems/dronology/corpus/req/RE-714.txt,/Users/loganfecko/Desktop/Summer_Research/traceXplainer/dvc-data/systems/dronology/corpus/src/SetGroundSpeedCommand.java,31.01807403564453,0.0312323595381389,0.7563080059225844,0.2436919940774156,553.5661,0.0018032115523522,1
/Users/loganfecko/Desktop/Summer_Research/traceXplainer/dvc-data/systems/dronology/corpus/req/RE-516.txt,/Users/loganfecko/Desktop/Summer_Research/traceXplainer/dvc-data/systems/dronology/corpus/src/LlaCoordinate.java,71.4040756225586,0.0138113772104899,0.8096950802626183,0.1903049197373817,1273.917,0.0007843647909062,1
/Users/loganfecko/Desktop/Summer_Research/traceXplainer/dvc-data/systems/dronology/corpus/req/RE-516.txt,/Users/loganfecko/Desktop/Summer_Research/traceXplainer/dvc-data/systems/dronology/corpus/src/PVector.java,59.50796127319336,0.0165267508433312,0.8583743270169399,0.14162567298306,1076.8318,0.0009277885584372,1
/Users/loganfecko/Desktop/Summer_Research/traceXplainer/dvc-data/systems/dronology/corpus/req/RE-516.txt,/Users/loganfecko/Desktop/Summer_Research/traceXplainer/dvc-data/systems/dronology/corpus/src/NVector.java,62.69977951049805,0.0156986414660225,0.8594926544409206,0.1405073455590794,1129.1267,0.0008848565316173,1
/Users/loganfecko/Desktop/Summer_Research/traceXplainer/dvc-data/systems/dronology/corpus/req/RE-36.txt,/Users/loganfecko/Desktop/Summer_Research/traceXplainer/dvc-data/systems/dronology/corpus/src/DroneFleetManager.java,83.63897705078125,0.0118148875948728,0.5950556494108163,0.4049443505891836,1515.3191,0.0006594917952361,1
/Users/loganfecko/Desktop/Summer_Research/traceXplainer/dvc-data/systems/dronology/corpus/req/RE-36.txt,/Users/loganfecko/Desktop/Summer_Research/traceXplainer/dvc-data/systems/dronology/corpus/src/PhysicalDroneFleetFactory.java,65.18878936767578,0.0151082986945877,0.71687338567531,0.28312661432469,1168.551,0.0008550289626448,1
/Users/loganfecko/Desktop/Summer_Research/traceXplainer/dvc-data/systems/dronology/corpus/req/RE-36.txt,/Users/loganfecko/Desktop/Summer_Research/traceXplainer/dvc-data/systems/dronology/corpus/src/VirtualDroneFleetFactory.java,52.96883773803711,0.0185292113358817,0.6673619761588258,0.3326380238411742,927.46277,0.0010770491115725,1
/Users/loganfecko/Desktop/Summer_Research/traceXplainer/dvc-data/systems/dronology/corpus/req/RE-689.txt,/Users/loganfecko/Desktop/Summer_Research/traceXplainer/dvc-data/systems/dronology/corpus/src/AFMapComponent.java,122.3383560180664,0.0081077779231427,0.7599288469183457,0.2400711530816542,2179.3774,0.0004586361888586,1
/Users/loganfecko/Desktop/Summer_Research/traceXplainer/dvc-data/systems/dronology/corpus/req/RE-689.txt,/Users/loganfecko/Desktop/Summer_Research/traceXplainer/dvc-data/systems/dronology/corpus/src/MapDrawingUtil.java,108.16732788085938,0.0091602498605751,0.6024737243971182,0.3975262756028818,1950.4695,0.0005124343521677,1
/Users/loganfecko/Desktop/Summer_Research/traceXplainer/dvc-data/systems/dronology/corpus/req/RE-501.txt,/Users/loganfecko/Desktop/Summer_Research/traceXplainer/dvc-data/systems/dronology/corpus/src/FlightRoutePersistenceProvider.java,47.206207275390625,0.0207442164924371,0.6992241554709822,0.3007758445290178,846.00574,0.0011806295470703,1
/Users/loganfecko/Desktop/Summer_Research/traceXplainer/dvc-data/systems/dronology/corpus/req/RE-501.txt,/Users/loganfecko/Desktop/Summer_Research/traceXplainer/dvc-data/systems/dronology/corpus/src/DronologyPersistenceUtil.java,41.05995178222656,0.0237755859820689,0.5949025624925451,0.4050974375074548,717.2981,0.001392179661873,1
/Users/loganfecko/Desktop/Summer_Research/traceXplainer/dvc-data/systems/dronology/corpus/req/RE-501.txt,/Users/loganfecko/Desktop/Summer_Research/traceXplainer/dvc-data/systems/dronology/corpus/src/FlightRouteInfo.java,44.157676696777344,0.022144629067495,0.5349354537225521,0.4650645462774478,783.5076,0.001274684862876,1
/Users/loganfecko/Desktop/Summer_Research/traceXplainer/dvc-data/systems/dronology/corpus/req/RE-501.txt,/Users/loganfecko/Desktop/Summer_Research/traceXplainer/dvc-data/systems/dronology/corpus/src/FlightRouteplanningServiceInstance.java,82.29718780517578,0.0120052072146649,0.6247082492948195,0.3752917507051805,1444.2369,0.0006919280661717,1
/Users/loganfecko/Desktop/Summer_Research/traceXplainer/dvc-data/systems/dronology/corpus/req/RE-501.txt,/Users/loganfecko/Desktop/Summer_Research/traceXplainer/dvc-data/systems/dronology/corpus/src/FlightRouteplanningServiceRemoteFacade.java,59.623443603515625,0.0164952688359327,0.6803552185820148,0.3196447814179852,1046.8384,0.0009543456511335,1
/Users/loganfecko/Desktop/Summer_Research/traceXplainer/dvc-data/systems/dronology/corpus/req/RE-501.txt,/Users/loganfecko/Desktop/Summer_Research/traceXplainer/dvc-data/systems/dronology/corpus/src/IFlightRoute.java,34.32429885864258,0.0283091252285489,0.6840848646849315,0.3159151353150685,611.15955,0.001633561065412,1
/Users/loganfecko/Desktop/Summer_Research/traceXplainer/dvc-data/systems/dronology/corpus/req/RE-501.txt,/Users/loganfecko/Desktop/Summer_Research/traceXplainer/dvc-data/systems/dronology/corpus/src/IFlightRouteplanningServiceInstance.java,35.658233642578125,0.0272790012129365,0.6556151885904591,0.3443848114095409,632.5681,0.0015783622564877,1
/Users/loganfecko/Desktop/Summer_Research/traceXplainer/dvc-data/systems/dronology/corpus/req/RE-501.txt,/Users/loganfecko/Desktop/Summer_Research/traceXplainer/dvc-data/systems/dronology/corpus/src/FlightRoute.java,50.39812088012695,0.0194559642040658,0.5949795941063303,0.4050204058936697,912.30524,0.0010949241936746,1
/Users/loganfecko/Desktop/Summer_Research/traceXplainer/dvc-data/systems/dronology/corpus/req/RE-501.txt,/Users/loganfecko/Desktop/Summer_Research/traceXplainer/dvc-data/systems/dronology/corpus/src/FlightRouteplanningService.java,50.33086395263672,0.01948145663246,0.6571569981532032,0.3428430018467968,901.2545,0.0011083347122124,1
/Users/loganfecko/Desktop/Summer_Research/traceXplainer/dvc-data/systems/dronology/corpus/req/RE-501.txt,/Users/loganfecko/Desktop/Summer_Research/traceXplainer/dvc-data/systems/dronology/corpus/src/Waypoint.java,48.32304763793945,0.0202744973777897,0.6926104483313943,0.3073895516686057,874.4432,0.0011422785934105,1
/Users/loganfecko/Desktop/Summer_Research/traceXplainer/dvc-data/systems/dronology/corpus/req/RE-501.txt,/Users/loganfecko/Desktop/Summer_Research/traceXplainer/dvc-data/systems/dronology/corpus/src/DroneSimulatorServiceInstance.java,86.64811706542969,0.0114092582189015,0.8249930772392071,0.1750069227607928,1572.4521,0.0006355452251872,1
/Users/loganfecko/Desktop/Summer_Research/traceXplainer/dvc-data/systems/dronology/corpus/req/RE-677.txt,/Users/loganfecko/Desktop/Summer_Research/traceXplainer/dvc-data/systems/dronology/corpus/src/DroneSetupService.java,53.10774993896485,0.018481640820918,0.8499853751603849,0.1500146248396151,961.05994,0.0010394362783816,1
/Users/loganfecko/Desktop/Summer_Research/traceXplainer/dvc-data/systems/dronology/corpus/req/RE-101.txt,/Users/loganfecko/Desktop/Summer_Research/traceXplainer/dvc-data/systems/dronology/corpus/src/FlightZoneManager2.java,118.91326141357422,0.0083393612033539,0.5880112168349103,0.4119887831650897,2153.5972,0.0004641238811906,1
/Users/loganfecko/Desktop/Summer_Research/traceXplainer/dvc-data/systems/dronology/corpus/req/RE-101.txt,/Users/loganfecko/Desktop/Summer_Research/traceXplainer/dvc-data/systems/dronology/corpus/src/PlanPoolManager.java,78.80033111572266,0.0125312763245286,0.4919129005575553,0.5080870994424447,1394.9509,0.0007163575596622,1
/Users/loganfecko/Desktop/Summer_Research/traceXplainer/dvc-data/systems/dronology/corpus/req/RE-505.txt,/Users/loganfecko/Desktop/Summer_Research/traceXplainer/dvc-data/systems/dronology/corpus/src/FlightRouteplanningServiceInstance.java,81.97088623046875,0.0120524203781829,0.5541745530248239,0.4458254469751761,1452.6451,0.0006879258020965,1
/Users/loganfecko/Desktop/Summer_Research/traceXplainer/dvc-data/systems/dronology/corpus/req/RE-505.txt,/Users/loganfecko/Desktop/Summer_Research/traceXplainer/dvc-data/systems/dronology/corpus/src/AbstractFileTransmitServiceInstance.java,73.16309356689453,0.0134837956711987,0.7416055526133088,0.2583944473866911,1325.1912,0.0007540391073104,1
/Users/loganfecko/Desktop/Summer_Research/traceXplainer/dvc-data/systems/dronology/corpus/req/RE-25.txt,/Users/loganfecko/Desktop/Summer_Research/traceXplainer/dvc-data/systems/dronology/corpus/src/VirtualDrone.java,71.85072326660156,0.013726699683412,0.8041068535840799,0.1958931464159201,1302.3112,0.0007672764822546,1
/Users/loganfecko/Desktop/Summer_Research/traceXplainer/dvc-data/systems/dronology/corpus/req/RE-25.txt,/Users/loganfecko/Desktop/Summer_Research/traceXplainer/dvc-data/systems/dronology/corpus/src/PhysicalDroneFleetFactory.java,66.7782211303711,0.0147540018507789,0.8008412459604506,0.1991587540395494,1197.3615,0.0008344727709966,1
/Users/loganfecko/Desktop/Summer_Research/traceXplainer/dvc-data/systems/dronology/corpus/req/RE-25.txt,/Users/loganfecko/Desktop/Summer_Research/traceXplainer/dvc-data/systems/dronology/corpus/src/VirtualDroneFleetFactory.java,54.71160507202149,0.0179495815765358,0.7584569539344497,0.2415430460655503,965.9299,0.0010342011663925,1
/Users/loganfecko/Desktop/Summer_Research/traceXplainer/dvc-data/systems/dronology/corpus/req/RE-25.txt,/Users/loganfecko/Desktop/Summer_Research/traceXplainer/dvc-data/systems/dronology/corpus/src/AbstractDrone.java,66.17191314697266,0.0148871746113884,0.816724143523853,0.1832758564761469,1201.6204,0.0008315176028581,1
/Users/loganfecko/Desktop/Summer_Research/traceXplainer/dvc-data/systems/dronology/corpus/req/RE-25.txt,/Users/loganfecko/Desktop/Summer_Research/traceXplainer/dvc-data/systems/dronology/corpus/src/PhysicalDrone.java,80.08221435546875,0.0123331609521164,0.852010995635118,0.147989004364882,1438.6047,0.0006946351139067,1
/Users/loganfecko/Desktop/Summer_Research/traceXplainer/dvc-data/systems/dronology/corpus/req/RE-706.txt,/Users/loganfecko/Desktop/Summer_Research/traceXplainer/dvc-data/systems/dronology/corpus/src/UAVMonitorableMessage.java,54.10948181152344,0.0181456977479853,0.6360878431531374,0.3639121568468626,975.2455,0.0010243325239455,1
/Users/loganfecko/Desktop/Summer_Research/traceXplainer/dvc-data/systems/dronology/corpus/req/RE-706.txt,/Users/loganfecko/Desktop/Summer_Research/traceXplainer/dvc-data/systems/dronology/corpus/src/IMonitorableMessage.java,23.676095962524418,0.0405250490806446,0.5451152616700452,0.4548847383299548,414.54327,0.0024064882353952,1
/Users/loganfecko/Desktop/Summer_Research/traceXplainer/dvc-data/systems/dronology/corpus/req/RE-706.txt,/Users/loganfecko/Desktop/Summer_Research/traceXplainer/dvc-data/systems/dronology/corpus/src/ArtifactIdentifier.java,59.126590728759766,0.016631576609942,0.7991943531883955,0.2008056468116045,1051.4287,0.0009501831236713,1
/Users/loganfecko/Desktop/Summer_Research/traceXplainer/dvc-data/systems/dronology/corpus/req/RE-510.txt,/Users/loganfecko/Desktop/Summer_Research/traceXplainer/dvc-data/systems/dronology/corpus/src/LlaCoordinate.java,71.38818359375,0.0138144093463113,0.8192650061172857,0.1807349938827143,1274.8944,0.0007837639171433,1
/Users/loganfecko/Desktop/Summer_Research/traceXplainer/dvc-data/systems/dronology/corpus/req/RE-510.txt,/Users/loganfecko/Desktop/Summer_Research/traceXplainer/dvc-data/systems/dronology/corpus/src/PVector.java,59.42546463012695,0.0165493142025658,0.839731404730769,0.1602685952692309,1078.4194,0.0009264239357546,1
/Users/loganfecko/Desktop/Summer_Research/traceXplainer/dvc-data/systems/dronology/corpus/req/RE-510.txt,/Users/loganfecko/Desktop/Summer_Research/traceXplainer/dvc-data/systems/dronology/corpus/src/NVector.java,62.386756896972656,0.0157761660156454,0.825662794136133,0.174337205863867,1114.5298,0.0008964350511357,1
/Users/loganfecko/Desktop/Summer_Research/traceXplainer/dvc-data/systems/dronology/corpus/req/RE-100.txt,/Users/loganfecko/Desktop/Summer_Research/traceXplainer/dvc-data/systems/dronology/corpus/src/PlanPool.java,69.51951599121094,0.0141804716884987,0.7524537282569146,0.2475462717430854,1227.8672,0.0008137575892431,1
/Users/loganfecko/Desktop/Summer_Research/traceXplainer/dvc-data/systems/dronology/corpus/req/RE-114.txt,/Users/loganfecko/Desktop/Summer_Research/traceXplainer/dvc-data/systems/dronology/corpus/src/AFMapComponent.java,123.52633666992188,0.0080304297608197,0.7957529360893323,0.2042470639106677,2205.2744,0.0004532527747346,1
/Users/loganfecko/Desktop/Summer_Research/traceXplainer/dvc-data/systems/dronology/corpus/req/RE-114.txt,/Users/loganfecko/Desktop/Summer_Research/traceXplainer/dvc-data/systems/dronology/corpus/src/AFMainLayout.java,42.58382034301758,0.0229442942846612,0.7494700545958259,0.250529945404174,764.7018,0.0013059914750258,1
/Users/loganfecko/Desktop/Summer_Research/traceXplainer/dvc-data/systems/dronology/corpus/req/RE-672.txt,/Users/loganfecko/Desktop/Summer_Research/traceXplainer/dvc-data/systems/dronology/corpus/src/MapDrawingUtil.java,110.73992156982422,0.0089493529792314,0.7064292851277911,0.2935707148722088,1995.3048,0.0005009255075707,1
/Users/loganfecko/Desktop/Summer_Research/traceXplainer/dvc-data/systems/dronology/corpus/req/RE-103.txt,/Users/loganfecko/Desktop/Summer_Research/traceXplainer/dvc-data/systems/dronology/corpus/src/FlightZoneManager2.java,121.9299087524414,0.0081347168492072,0.7031169027259964,0.2968830972740036,2205.4404,0.0004532186713699,1
/Users/loganfecko/Desktop/Summer_Research/traceXplainer/dvc-data/systems/dronology/corpus/req/RE-709.txt,/Users/loganfecko/Desktop/Summer_Research/traceXplainer/dvc-data/systems/dronology/corpus/src/GroundstationConnector.java,81.63109588623047,0.0121019815757597,0.8672136147223154,0.1327863852776846,1456.9861,0.0006858776026635,1
/Users/loganfecko/Desktop/Summer_Research/traceXplainer/dvc-data/systems/dronology/corpus/req/RE-709.txt,/Users/loganfecko/Desktop/Summer_Research/traceXplainer/dvc-data/systems/dronology/corpus/src/RuntimeDroneTypes.java,70.39952087402344,0.0140056962253904,0.8875874224748537,0.1124125775251463,1242.8721,0.000803941196098,1
/Users/loganfecko/Desktop/Summer_Research/traceXplainer/dvc-data/systems/dronology/corpus/req/RE-709.txt,/Users/loganfecko/Desktop/Summer_Research/traceXplainer/dvc-data/systems/dronology/corpus/src/PhysicalDroneFleetFactory.java,67.89456176757812,0.0145149337530237,0.9057702966032696,0.0942297033967303,1210.269,0.0008255804156845,1
/Users/loganfecko/Desktop/Summer_Research/traceXplainer/dvc-data/systems/dronology/corpus/req/RE-709.txt,/Users/loganfecko/Desktop/Summer_Research/traceXplainer/dvc-data/systems/dronology/corpus/src/IncommingGroundstationConnectionServer.java,45.63335418701172,0.0214438789024212,0.8920837353981597,0.1079162646018403,806.65906,0.0012381462085626,1
/Users/loganfecko/Desktop/Summer_Research/traceXplainer/dvc-data/systems/dronology/corpus/req/RE-709.txt,/Users/loganfecko/Desktop/Summer_Research/traceXplainer/dvc-data/systems/dronology/corpus/src/DispatchQueueManager.java,82.0669174194336,0.0120384869339818,0.9214607917586368,0.0785392082413632,1433.2183,0.0006972439458423,1
/Users/loganfecko/Desktop/Summer_Research/traceXplainer/dvc-data/systems/dronology/corpus/req/RE-709.txt,/Users/loganfecko/Desktop/Summer_Research/traceXplainer/dvc-data/systems/dronology/corpus/src/DronologyServiceRunner.java,51.60684585571289,0.0190089328438877,0.8917762551717623,0.1082237448282377,948.76605,0.0010528908646872,1
/Users/loganfecko/Desktop/Summer_Research/traceXplainer/dvc-data/systems/dronology/corpus/req/RE-709.txt,/Users/loganfecko/Desktop/Summer_Research/traceXplainer/dvc-data/systems/dronology/corpus/src/ConnectionRequestMessage.java,29.92288398742676,0.0323385102245508,0.769304183368766,0.2306958166312339,534.4718,0.0018675119711575,1
/Users/loganfecko/Desktop/Summer_Research/traceXplainer/dvc-data/systems/dronology/corpus/req/RE-643.txt,/Users/loganfecko/Desktop/Summer_Research/traceXplainer/dvc-data/systems/dronology/corpus/src/AFMapComponent.java,123.23958587646484,0.0080489643694911,0.7844739702409587,0.2155260297590413,2194.254,0.0004555281724601,1
/Users/loganfecko/Desktop/Summer_Research/traceXplainer/dvc-data/systems/dronology/corpus/req/RE-722.txt,/Users/loganfecko/Desktop/Summer_Research/traceXplainer/dvc-data/systems/dronology/corpus/src/UAVStateMessage.java,53.3414421081543,0.0184021616137777,0.6839254569505555,0.3160745430494445,955.3983,0.0010455894619081,1
/Users/loganfecko/Desktop/Summer_Research/traceXplainer/dvc-data/systems/dronology/corpus/req/RE-722.txt,/Users/loganfecko/Desktop/Summer_Research/traceXplainer/dvc-data/systems/dronology/corpus/src/UAVMessageFactory.java,62.47243118286133,0.0157548715460267,0.5018461015569411,0.4981538984430589,1091.0728,0.0009156899084086,1
/Users/loganfecko/Desktop/Summer_Research/traceXplainer/dvc-data/systems/dronology/corpus/req/RE-722.txt,/Users/loganfecko/Desktop/Summer_Research/traceXplainer/dvc-data/systems/dronology/corpus/src/UAVMonitoringMessage.java,22.32067489624023,0.0428804056679003,0.4850252141330329,0.5149747858669671,397.25305,0.0025109663204994,1
/Users/loganfecko/Desktop/Summer_Research/traceXplainer/dvc-data/systems/dronology/corpus/req/RE-722.txt,/Users/loganfecko/Desktop/Summer_Research/traceXplainer/dvc-data/systems/dronology/corpus/src/UAVModeChangeMessage.java,30.07799530029297,0.0321771076395836,0.4372032824331114,0.5627967175668885,542.52686,0.0018398354928342,1
/Users/loganfecko/Desktop/Summer_Research/traceXplainer/dvc-data/systems/dronology/corpus/req/RE-508.txt,/Users/loganfecko/Desktop/Summer_Research/traceXplainer/dvc-data/systems/dronology/corpus/src/FlightRoute.java,50.59623718261719,0.0193812582972019,0.6021093505247332,0.3978906494752667,908.623,0.001099356563727,1
/Users/loganfecko/Desktop/Summer_Research/traceXplainer/dvc-data/systems/dronology/corpus/req/RE-28.txt,/Users/loganfecko/Desktop/Summer_Research/traceXplainer/dvc-data/systems/dronology/corpus/src/PlanPool.java,69.52462005615234,0.0141794454079127,0.7554444208888131,0.2445555791111868,1205.9786,0.000828515077872,1
/Users/loganfecko/Desktop/Summer_Research/traceXplainer/dvc-data/systems/dronology/corpus/req/RE-28.txt,/Users/loganfecko/Desktop/Summer_Research/traceXplainer/dvc-data/systems/dronology/corpus/src/PlanPoolManager.java,84.56522369384766,0.0116869910090809,0.7482134984562452,0.2517865015437548,1496.3081,0.0006678652151468,1
/Users/loganfecko/Desktop/Summer_Research/traceXplainer/dvc-data/systems/dronology/corpus/req/RE-681.txt,/Users/loganfecko/Desktop/Summer_Research/traceXplainer/dvc-data/systems/dronology/corpus/src/AFControlsComponent.java,27.043720245361328,0.0356586070339725,0.699892281934458,0.300107718065542,486.0176,0.0020533138479062,1
/Users/loganfecko/Desktop/Summer_Research/traceXplainer/dvc-data/systems/dronology/corpus/req/RE-681.txt,/Users/loganfecko/Desktop/Summer_Research/traceXplainer/dvc-data/systems/dronology/corpus/src/AFInfoBox.java,103.0969009399414,0.0096064339184981,0.7377041772839059,0.2622958227160941,1850.4407,0.0005401199261396,1
/Users/loganfecko/Desktop/Summer_Research/traceXplainer/dvc-data/systems/dronology/corpus/req/RE-681.txt,/Users/loganfecko/Desktop/Summer_Research/traceXplainer/dvc-data/systems/dronology/corpus/src/AFMapComponent.java,122.60079956054688,0.0080905625493963,0.7451738682011259,0.2548261317988741,2178.6719,0.000458784650786,1
/Users/loganfecko/Desktop/Summer_Research/traceXplainer/dvc-data/systems/dronology/corpus/req/RE-681.txt,/Users/loganfecko/Desktop/Summer_Research/traceXplainer/dvc-data/systems/dronology/corpus/src/AFEmergencyComponent.java,42.43840408325195,0.0230211035857451,0.8432782548934019,0.1567217451065981,744.4825,0.0013414131423937,1
/Users/loganfecko/Desktop/Summer_Research/traceXplainer/dvc-data/systems/dronology/corpus/req/RE-681.txt,/Users/loganfecko/Desktop/Summer_Research/traceXplainer/dvc-data/systems/dronology/corpus/src/AFInfoPanel.java,100.61911010742188,0.0098406687378279,0.7408594254546528,0.2591405745453472,1807.2521,0.0005530202418774,1
/Users/loganfecko/Desktop/Summer_Research/traceXplainer/dvc-data/systems/dronology/corpus/req/RE-695.txt,/Users/loganfecko/Desktop/Summer_Research/traceXplainer/dvc-data/systems/dronology/corpus/src/AFMapComponent.java,123.24222564697266,0.0080487933534082,0.7816177096549712,0.2183822903450287,2202.2808,0.0004538686205474,1
/Users/loganfecko/Desktop/Summer_Research/traceXplainer/dvc-data/systems/dronology/corpus/req/RE-695.txt,/Users/loganfecko/Desktop/Summer_Research/traceXplainer/dvc-data/systems/dronology/corpus/src/AFFollowBar.java,40.38101959228515,0.024165668459905,0.6295185089032633,0.3704814910967366,722.7814,0.0013816326843831,1
/Users/loganfecko/Desktop/Summer_Research/traceXplainer/dvc-data/systems/dronology/corpus/req/RE-656.txt,/Users/loganfecko/Desktop/Summer_Research/traceXplainer/dvc-data/systems/dronology/corpus/src/AFDragLayout.java,80.25967407226562,0.012306227060555,0.6350830329246436,0.3649169670753563,1424.998,0.0007012632325769,1
/Users/loganfecko/Desktop/Summer_Research/traceXplainer/dvc-data/systems/dronology/corpus/req/RE-656.txt,/Users/loganfecko/Desktop/Summer_Research/traceXplainer/dvc-data/systems/dronology/corpus/src/AFAssignRouteComponent.java,101.73925018310548,0.0097333784139728,0.6862685163403617,0.3137314836596383,1857.8665,0.0005379622604239,1
/Users/loganfecko/Desktop/Summer_Research/traceXplainer/dvc-data/systems/dronology/corpus/req/RE-646.txt,/Users/loganfecko/Desktop/Summer_Research/traceXplainer/dvc-data/systems/dronology/corpus/src/AFDragLayout.java,80.9905776977539,0.012196523406462,0.6759977910614829,0.324002208938517,1440.2554,0.0006938395651848,1
/Users/loganfecko/Desktop/Summer_Research/traceXplainer/dvc-data/systems/dronology/corpus/req/RE-646.txt,/Users/loganfecko/Desktop/Summer_Research/traceXplainer/dvc-data/systems/dronology/corpus/src/AFAssignRouteComponent.java,101.3363800048828,0.0097716960474103,0.6692920285039363,0.3307079714960637,1834.2219,0.0005448932289965,1
/Users/loganfecko/Desktop/Summer_Research/traceXplainer/dvc-data/systems/dronology/corpus/req/RE-691.txt,/Users/loganfecko/Desktop/Summer_Research/traceXplainer/dvc-data/systems/dronology/corpus/src/AFInfoBox.java,104.54287719726562,0.0094748222386522,0.835932570538286,0.164067429461714,1878.7341,0.0005319901275308,1
/Users/loganfecko/Desktop/Summer_Research/traceXplainer/dvc-data/systems/dronology/corpus/req/RE-691.txt,/Users/loganfecko/Desktop/Summer_Research/traceXplainer/dvc-data/systems/dronology/corpus/src/AFEmergencyComponent.java,42.05271530151367,0.0232273386938928,0.7891380318633214,0.2108619681366785,732.4856,0.0013633532899052,1
/Users/loganfecko/Desktop/Summer_Research/traceXplainer/dvc-data/systems/dronology/corpus/req/RE-693.txt,/Users/loganfecko/Desktop/Summer_Research/traceXplainer/dvc-data/systems/dronology/corpus/src/AFEmergencyComponent.java,39.8553352355957,0.0244766073814696,0.6640757998816698,0.3359242001183302,695.26105,0.0014362429203629,1
/Users/loganfecko/Desktop/Summer_Research/traceXplainer/dvc-data/systems/dronology/corpus/req/RE-637.txt,/Users/loganfecko/Desktop/Summer_Research/traceXplainer/dvc-data/systems/dronology/corpus/src/FlightManagerService.java,55.18439102172851,0.0177985376688209,0.77043730118265,0.22956269881735,956.38007,0.0010445172566248,1
/Users/loganfecko/Desktop/Summer_Research/traceXplainer/dvc-data/systems/dronology/corpus/req/RE-555.txt,/Users/loganfecko/Desktop/Summer_Research/traceXplainer/dvc-data/systems/dronology/corpus/src/VirtualDrone.java,70.59434509277344,0.0139675835948241,0.7421962115570906,0.2578037884429094,1276.9368,0.0007825113302711,1
/Users/loganfecko/Desktop/Summer_Research/traceXplainer/dvc-data/systems/dronology/corpus/req/RE-555.txt,/Users/loganfecko/Desktop/Summer_Research/traceXplainer/dvc-data/systems/dronology/corpus/src/DroneFleetManager.java,85.32557678222656,0.011584052343174,0.6670982722847543,0.3329017277152457,1540.1123,0.0006488819776199,1
/Users/loganfecko/Desktop/Summer_Research/traceXplainer/dvc-data/systems/dronology/corpus/req/RE-555.txt,/Users/loganfecko/Desktop/Summer_Research/traceXplainer/dvc-data/systems/dronology/corpus/src/FlightZoneManager2.java,120.61112213134766,0.0082229321008972,0.6512998361300653,0.3487001638699347,2182.2993,0.0004580224032891,1
/Users/loganfecko/Desktop/Summer_Research/traceXplainer/dvc-data/systems/dronology/corpus/req/RE-555.txt,/Users/loganfecko/Desktop/Summer_Research/traceXplainer/dvc-data/systems/dronology/corpus/src/ManagedHashTableList.java,39.75691986083984,0.0245357108293363,0.7240564045791389,0.2759435954208611,717.5414,0.001391708293049,1
/Users/loganfecko/Desktop/Summer_Research/traceXplainer/dvc-data/systems/dronology/corpus/req/RE-555.txt,/Users/loganfecko/Desktop/Summer_Research/traceXplainer/dvc-data/systems/dronology/corpus/src/FlightInfo.java,42.16132354736328,0.0231688909841387,0.4446564616395744,0.5553435383604256,740.33624,0.0013489155695269,1
/Users/loganfecko/Desktop/Summer_Research/traceXplainer/dvc-data/systems/dronology/corpus/req/RE-555.txt,/Users/loganfecko/Desktop/Summer_Research/traceXplainer/dvc-data/systems/dronology/corpus/src/PlanPool.java,64.71328735351562,0.0152176224972634,0.5068260941923203,0.4931739058076797,1117.3081,0.0008942079513774,1
/Users/loganfecko/Desktop/Summer_Research/traceXplainer/dvc-data/systems/dronology/corpus/req/RE-555.txt,/Users/loganfecko/Desktop/Summer_Research/traceXplainer/dvc-data/systems/dronology/corpus/src/IDroneSetupRemoteService.java,42.27894592285156,0.0231059231845106,0.77051775842724,0.2294822415727599,759.17365,0.0013154889103979,1
/Users/loganfecko/Desktop/Summer_Research/traceXplainer/dvc-data/systems/dronology/corpus/req/RE-555.txt,/Users/loganfecko/Desktop/Summer_Research/traceXplainer/dvc-data/systems/dronology/corpus/src/IStartstrategy.java,17.99570083618164,0.0526434906837062,0.878014403849284,0.121985596150716,321.4516,0.0031012406287507,1
/Users/loganfecko/Desktop/Summer_Research/traceXplainer/dvc-data/systems/dronology/corpus/req/RE-555.txt,/Users/loganfecko/Desktop/Summer_Research/traceXplainer/dvc-data/systems/dronology/corpus/src/IPlanStatusChangeListener.java,23.122194290161133,0.0414555984406392,0.7214512588820555,0.2785487411179445,420.87198,0.0023703873458005,1
/Users/loganfecko/Desktop/Summer_Research/traceXplainer/dvc-data/systems/dronology/corpus/req/RE-555.txt,/Users/loganfecko/Desktop/Summer_Research/traceXplainer/dvc-data/systems/dronology/corpus/src/FlightManagerService.java,51.21921920776367,0.0191500373841538,0.5522922399193371,0.4477077600806629,890.97485,0.0011211078384761,1
/Users/loganfecko/Desktop/Summer_Research/traceXplainer/dvc-data/systems/dronology/corpus/req/RE-555.txt,/Users/loganfecko/Desktop/Summer_Research/traceXplainer/dvc-data/systems/dronology/corpus/src/FlightManagerServiceRemoteFacade.java,59.519657135009766,0.0165235569291008,0.5878508120807027,0.4121491879192973,1040.9475,0.0009597412447628,1
/Users/loganfecko/Desktop/Summer_Research/traceXplainer/dvc-data/systems/dronology/corpus/req/RE-555.txt,/Users/loganfecko/Desktop/Summer_Research/traceXplainer/dvc-data/systems/dronology/corpus/src/RemoteInfoFactory.java,59.76814651489258,0.0164559898129347,0.5909078922132872,0.4090921077867128,1063.698,0.0009392334745011,1
/Users/loganfecko/Desktop/Summer_Research/traceXplainer/dvc-data/systems/dronology/corpus/req/RE-555.txt,/Users/loganfecko/Desktop/Summer_Research/traceXplainer/dvc-data/systems/dronology/corpus/src/SoloDirector.java,70.9696273803711,0.0138947502772918,0.7009031189855679,0.2990968810144321,1283.5726,0.0007784690216938,1
/Users/loganfecko/Desktop/Summer_Research/traceXplainer/dvc-data/systems/dronology/corpus/req/RE-555.txt,/Users/loganfecko/Desktop/Summer_Research/traceXplainer/dvc-data/systems/dronology/corpus/src/IStopStrategy.java,18.8380069732666,0.0504082895699948,0.8562528126136987,0.1437471873863013,334.59653,0.0029797686187115,1
/Users/loganfecko/Desktop/Summer_Research/traceXplainer/dvc-data/systems/dronology/corpus/req/RE-555.txt,/Users/loganfecko/Desktop/Summer_Research/traceXplainer/dvc-data/systems/dronology/corpus/src/FlightManagerServiceInstance.java,64.67556762695312,0.0152263624987628,0.6034965491981044,0.3965034508018956,1145.4467,0.0008722603842055,1
/Users/loganfecko/Desktop/Summer_Research/traceXplainer/dvc-data/systems/dronology/corpus/req/RE-555.txt,/Users/loganfecko/Desktop/Summer_Research/traceXplainer/dvc-data/systems/dronology/corpus/src/LandingStrategy.java,23.722972869873047,0.0404482100620909,0.8354153459238339,0.164584654076166,426.24396,0.002340583131487,1
/Users/loganfecko/Desktop/Summer_Research/traceXplainer/dvc-data/systems/dronology/corpus/req/RE-555.txt,/Users/loganfecko/Desktop/Summer_Research/traceXplainer/dvc-data/systems/dronology/corpus/src/DroneSetupServiceRemoteFacade.java,55.073097229003906,0.0178338641776104,0.7919717904653832,0.2080282095346167,967.2568,0.0010327838915465,1
/Users/loganfecko/Desktop/Summer_Research/traceXplainer/dvc-data/systems/dronology/corpus/req/RE-555.txt,/Users/loganfecko/Desktop/Summer_Research/traceXplainer/dvc-data/systems/dronology/corpus/src/Waypoint.java,48.166648864746094,0.0203389904150459,0.6994911540654061,0.3005088459345939,862.59106,0.0011579554735588,1
/Users/loganfecko/Desktop/Summer_Research/traceXplainer/dvc-data/systems/dronology/corpus/req/RE-555.txt,/Users/loganfecko/Desktop/Summer_Research/traceXplainer/dvc-data/systems/dronology/corpus/src/DroneSetupServiceInstance.java,81.66798400878906,0.012096581427384,0.7182283425045372,0.2817716574954628,1459.8718,0.0006845227501035,1
/Users/loganfecko/Desktop/Summer_Research/traceXplainer/dvc-data/systems/dronology/corpus/req/RE-555.txt,/Users/loganfecko/Desktop/Summer_Research/traceXplainer/dvc-data/systems/dronology/corpus/src/FlightInfoCreator.java,57.541603088378906,0.0170818690853122,0.6158925181415832,0.3841074818584168,1015.33716,0.0009839254541947,1
/Users/loganfecko/Desktop/Summer_Research/traceXplainer/dvc-data/systems/dronology/corpus/req/RE-555.txt,/Users/loganfecko/Desktop/Summer_Research/traceXplainer/dvc-data/systems/dronology/corpus/src/IDroneSetupServiceInstance.java,43.422637939453125,0.0225110449623224,0.8166931551294482,0.1833068448705518,784.0356,0.0012738276086118,1
/Users/loganfecko/Desktop/Summer_Research/traceXplainer/dvc-data/systems/dronology/corpus/req/RE-555.txt,/Users/loganfecko/Desktop/Summer_Research/traceXplainer/dvc-data/systems/dronology/corpus/src/IFlightManagerServiceInstance.java,45.13642120361328,0.021674849802214,0.6786089977872349,0.321391002212765,808.26917,0.001235682815064,1
/Users/loganfecko/Desktop/Summer_Research/traceXplainer/dvc-data/systems/dronology/corpus/req/RE-555.txt,/Users/loganfecko/Desktop/Summer_Research/traceXplainer/dvc-data/systems/dronology/corpus/src/DroneSetupService.java,52.11286544799805,0.0188278299723648,0.7628429947503987,0.2371570052496012,923.2436,0.0010819658468869,1
/Users/loganfecko/Desktop/Summer_Research/traceXplainer/dvc-data/systems/dronology/corpus/req/RE-555.txt,/Users/loganfecko/Desktop/Summer_Research/traceXplainer/dvc-data/systems/dronology/corpus/src/IManagedDroneStateChangeListener.java,23.27396011352539,0.0411964094578371,0.8206322424348039,0.179367757565196,414.66156,0.0024058034133804,1
/Users/loganfecko/Desktop/Summer_Research/traceXplainer/dvc-data/systems/dronology/corpus/req/RE-555.txt,/Users/loganfecko/Desktop/Summer_Research/traceXplainer/dvc-data/systems/dronology/corpus/src/FlightPlan.java,77.25430297851562,0.0127788500048942,0.6337366154937949,0.3662633845062051,1390.259,0.0007187734103674,1
/Users/loganfecko/Desktop/Summer_Research/traceXplainer/dvc-data/systems/dronology/corpus/req/RE-555.txt,/Users/loganfecko/Desktop/Summer_Research/traceXplainer/dvc-data/systems/dronology/corpus/src/DroneInitializationInfo.java,41.1837043762207,0.0237058365259099,0.8258588430252164,0.1741411569747836,736.13007,0.0013566126878228,1
/Users/loganfecko/Desktop/Summer_Research/traceXplainer/dvc-data/systems/dronology/corpus/req/RE-555.txt,/Users/loganfecko/Desktop/Summer_Research/traceXplainer/dvc-data/systems/dronology/corpus/src/PlanPoolManager.java,80.25870513916016,0.0123063738006585,0.5357423863754472,0.4642576136245527,1412.0885,0.0007076697597559,1
/Users/loganfecko/Desktop/Summer_Research/traceXplainer/dvc-data/systems/dronology/corpus/req/RE-555.txt,/Users/loganfecko/Desktop/Summer_Research/traceXplainer/dvc-data/systems/dronology/corpus/src/DroneFlightStateManager.java,90.39066314697266,0.0109420368073248,0.6959532580681562,0.3040467419318438,1619.9083,0.000616938036813,1
/Users/loganfecko/Desktop/Summer_Research/traceXplainer/dvc-data/systems/dronology/corpus/req/RE-555.txt,/Users/loganfecko/Desktop/Summer_Research/traceXplainer/dvc-data/systems/dronology/corpus/src/IFlightPlan.java,45.588619232177734,0.0214644695739195,0.6656471604981027,0.3343528395018973,834.66504,0.0011966517124156,1
/Users/loganfecko/Desktop/Summer_Research/traceXplainer/dvc-data/systems/dronology/corpus/req/RE-555.txt,/Users/loganfecko/Desktop/Summer_Research/traceXplainer/dvc-data/systems/dronology/corpus/src/IFlightManagerRemoteService.java,42.594932556152344,0.0229384458551909,0.5935405427165192,0.4064594572834807,760.02905,0.0013140102817454,1
/Users/loganfecko/Desktop/Summer_Research/traceXplainer/dvc-data/systems/dronology/corpus/req/RE-555.txt,/Users/loganfecko/Desktop/Summer_Research/traceXplainer/dvc-data/systems/dronology/corpus/src/DronologyServiceRunner.java,49.805458068847656,0.0196829245913869,0.7337929706006947,0.2662070293993053,912.4325,0.0010947716501718,1
/Users/loganfecko/Desktop/Summer_Research/traceXplainer/dvc-data/systems/dronology/corpus/req/RE-555.txt,/Users/loganfecko/Desktop/Summer_Research/traceXplainer/dvc-data/systems/dronology/corpus/src/FlightPlanFactory.java,34.04949188232422,0.0285310840841121,0.6579737820322772,0.3420262179677228,609.62415,0.0016376686171955,1
/Users/loganfecko/Desktop/Summer_Research/traceXplainer/dvc-data/systems/dronology/corpus/req/RE-555.txt,/Users/loganfecko/Desktop/Summer_Research/traceXplainer/dvc-data/systems/dronology/corpus/src/DroneSimulatorServiceInstance.java,85.52396392822266,0.0115574917583476,0.7714639528840217,0.2285360471159783,1547.7124,0.0006456976766549,1
/Users/loganfecko/Desktop/Summer_Research/traceXplainer/dvc-data/systems/dronology/corpus/req/RE-555.txt,/Users/loganfecko/Desktop/Summer_Research/traceXplainer/dvc-data/systems/dronology/corpus/src/DummyLockObject.java,22.36810302734375,0.0427933751759767,0.8374211830470547,0.1625788169529453,402.72235,0.002476949808053,1
/Users/loganfecko/Desktop/Summer_Research/traceXplainer/dvc-data/systems/dronology/corpus/req/RE-555.txt,/Users/loganfecko/Desktop/Summer_Research/traceXplainer/dvc-data/systems/dronology/corpus/src/DroneException.java,28.23927116394043,0.034200578885607,0.8592033198702596,0.1407966801297404,504.55032,0.0019780424490758,1
/Users/loganfecko/Desktop/Summer_Research/traceXplainer/dvc-data/systems/dronology/corpus/req/RE-555.txt,/Users/loganfecko/Desktop/Summer_Research/traceXplainer/dvc-data/systems/dronology/corpus/src/PhysicalDrone.java,78.0909423828125,0.0126436728387916,0.7338451976916727,0.2661548023083273,1405.5266,0.0007109712620764,1
/Users/loganfecko/Desktop/Summer_Research/traceXplainer/dvc-data/systems/dronology/corpus/req/RE-541.txt,/Users/loganfecko/Desktop/Summer_Research/traceXplainer/dvc-data/systems/dronology/corpus/src/FullMissionPlan.java,76.49353790283203,0.0129043017916395,0.7103446947662357,0.2896553052337642,1364.6831,0.0007322342906605,1
/Users/loganfecko/Desktop/Summer_Research/traceXplainer/dvc-data/systems/dronology/corpus/req/RE-541.txt,/Users/loganfecko/Desktop/Summer_Research/traceXplainer/dvc-data/systems/dronology/corpus/src/TaskList.java,31.161300659179688,0.0310932698461799,0.7674318841018837,0.2325681158981163,569.9239,0.0017515469557089,1
/Users/loganfecko/Desktop/Summer_Research/traceXplainer/dvc-data/systems/dronology/corpus/req/RE-541.txt,/Users/loganfecko/Desktop/Summer_Research/traceXplainer/dvc-data/systems/dronology/corpus/src/IMissionTask.java,24.062198638916016,0.0399007291581841,0.7728758881012278,0.2271241118987722,428.12012,0.0023303498483224,1
/Users/loganfecko/Desktop/Summer_Research/traceXplainer/dvc-data/systems/dronology/corpus/req/RE-541.txt,/Users/loganfecko/Desktop/Summer_Research/traceXplainer/dvc-data/systems/dronology/corpus/src/CoordinatedTakeoffPattern.java,57.6248893737793,0.0170576014843153,0.687304310601888,0.312695689398112,1009.1624,0.000989939821157,1
/Users/loganfecko/Desktop/Summer_Research/traceXplainer/dvc-data/systems/dronology/corpus/req/RE-541.txt,/Users/loganfecko/Desktop/Summer_Research/traceXplainer/dvc-data/systems/dronology/corpus/src/IFlightPattern.java,43.32957458496094,0.0225583035560926,0.6706159777716982,0.3293840222283017,754.5215,0.0013235890979688,1
/Users/loganfecko/Desktop/Summer_Research/traceXplainer/dvc-data/systems/dronology/corpus/req/RE-541.txt,/Users/loganfecko/Desktop/Summer_Research/traceXplainer/dvc-data/systems/dronology/corpus/src/CoordinatedLandingPattern.java,62.11573028564453,0.015843910788551,0.6260077338033487,0.3739922661966512,1073.1068,0.0009310061059771,1
/Users/loganfecko/Desktop/Summer_Research/traceXplainer/dvc-data/systems/dronology/corpus/req/RE-541.txt,/Users/loganfecko/Desktop/Summer_Research/traceXplainer/dvc-data/systems/dronology/corpus/src/PatternFactory.java,33.6848030090332,0.0288310704760111,0.69396895205481,0.30603104794519,594.982,0.0016779030390383,1
/Users/loganfecko/Desktop/Summer_Research/traceXplainer/dvc-data/systems/dronology/corpus/req/RE-541.txt,/Users/loganfecko/Desktop/Summer_Research/traceXplainer/dvc-data/systems/dronology/corpus/src/SyncConstants.java,36.65584945678711,0.0265562990724077,0.752107183169916,0.247892816830084,656.2458,0.0015215008104796,1
/Users/loganfecko/Desktop/Summer_Research/traceXplainer/dvc-data/systems/dronology/corpus/req/RE-541.txt,/Users/loganfecko/Desktop/Summer_Research/traceXplainer/dvc-data/systems/dronology/corpus/src/AbstractFlightPattern.java,37.49345016479492,0.0259784455723995,0.5845669875415571,0.4154330124584429,671.2363,0.0014875720905908,1
/Users/loganfecko/Desktop/Summer_Research/traceXplainer/dvc-data/systems/dronology/corpus/req/RE-541.txt,/Users/loganfecko/Desktop/Summer_Research/traceXplainer/dvc-data/systems/dronology/corpus/src/PatternTask.java,21.139423370361328,0.0451682947324964,0.6427033343266708,0.3572966656733292,382.141,0.0026100052537825,1
/Users/loganfecko/Desktop/Summer_Research/traceXplainer/dvc-data/systems/dronology/corpus/req/RE-596.txt,/Users/loganfecko/Desktop/Summer_Research/traceXplainer/dvc-data/systems/dronology/corpus/src/VirtualDrone.java,67.44087219238281,0.0146111521955632,0.5806269649996163,0.4193730350003837,1236.8918,0.0008078250159504,1
/Users/loganfecko/Desktop/Summer_Research/traceXplainer/dvc-data/systems/dronology/corpus/req/RE-8.txt,/Users/loganfecko/Desktop/Summer_Research/traceXplainer/dvc-data/systems/dronology/corpus/src/FlightZoneManager2.java,124.31338500976562,0.0079799935172293,0.8566124911812296,0.1433875088187703,2254.4185,0.000443376703282,1
/Users/loganfecko/Desktop/Summer_Research/traceXplainer/dvc-data/systems/dronology/corpus/req/RE-8.txt,/Users/loganfecko/Desktop/Summer_Research/traceXplainer/dvc-data/systems/dronology/corpus/src/ModeChangeMessageTypeAdapter.java,50.99955368041992,0.0192309342912022,0.8169416666203737,0.1830583333796263,925.5754,0.0010792430095729,1
/Users/loganfecko/Desktop/Summer_Research/traceXplainer/dvc-data/systems/dronology/corpus/req/RE-8.txt,/Users/loganfecko/Desktop/Summer_Research/traceXplainer/dvc-data/systems/dronology/corpus/src/StatusDispatchThread.java,55.47868347167969,0.0177057951519254,0.7941469069451914,0.2058530930548086,981.5392,0.0010177711135636,1
/Users/loganfecko/Desktop/Summer_Research/traceXplainer/dvc-data/systems/dronology/corpus/req/RE-8.txt,/Users/loganfecko/Desktop/Summer_Research/traceXplainer/dvc-data/systems/dronology/corpus/src/AbstractDrone.java,66.04080200195312,0.0149162893363188,0.8024636273290183,0.1975363726709816,1191.2964,0.0008387176302295,1
/Users/loganfecko/Desktop/Summer_Research/traceXplainer/dvc-data/systems/dronology/corpus/req/RE-8.txt,/Users/loganfecko/Desktop/Summer_Research/traceXplainer/dvc-data/systems/dronology/corpus/src/UAVMessageFactory.java,67.3283920288086,0.0146352046390668,0.8373088950756467,0.1626911049243533,1189.7915,0.0008397775737562,1
/Users/loganfecko/Desktop/Summer_Research/traceXplainer/dvc-data/systems/dronology/corpus/req/RE-8.txt,/Users/loganfecko/Desktop/Summer_Research/traceXplainer/dvc-data/systems/dronology/corpus/src/SoloDirector.java,72.83267974853516,0.0135441379536253,0.8032327897180385,0.1967672102819615,1303.2744,0.0007667098190519,1
/Users/loganfecko/Desktop/Summer_Research/traceXplainer/dvc-data/systems/dronology/corpus/req/RE-8.txt,/Users/loganfecko/Desktop/Summer_Research/traceXplainer/dvc-data/systems/dronology/corpus/src/ManagedDrone.java,126.47667694091795,0.0078445722307577,0.8338241020085813,0.1661758979914187,2259.1372,0.0004424510144291,1
/Users/loganfecko/Desktop/Summer_Research/traceXplainer/dvc-data/systems/dronology/corpus/req/RE-8.txt,/Users/loganfecko/Desktop/Summer_Research/traceXplainer/dvc-data/systems/dronology/corpus/src/MissionPlanningService.java,47.84291458129883,0.0204737986783222,0.7819810557709101,0.2180189442290898,843.91595,0.0011835496709083,1
/Users/loganfecko/Desktop/Summer_Research/traceXplainer/dvc-data/systems/dronology/corpus/req/RE-8.txt,/Users/loganfecko/Desktop/Summer_Research/traceXplainer/dvc-data/systems/dronology/corpus/src/DroneFlightStateManager.java,90.7247314453125,0.0109021850949349,0.7149995926069533,0.2850004073930466,1629.8394,0.0006131811797689,1
/Users/loganfecko/Desktop/Summer_Research/traceXplainer/dvc-data/systems/dronology/corpus/req/RE-8.txt,/Users/loganfecko/Desktop/Summer_Research/traceXplainer/dvc-data/systems/dronology/corpus/src/IMissionPlanningServiceInstance.java,34.34121322631836,0.0282955764307295,0.7502573986714296,0.2497426013285704,611.9674,0.0016314081111173,1
/Users/loganfecko/Desktop/Summer_Research/traceXplainer/dvc-data/systems/dronology/corpus/req/RE-8.txt,/Users/loganfecko/Desktop/Summer_Research/traceXplainer/dvc-data/systems/dronology/corpus/src/MissionPlanningServiceInstance.java,77.36622619628906,0.0127605991577957,0.8353278584632746,0.1646721415367253,1364.937,0.0007320981797994,1
/Users/loganfecko/Desktop/Summer_Research/traceXplainer/dvc-data/systems/dronology/corpus/req/RE-8.txt,/Users/loganfecko/Desktop/Summer_Research/traceXplainer/dvc-data/systems/dronology/corpus/src/UAVModeChangeMessage.java,36.92906951904297,0.026365002165369,0.8381734356480933,0.1618265643519066,650.3561,0.0015352585660662,1
/Users/loganfecko/Desktop/Summer_Research/traceXplainer/dvc-data/systems/dronology/corpus/req/RE-8.txt,/Users/loganfecko/Desktop/Summer_Research/traceXplainer/dvc-data/systems/dronology/corpus/src/PhysicalDrone.java,79.0260238647461,0.0124959350934406,0.7854546011739988,0.2145453988260012,1416.0382,0.0007056972736154,1
/Users/loganfecko/Desktop/Summer_Research/traceXplainer/dvc-data/systems/dronology/corpus/req/RE-597.txt,/Users/loganfecko/Desktop/Summer_Research/traceXplainer/dvc-data/systems/dronology/corpus/src/DroneVoltageSimulator.java,41.96160507202149,0.0232765977510287,0.6896752591368596,0.3103247408631404,750.2614,0.0013310945856281,1
/Users/loganfecko/Desktop/Summer_Research/traceXplainer/dvc-data/systems/dronology/corpus/req/RE-634.txt,/Users/loganfecko/Desktop/Summer_Research/traceXplainer/dvc-data/systems/dronology/corpus/src/FlightRouteplanningServiceInstance.java,81.96241760253906,0.0120536506637361,0.5747511052996855,0.4252488947003144,1442.7648,0.0006926336065453,1
/Users/loganfecko/Desktop/Summer_Research/traceXplainer/dvc-data/systems/dronology/corpus/req/RE-634.txt,/Users/loganfecko/Desktop/Summer_Research/traceXplainer/dvc-data/systems/dronology/corpus/src/FlightRouteplanningServiceRemoteFacade.java,58.28255462646485,0.0168683688869504,0.6060057869491939,0.393994213050806,1034.8942,0.0009653495827561,1
/Users/loganfecko/Desktop/Summer_Research/traceXplainer/dvc-data/systems/dronology/corpus/req/RE-634.txt,/Users/loganfecko/Desktop/Summer_Research/traceXplainer/dvc-data/systems/dronology/corpus/src/IFlightRouteplanningServiceInstance.java,33.3538818359375,0.0291087919780262,0.5695504790250123,0.4304495209749877,583.68787,0.0017103142681589,1
/Users/loganfecko/Desktop/Summer_Research/traceXplainer/dvc-data/systems/dronology/corpus/req/RE-634.txt,/Users/loganfecko/Desktop/Summer_Research/traceXplainer/dvc-data/systems/dronology/corpus/src/AbstractFileTransmitServerService.java,52.29970169067383,0.0187618310849753,0.7832169069045654,0.2167830930954346,943.71,0.0010585258722162,1
/Users/loganfecko/Desktop/Summer_Research/traceXplainer/dvc-data/systems/dronology/corpus/req/RE-634.txt,/Users/loganfecko/Desktop/Summer_Research/traceXplainer/dvc-data/systems/dronology/corpus/src/FlightRouteplanningService.java,48.988525390625,0.020004590897325,0.5897720244823088,0.4102279755176912,880.2499,0.0011347519302349,1
/Users/loganfecko/Desktop/Summer_Research/traceXplainer/dvc-data/systems/dronology/corpus/req/RE-595.txt,/Users/loganfecko/Desktop/Summer_Research/traceXplainer/dvc-data/systems/dronology/corpus/src/SimpleSimulator.java,45.52962875366211,0.0214916823277102,0.5195025886046758,0.4804974113953242,824.03455,0.0012120704581055,1
/Users/loganfecko/Desktop/Summer_Research/traceXplainer/dvc-data/systems/dronology/corpus/req/RE-595.txt,/Users/loganfecko/Desktop/Summer_Research/traceXplainer/dvc-data/systems/dronology/corpus/src/FlightSimulator.java,72.4164047241211,0.0136209339555338,0.6942662383732057,0.3057337616267943,1283.2297,0.0007786768766616,1
/Users/loganfecko/Desktop/Summer_Research/traceXplainer/dvc-data/systems/dronology/corpus/req/RE-595.txt,/Users/loganfecko/Desktop/Summer_Research/traceXplainer/dvc-data/systems/dronology/corpus/src/NVECSimulator.java,51.39079666137695,0.0190873218909688,0.5824213482563929,0.4175786517436071,927.778,0.0010766835386955,1
/Users/loganfecko/Desktop/Summer_Research/traceXplainer/dvc-data/systems/dronology/corpus/req/RE-595.txt,/Users/loganfecko/Desktop/Summer_Research/traceXplainer/dvc-data/systems/dronology/corpus/src/NvecInterpolator.java,44.02911376953125,0.0222078543477052,0.7340708396635198,0.2659291603364802,785.80927,0.0012709560554377,1
/Users/loganfecko/Desktop/Summer_Research/traceXplainer/dvc-data/systems/dronology/corpus/req/RE-594.txt,/Users/loganfecko/Desktop/Summer_Research/traceXplainer/dvc-data/systems/dronology/corpus/src/VirtualDrone.java,68.57373809814453,0.0143732394914492,0.6481332352417974,0.3518667647582025,1248.102,0.0008005751006289,1
/Users/loganfecko/Desktop/Summer_Research/traceXplainer/dvc-data/systems/dronology/corpus/req/RE-77.txt,/Users/loganfecko/Desktop/Summer_Research/traceXplainer/dvc-data/systems/dronology/corpus/src/VirtualDrone.java,70.80774688720703,0.0139260740428294,0.7227960996496361,0.2772039003503639,1291.0691,0.0007739524196877,1
/Users/loganfecko/Desktop/Summer_Research/traceXplainer/dvc-data/systems/dronology/corpus/req/RE-77.txt,/Users/loganfecko/Desktop/Summer_Research/traceXplainer/dvc-data/systems/dronology/corpus/src/CommandIds.java,33.97169876098633,0.0285945503200884,0.7708140374373678,0.2291859625626322,610.57446,0.0016351238658224,1
/Users/loganfecko/Desktop/Summer_Research/traceXplainer/dvc-data/systems/dronology/corpus/req/RE-77.txt,/Users/loganfecko/Desktop/Summer_Research/traceXplainer/dvc-data/systems/dronology/corpus/src/GoToCommand.java,30.56617546081543,0.0316794792337559,0.642229789456421,0.357770210543579,547.1596,0.0018242861884588,1
/Users/loganfecko/Desktop/Summer_Research/traceXplainer/dvc-data/systems/dronology/corpus/req/RE-77.txt,/Users/loganfecko/Desktop/Summer_Research/traceXplainer/dvc-data/systems/dronology/corpus/src/DroneFleetManager.java,87.89800262451172,0.0112488466610865,0.7888873583269038,0.2111126416730961,1588.6947,0.0006290516025803,1
/Users/loganfecko/Desktop/Summer_Research/traceXplainer/dvc-data/systems/dronology/corpus/req/RE-77.txt,/Users/loganfecko/Desktop/Summer_Research/traceXplainer/dvc-data/systems/dronology/corpus/src/SetMonitoringFrequencyCommand.java,29.26110458374023,0.0330457203646596,0.8042399938947096,0.1957600061052904,522.6726,0.0019095900488726,1
/Users/loganfecko/Desktop/Summer_Research/traceXplainer/dvc-data/systems/dronology/corpus/req/RE-77.txt,/Users/loganfecko/Desktop/Summer_Research/traceXplainer/dvc-data/systems/dronology/corpus/src/LlaCoordinate.java,69.43782806396484,0.0141969170186777,0.6428943402478785,0.3571056597521215,1238.4651,0.0008067996507282,1
/Users/loganfecko/Desktop/Summer_Research/traceXplainer/dvc-data/systems/dronology/corpus/req/RE-77.txt,/Users/loganfecko/Desktop/Summer_Research/traceXplainer/dvc-data/systems/dronology/corpus/src/FlightZoneManager2.java,123.28527069091795,0.008046005728924,0.7454610509725211,0.2545389490274788,2238.6108,0.0004465061439289,1
/Users/loganfecko/Desktop/Summer_Research/traceXplainer/dvc-data/systems/dronology/corpus/req/RE-77.txt,/Users/loganfecko/Desktop/Summer_Research/traceXplainer/dvc-data/systems/dronology/corpus/src/SetGimbalRotationCommand.java,24.938600540161133,0.0385525810635652,0.7669129725560524,0.2330870274439476,451.26773,0.0022110797036607,1
/Users/loganfecko/Desktop/Summer_Research/traceXplainer/dvc-data/systems/dronology/corpus/req/RE-77.txt,/Users/loganfecko/Desktop/Summer_Research/traceXplainer/dvc-data/systems/dronology/corpus/src/TakeoffCommand.java,30.38775634765625,0.0318595566030214,0.7854830952261784,0.2145169047738215,544.464,0.0018333015922107,1
/Users/loganfecko/Desktop/Summer_Research/traceXplainer/dvc-data/systems/dronology/corpus/req/RE-77.txt,/Users/loganfecko/Desktop/Summer_Research/traceXplainer/dvc-data/systems/dronology/corpus/src/ManagedHashTableList.java,39.681766510009766,0.0245810368080734,0.7619245505294728,0.2380754494705271,733.3175,0.0013618087453322,1
/Users/loganfecko/Desktop/Summer_Research/traceXplainer/dvc-data/systems/dronology/corpus/req/RE-77.txt,/Users/loganfecko/Desktop/Summer_Research/traceXplainer/dvc-data/systems/dronology/corpus/src/RemoteRMIRemoteObject.java,61.77162170410156,0.0159307657322267,0.7994228766027891,0.2005771233972109,1097.0226,0.0009107280810752,1
/Users/loganfecko/Desktop/Summer_Research/traceXplainer/dvc-data/systems/dronology/corpus/req/RE-77.txt,/Users/loganfecko/Desktop/Summer_Research/traceXplainer/dvc-data/systems/dronology/corpus/src/SetStateFrequencyCommand.java,30.73280334472656,0.0315131313529594,0.826411542918363,0.1735884570816369,545.4541,0.001829979859499,1
/Users/loganfecko/Desktop/Summer_Research/traceXplainer/dvc-data/systems/dronology/corpus/req/RE-77.txt,/Users/loganfecko/Desktop/Summer_Research/traceXplainer/dvc-data/systems/dronology/corpus/src/IUAVPropertyUpdateNotifier.java,37.68010711669922,0.0258530824897398,0.9034662155773352,0.0965337844226648,668.05304,0.0014946498123249,1
/Users/loganfecko/Desktop/Summer_Research/traceXplainer/dvc-data/systems/dronology/corpus/req/RE-77.txt,/Users/loganfecko/Desktop/Summer_Research/traceXplainer/dvc-data/systems/dronology/corpus/src/InfoNotification.java,22.609561920166016,0.0423557202535746,0.8964139656360663,0.1035860343639336,409.02484,0.0024388766222273,1
/Users/loganfecko/Desktop/Summer_Research/traceXplainer/dvc-data/systems/dronology/corpus/req/RE-77.txt,/Users/loganfecko/Desktop/Summer_Research/traceXplainer/dvc-data/systems/dronology/corpus/src/DronologyPersistenceUtil.java,44.25270462036133,0.0220981266951733,0.8290967464288784,0.1709032535711215,779.6809,0.0012809330796902,1
/Users/loganfecko/Desktop/Summer_Research/traceXplainer/dvc-data/systems/dronology/corpus/req/RE-77.txt,/Users/loganfecko/Desktop/Summer_Research/traceXplainer/dvc-data/systems/dronology/corpus/src/FlightInfo.java,48.76331329345703,0.0200951249789768,0.8396093272094995,0.1603906727905004,869.6911,0.0011485129442189,1
/Users/loganfecko/Desktop/Summer_Research/traceXplainer/dvc-data/systems/dronology/corpus/req/RE-77.txt,/Users/loganfecko/Desktop/Summer_Research/traceXplainer/dvc-data/systems/dronology/corpus/src/RuntimeDroneTypes.java,68.84074401855469,0.014318289618082,0.7517167394790953,0.2482832605209046,1213.147,0.0008236235171861,1
/Users/loganfecko/Desktop/Summer_Research/traceXplainer/dvc-data/systems/dronology/corpus/req/RE-77.txt,/Users/loganfecko/Desktop/Summer_Research/traceXplainer/dvc-data/systems/dronology/corpus/src/FlightRouteInfo.java,47.42674255371094,0.0206497473764807,0.6759157073706495,0.3240842926293504,840.2739,0.0011886734740665,1
/Users/loganfecko/Desktop/Summer_Research/traceXplainer/dvc-data/systems/dronology/corpus/req/RE-77.txt,/Users/loganfecko/Desktop/Summer_Research/traceXplainer/dvc-data/systems/dronology/corpus/src/PlanPool.java,70.28333282470703,0.0140285247669199,0.8086325006834529,0.191367499316547,1228.3098,0.0008134645865858,1
/Users/loganfecko/Desktop/Summer_Research/traceXplainer/dvc-data/systems/dronology/corpus/req/RE-77.txt,/Users/loganfecko/Desktop/Summer_Research/traceXplainer/dvc-data/systems/dronology/corpus/src/DronologyConstants.java,34.38003921508789,0.0282645249181506,0.8244319130168624,0.1755680869831376,611.9519,0.0016314493730908,1
/Users/loganfecko/Desktop/Summer_Research/traceXplainer/dvc-data/systems/dronology/corpus/req/RE-77.txt,/Users/loganfecko/Desktop/Summer_Research/traceXplainer/dvc-data/systems/dronology/corpus/src/FlightRouteplanningServiceInstance.java,85.44195556640625,0.0115684564682457,0.719230866104913,0.2807691338950869,1522.8564,0.0006562297932171,1
/Users/loganfecko/Desktop/Summer_Research/traceXplainer/dvc-data/systems/dronology/corpus/req/RE-77.txt,/Users/loganfecko/Desktop/Summer_Research/traceXplainer/dvc-data/systems/dronology/corpus/src/IDroneSetupRemoteService.java,42.01920700073242,0.0232454308137984,0.8106949614424668,0.1893050385575332,754.3964,0.0013238082271804,1
/Users/loganfecko/Desktop/Summer_Research/traceXplainer/dvc-data/systems/dronology/corpus/req/RE-77.txt,/Users/loganfecko/Desktop/Summer_Research/traceXplainer/dvc-data/systems/dronology/corpus/src/PhysicalDroneFleetFactory.java,66.02399444580078,0.0149200298828601,0.7439867971128854,0.2560132028871146,1190.0623,0.000839586675743,1
/Users/loganfecko/Desktop/Summer_Research/traceXplainer/dvc-data/systems/dronology/corpus/req/RE-77.txt,/Users/loganfecko/Desktop/Summer_Research/traceXplainer/dvc-data/systems/dronology/corpus/src/IStartstrategy.java,11.77130126953125,0.0783005567636024,0.8363960496704385,0.1636039503295615,211.67047,0.004702110238426,1
/Users/loganfecko/Desktop/Summer_Research/traceXplainer/dvc-data/systems/dronology/corpus/req/RE-77.txt,/Users/loganfecko/Desktop/Summer_Research/traceXplainer/dvc-data/systems/dronology/corpus/src/IPlanStatusChangeListener.java,21.36759376525879,0.044707535843806,0.7990727033521169,0.2009272966478831,384.31906,0.0025952518328055,1
/Users/loganfecko/Desktop/Summer_Research/traceXplainer/dvc-data/systems/dronology/corpus/req/RE-77.txt,/Users/loganfecko/Desktop/Summer_Research/traceXplainer/dvc-data/systems/dronology/corpus/src/FlightManagerService.java,55.250762939453125,0.017777536654505,0.7798286746337859,0.2201713253662141,953.7367,0.0010474092029065,1
/Users/loganfecko/Desktop/Summer_Research/traceXplainer/dvc-data/systems/dronology/corpus/req/RE-77.txt,/Users/loganfecko/Desktop/Summer_Research/traceXplainer/dvc-data/systems/dronology/corpus/src/FlightPlanInfo.java,42.48713302612305,0.0229953075867128,0.803237402971591,0.196762597028409,767.0481,0.0013020017959741,1
/Users/loganfecko/Desktop/Summer_Research/traceXplainer/dvc-data/systems/dronology/corpus/req/RE-77.txt,/Users/loganfecko/Desktop/Summer_Research/traceXplainer/dvc-data/systems/dronology/corpus/src/IFlightRoute.java,32.93931579589844,0.029464353554259,0.6989328976055338,0.3010671023944662,593.1338,0.0016831225868805,1
/Users/loganfecko/Desktop/Summer_Research/traceXplainer/dvc-data/systems/dronology/corpus/req/RE-77.txt,/Users/loganfecko/Desktop/Summer_Research/traceXplainer/dvc-data/systems/dronology/corpus/src/IMissionPlan.java,24.199552536010746,0.0396832443183654,0.6642300467410406,0.3357699532589594,441.22937,0.0022612699824414,1
/Users/loganfecko/Desktop/Summer_Research/traceXplainer/dvc-data/systems/dronology/corpus/req/RE-77.txt,/Users/loganfecko/Desktop/Summer_Research/traceXplainer/dvc-data/systems/dronology/corpus/src/AbstractDrone.java,65.31202697753906,0.015080220671564,0.7468909367329426,0.2531090632670574,1195.0056,0.0008361164757608,1
/Users/loganfecko/Desktop/Summer_Research/traceXplainer/dvc-data/systems/dronology/corpus/req/RE-77.txt,/Users/loganfecko/Desktop/Summer_Research/traceXplainer/dvc-data/systems/dronology/corpus/src/FlightManagerServiceRemoteFacade.java,63.19715881347656,0.0155770133520313,0.7910572331653503,0.2089427668346497,1115.0806,0.00089599266406,1
/Users/loganfecko/Desktop/Summer_Research/traceXplainer/dvc-data/systems/dronology/corpus/req/RE-77.txt,/Users/loganfecko/Desktop/Summer_Research/traceXplainer/dvc-data/systems/dronology/corpus/src/FlightRoute.java,52.448997497558594,0.0187094248127979,0.6634030253583274,0.3365969746416726,955.9933,0.001044939410224,1
/Users/loganfecko/Desktop/Summer_Research/traceXplainer/dvc-data/systems/dronology/corpus/req/RE-77.txt,/Users/loganfecko/Desktop/Summer_Research/traceXplainer/dvc-data/systems/dronology/corpus/src/RemoteInfoFactory.java,63.28564453125,0.0155555724344318,0.7815464191067647,0.2184535808932353,1133.4043,0.0008815199331973,1
/Users/loganfecko/Desktop/Summer_Research/traceXplainer/dvc-data/systems/dronology/corpus/req/RE-77.txt,/Users/loganfecko/Desktop/Summer_Research/traceXplainer/dvc-data/systems/dronology/corpus/src/IDrone.java,59.55717086791992,0.0165133209769835,0.7481238328492629,0.2518761671507371,1066.0613,0.0009371533007541,1
/Users/loganfecko/Desktop/Summer_Research/traceXplainer/dvc-data/systems/dronology/corpus/req/RE-77.txt,/Users/loganfecko/Desktop/Summer_Research/traceXplainer/dvc-data/systems/dronology/corpus/src/SetVelocityCommand.java,29.568506240844727,0.0327134074567186,0.7446328109673666,0.2553671890326334,534.90546,0.0018660007801577,1
/Users/loganfecko/Desktop/Summer_Research/traceXplainer/dvc-data/systems/dronology/corpus/req/RE-77.txt,/Users/loganfecko/Desktop/Summer_Research/traceXplainer/dvc-data/systems/dronology/corpus/src/WorkspaceInitializer.java,66.71582794189453,0.0147675961498702,0.8265227265322912,0.1734772734677088,1187.6997,0.0008412553600248,1
/Users/loganfecko/Desktop/Summer_Research/traceXplainer/dvc-data/systems/dronology/corpus/req/RE-77.txt,/Users/loganfecko/Desktop/Summer_Research/traceXplainer/dvc-data/systems/dronology/corpus/src/SoloDirector.java,72.22952270507812,0.0136556946305298,0.7468439404418351,0.2531560595581649,1301.3629,0.0007678351314003,1
/Users/loganfecko/Desktop/Summer_Research/traceXplainer/dvc-data/systems/dronology/corpus/req/RE-77.txt,/Users/loganfecko/Desktop/Summer_Research/traceXplainer/dvc-data/systems/dronology/corpus/src/RemoteManager.java,66.71124267578125,0.0147685961811136,0.8156965588116554,0.1843034411883446,1166.8783,0.0008562536040886,1
/Users/loganfecko/Desktop/Summer_Research/traceXplainer/dvc-data/systems/dronology/corpus/req/RE-77.txt,/Users/loganfecko/Desktop/Summer_Research/traceXplainer/dvc-data/systems/dronology/corpus/src/IStopStrategy.java,13.468613624572754,0.0691151222879883,0.846046248656245,0.153953751343755,237.07614,0.004200336893476,1
/Users/loganfecko/Desktop/Summer_Research/traceXplainer/dvc-data/systems/dronology/corpus/req/RE-77.txt,/Users/loganfecko/Desktop/Summer_Research/traceXplainer/dvc-data/systems/dronology/corpus/src/FlightManagerServiceInstance.java,68.32227325439453,0.0144253780647132,0.8055644039813789,0.1944355960186211,1204.326,0.0008296510310733,1
/Users/loganfecko/Desktop/Summer_Research/traceXplainer/dvc-data/systems/dronology/corpus/req/RE-77.txt,/Users/loganfecko/Desktop/Summer_Research/traceXplainer/dvc-data/systems/dronology/corpus/src/FlyingFieldDemoScript.java,70.2115249633789,0.014042670768731,0.7760172829388381,0.2239827170611619,1258.7979,0.0007937781436598,1
/Users/loganfecko/Desktop/Summer_Research/traceXplainer/dvc-data/systems/dronology/corpus/req/RE-77.txt,/Users/loganfecko/Desktop/Summer_Research/traceXplainer/dvc-data/systems/dronology/corpus/src/LandingStrategy.java,20.427635192871097,0.0466687056690556,0.8416928947643494,0.1583071052356506,369.55408,0.002698661441524,1
/Users/loganfecko/Desktop/Summer_Research/traceXplainer/dvc-data/systems/dronology/corpus/req/RE-77.txt,/Users/loganfecko/Desktop/Summer_Research/traceXplainer/dvc-data/systems/dronology/corpus/src/DroneSetupServiceRemoteFacade.java,55.41242980957031,0.0177265897493809,0.8510626821891998,0.1489373178108002,977.53516,0.0010219356899063,1
/Users/loganfecko/Desktop/Summer_Research/traceXplainer/dvc-data/systems/dronology/corpus/req/RE-77.txt,/Users/loganfecko/Desktop/Summer_Research/traceXplainer/dvc-data/systems/dronology/corpus/src/SetGimbalTargetCommand.java,25.29984664916992,0.0380230353940699,0.763307496918013,0.2366925030819869,454.13257,0.0021971620347994,1
/Users/loganfecko/Desktop/Summer_Research/traceXplainer/dvc-data/systems/dronology/corpus/req/RE-77.txt,/Users/loganfecko/Desktop/Summer_Research/traceXplainer/dvc-data/systems/dronology/corpus/src/Waypoint.java,48.82366943359375,0.0200707818466246,0.7463742030108393,0.2536257969891606,889.2328,0.0011233016952229,1
/Users/loganfecko/Desktop/Summer_Research/traceXplainer/dvc-data/systems/dronology/corpus/req/RE-77.txt,/Users/loganfecko/Desktop/Summer_Research/traceXplainer/dvc-data/systems/dronology/corpus/src/DroneSetupServiceInstance.java,83.5647964477539,0.0118252516650687,0.8178647714053384,0.1821352285946615,1493.9941,0.0006688989426954,1
/Users/loganfecko/Desktop/Summer_Research/traceXplainer/dvc-data/systems/dronology/corpus/req/RE-77.txt,/Users/loganfecko/Desktop/Summer_Research/traceXplainer/dvc-data/systems/dronology/corpus/src/FlightInfoCreator.java,60.508644104003906,0.0162578774831894,0.7807114523449575,0.2192885476550424,1078.1174,0.0009266832048849,1
/Users/loganfecko/Desktop/Summer_Research/traceXplainer/dvc-data/systems/dronology/corpus/req/RE-77.txt,/Users/loganfecko/Desktop/Summer_Research/traceXplainer/dvc-data/systems/dronology/corpus/src/IDroneSetupServiceInstance.java,43.0118522644043,0.0227211523385207,0.8690749432894395,0.1309250567105605,773.53613,0.0012910953506698,1
/Users/loganfecko/Desktop/Summer_Research/traceXplainer/dvc-data/systems/dronology/corpus/req/RE-77.txt,/Users/loganfecko/Desktop/Summer_Research/traceXplainer/dvc-data/systems/dronology/corpus/src/WatchServiceRunner.java,71.90249633789062,0.0137169514108977,0.7313859586913969,0.2686140413086031,1271.6356,0.0007857708712474,1
/Users/loganfecko/Desktop/Summer_Research/traceXplainer/dvc-data/systems/dronology/corpus/req/RE-77.txt,/Users/loganfecko/Desktop/Summer_Research/traceXplainer/dvc-data/systems/dronology/corpus/src/IFlightManagerServiceInstance.java,47.02979278564453,0.0208204104577958,0.8330397955094074,0.1669602044905925,846.9177,0.0011793597078781,1
/Users/loganfecko/Desktop/Summer_Research/traceXplainer/dvc-data/systems/dronology/corpus/req/RE-77.txt,/Users/loganfecko/Desktop/Summer_Research/traceXplainer/dvc-data/systems/dronology/corpus/src/IRemoteManager.java,52.969268798828125,0.0185290633402413,0.8864221158341384,0.1135778841658615,947.75006,0.0010540183775154,1
/Users/loganfecko/Desktop/Summer_Research/traceXplainer/dvc-data/systems/dronology/corpus/req/RE-77.txt,/Users/loganfecko/Desktop/Summer_Research/traceXplainer/dvc-data/systems/dronology/corpus/src/DroneSetupService.java,52.721824645996094,0.0186144086986913,0.8357118085075618,0.1642881914924382,936.64014,0.0010665072460522,1
/Users/loganfecko/Desktop/Summer_Research/traceXplainer/dvc-data/systems/dronology/corpus/req/RE-77.txt,/Users/loganfecko/Desktop/Summer_Research/traceXplainer/dvc-data/systems/dronology/corpus/src/IManagedDroneStateChangeListener.java,19.965839385986328,0.0476966355407837,0.8258963856777675,0.1741036143222325,355.44638,0.0028054710452494,1
/Users/loganfecko/Desktop/Summer_Research/traceXplainer/dvc-data/systems/dronology/corpus/req/RE-77.txt,/Users/loganfecko/Desktop/Summer_Research/traceXplainer/dvc-data/systems/dronology/corpus/src/ManagedDrone.java,126.34730529785156,0.0078525415018488,0.7881654038702531,0.2118345961297468,2250.7292,0.0004441031269045,1
/Users/loganfecko/Desktop/Summer_Research/traceXplainer/dvc-data/systems/dronology/corpus/req/RE-77.txt,/Users/loganfecko/Desktop/Summer_Research/traceXplainer/dvc-data/systems/dronology/corpus/src/FlightPlan.java,79.4378662109375,0.0124319558325631,0.7075152053627662,0.2924847946372337,1443.1213,0.0006924625886773,1
/Users/loganfecko/Desktop/Summer_Research/traceXplainer/dvc-data/systems/dronology/corpus/req/RE-77.txt,/Users/loganfecko/Desktop/Summer_Research/traceXplainer/dvc-data/systems/dronology/corpus/src/NvecInterpolator.java,44.62663650512695,0.0219170220861586,0.8238394829618199,0.1761605170381801,795.29767,0.0012558117895003,1
/Users/loganfecko/Desktop/Summer_Research/traceXplainer/dvc-data/systems/dronology/corpus/req/RE-77.txt,/Users/loganfecko/Desktop/Summer_Research/traceXplainer/dvc-data/systems/dronology/corpus/src/DroneInitializationInfo.java,40.623268127441406,0.0240250236223214,0.8828026118446141,0.1171973881553859,729.44214,0.0013690338317806,1
/Users/loganfecko/Desktop/Summer_Research/traceXplainer/dvc-data/systems/dronology/corpus/req/RE-77.txt,/Users/loganfecko/Desktop/Summer_Research/traceXplainer/dvc-data/systems/dronology/corpus/src/PlanPoolManager.java,85.24298095703125,0.0115951465139896,0.7871873992533683,0.2128126007466316,1505.9407,0.0006635961304698,1
/Users/loganfecko/Desktop/Summer_Research/traceXplainer/dvc-data/systems/dronology/corpus/req/RE-77.txt,/Users/loganfecko/Desktop/Summer_Research/traceXplainer/dvc-data/systems/dronology/corpus/src/FileManager.java,52.713600158691406,0.0186172588887283,0.7963786511515909,0.2036213488484091,940.9019,0.001061681670329,1
/Users/loganfecko/Desktop/Summer_Research/traceXplainer/dvc-data/systems/dronology/corpus/req/RE-77.txt,/Users/loganfecko/Desktop/Summer_Research/traceXplainer/dvc-data/systems/dronology/corpus/src/DroneFlightStateManager.java,92.591796875,0.0106846970930111,0.7985852610664954,0.2014147389335046,1666.478,0.0005997080522811,1
/Users/loganfecko/Desktop/Summer_Research/traceXplainer/dvc-data/systems/dronology/corpus/req/RE-77.txt,/Users/loganfecko/Desktop/Summer_Research/traceXplainer/dvc-data/systems/dronology/corpus/src/IDroneCommand.java,32.61022186279297,0.0297528532861907,0.7230364572899901,0.2769635427100099,581.42163,0.001716969197254,1
/Users/loganfecko/Desktop/Summer_Research/traceXplainer/dvc-data/systems/dronology/corpus/req/RE-77.txt,/Users/loganfecko/Desktop/Summer_Research/traceXplainer/dvc-data/systems/dronology/corpus/src/AbstractPosition.java,64.5511703491211,0.0152552577577801,0.6579646571054842,0.3420353428945157,1146.1095,0.0008717563602724,1
/Users/loganfecko/Desktop/Summer_Research/traceXplainer/dvc-data/systems/dronology/corpus/req/RE-77.txt,/Users/loganfecko/Desktop/Summer_Research/traceXplainer/dvc-data/systems/dronology/corpus/src/IFlightPlan.java,47.34162139892578,0.0206861079761429,0.7957715112733663,0.2042284887266336,866.7888,0.0011523540968073,1
/Users/loganfecko/Desktop/Summer_Research/traceXplainer/dvc-data/systems/dronology/corpus/req/RE-77.txt,/Users/loganfecko/Desktop/Summer_Research/traceXplainer/dvc-data/systems/dronology/corpus/src/IFlightManagerRemoteService.java,45.879119873046875,0.0213314584981137,0.8176989359442195,0.1823010640557805,813.21844,0.0012281716366863,1
/Users/loganfecko/Desktop/Summer_Research/traceXplainer/dvc-data/systems/dronology/corpus/req/RE-77.txt,/Users/loganfecko/Desktop/Summer_Research/traceXplainer/dvc-data/systems/dronology/corpus/src/DronologyServiceRunner.java,50.05877685546875,0.0195852713595291,0.762638360495149,0.237361639504851,917.0286,0.001089290651986,1
/Users/loganfecko/Desktop/Summer_Research/traceXplainer/dvc-data/systems/dronology/corpus/req/RE-77.txt,/Users/loganfecko/Desktop/Summer_Research/traceXplainer/dvc-data/systems/dronology/corpus/src/FlightPlanFactory.java,34.67070770263672,0.0280342068998558,0.7469048232449425,0.2530951767550575,618.4638,0.001614299318327,1
/Users/loganfecko/Desktop/Summer_Research/traceXplainer/dvc-data/systems/dronology/corpus/req/RE-77.txt,/Users/loganfecko/Desktop/Summer_Research/traceXplainer/dvc-data/systems/dronology/corpus/src/DroneSimulatorServiceInstance.java,85.83761596679688,0.0115157468208519,0.7590322617265238,0.2409677382734761,1558.8577,0.0006410841333711,1
/Users/loganfecko/Desktop/Summer_Research/traceXplainer/dvc-data/systems/dronology/corpus/req/RE-77.txt,/Users/loganfecko/Desktop/Summer_Research/traceXplainer/dvc-data/systems/dronology/corpus/src/IDroneCommandHandler.java,31.743152618408203,0.030540736613059,0.9186129065028455,0.0813870934971544,565.6161,0.0017648634051307,1
/Users/loganfecko/Desktop/Summer_Research/traceXplainer/dvc-data/systems/dronology/corpus/req/RE-77.txt,/Users/loganfecko/Desktop/Summer_Research/traceXplainer/dvc-data/systems/dronology/corpus/src/SimulatorFactory.java,30.07463836669922,0.0321805836708187,0.6674361851029618,0.3325638148970382,539.335,0.0018507036548347,1
/Users/loganfecko/Desktop/Summer_Research/traceXplainer/dvc-data/systems/dronology/corpus/req/RE-77.txt,/Users/loganfecko/Desktop/Summer_Research/traceXplainer/dvc-data/systems/dronology/corpus/src/AbstractDroneCommand.java,46.34300994873047,0.0211224423855377,0.838929030895088,0.161070969104912,839.3572,0.0011899702013565,1
/Users/loganfecko/Desktop/Summer_Research/traceXplainer/dvc-data/systems/dronology/corpus/req/RE-77.txt,/Users/loganfecko/Desktop/Summer_Research/traceXplainer/dvc-data/systems/dronology/corpus/src/DummyLockObject.java,17.08067512512207,0.0553076692700792,0.6879384526820818,0.3120615473179182,307.15436,0.0032451269123104,1
/Users/loganfecko/Desktop/Summer_Research/traceXplainer/dvc-data/systems/dronology/corpus/req/RE-77.txt,/Users/loganfecko/Desktop/Summer_Research/traceXplainer/dvc-data/systems/dronology/corpus/src/DroneException.java,26.02347755432129,0.0370048598663827,0.902487588255823,0.097512411744177,464.41028,0.0021486418469507,1
/Users/loganfecko/Desktop/Summer_Research/traceXplainer/dvc-data/systems/dronology/corpus/req/RE-77.txt,/Users/loganfecko/Desktop/Summer_Research/traceXplainer/dvc-data/systems/dronology/corpus/src/SetGroundSpeedCommand.java,31.07626724243164,0.0311756973603575,0.8035783999616855,0.1964216000383145,560.71674,0.0017802567311882,1
/Users/loganfecko/Desktop/Summer_Research/traceXplainer/dvc-data/systems/dronology/corpus/req/RE-77.txt,/Users/loganfecko/Desktop/Summer_Research/traceXplainer/dvc-data/systems/dronology/corpus/src/PhysicalDrone.java,79.09850311279297,0.0124846278162255,0.7685193229976027,0.2314806770023972,1426.593,0.0007004797499615,1
/Users/loganfecko/Desktop/Summer_Research/traceXplainer/dvc-data/systems/dronology/corpus/req/RE-547.txt,/Users/loganfecko/Desktop/Summer_Research/traceXplainer/dvc-data/systems/dronology/corpus/src/FlightZoneManager2.java,123.95938110351562,0.0080026004543957,0.8169816099271507,0.1830183900728492,2248.3428,0.0004445743049076,1
/Users/loganfecko/Desktop/Summer_Research/traceXplainer/dvc-data/systems/dronology/corpus/req/RE-630.txt,/Users/loganfecko/Desktop/Summer_Research/traceXplainer/dvc-data/systems/dronology/corpus/src/FlightManagerService.java,55.96540451049805,0.0175545141580748,0.8477589341337846,0.1522410658662154,964.48645,0.0010357473165964,1
/Users/loganfecko/Desktop/Summer_Research/traceXplainer/dvc-data/systems/dronology/corpus/req/RE-630.txt,/Users/loganfecko/Desktop/Summer_Research/traceXplainer/dvc-data/systems/dronology/corpus/src/FlightManagerServiceRemoteFacade.java,63.852760314941406,0.0154195441357275,0.8513725757492917,0.1486274242507083,1117.983,0.0008936686001486,1
/Users/loganfecko/Desktop/Summer_Research/traceXplainer/dvc-data/systems/dronology/corpus/req/RE-630.txt,/Users/loganfecko/Desktop/Summer_Research/traceXplainer/dvc-data/systems/dronology/corpus/src/FlightManagerServiceInstance.java,69.31714630126953,0.0142212824695069,0.9019704976387842,0.0980295023612157,1220.6453,0.0008185682290408,1
/Users/loganfecko/Desktop/Summer_Research/traceXplainer/dvc-data/systems/dronology/corpus/req/RE-630.txt,/Users/loganfecko/Desktop/Summer_Research/traceXplainer/dvc-data/systems/dronology/corpus/src/IFlightManagerServiceInstance.java,47.35520553588867,0.0206802967522868,0.8740308411701005,0.1259691588298994,838.0747,0.0011917889928277,1
/Users/loganfecko/Desktop/Summer_Research/traceXplainer/dvc-data/systems/dronology/corpus/req/RE-630.txt,/Users/loganfecko/Desktop/Summer_Research/traceXplainer/dvc-data/systems/dronology/corpus/src/DroneSetupService.java,52.38107681274414,0.0187332301951852,0.8044301199267703,0.1955698800732297,942.95123,0.0010593767613577,1
/Users/loganfecko/Desktop/Summer_Research/traceXplainer/dvc-data/systems/dronology/corpus/req/RE-630.txt,/Users/loganfecko/Desktop/Summer_Research/traceXplainer/dvc-data/systems/dronology/corpus/src/IFlightManagerRemoteService.java,46.189002990722656,0.0211913780038243,0.8553714129701021,0.1446285870298979,823.0422,0.0012135301201597,1
/Users/loganfecko/Desktop/Summer_Research/traceXplainer/dvc-data/systems/dronology/corpus/req/RE-626.txt,/Users/loganfecko/Desktop/Summer_Research/traceXplainer/dvc-data/systems/dronology/corpus/src/IDroneSetupRemoteService.java,40.80319595336914,0.0239216159720296,0.7044038389469347,0.2955961610530653,721.5066,0.0013840704172857,1
/Users/loganfecko/Desktop/Summer_Research/traceXplainer/dvc-data/systems/dronology/corpus/req/RE-626.txt,/Users/loganfecko/Desktop/Summer_Research/traceXplainer/dvc-data/systems/dronology/corpus/src/DroneSetupServiceRemoteFacade.java,53.52444076538086,0.018340399020377,0.7027325560368837,0.2972674439631163,945.4564,0.0010565726830303,1
/Users/loganfecko/Desktop/Summer_Research/traceXplainer/dvc-data/systems/dronology/corpus/req/RE-626.txt,/Users/loganfecko/Desktop/Summer_Research/traceXplainer/dvc-data/systems/dronology/corpus/src/DroneSetupServiceInstance.java,81.34564208984375,0.0121439334811299,0.6686048071780739,0.3313951928219261,1458.1245,0.0006853424721253,1
/Users/loganfecko/Desktop/Summer_Research/traceXplainer/dvc-data/systems/dronology/corpus/req/RE-626.txt,/Users/loganfecko/Desktop/Summer_Research/traceXplainer/dvc-data/systems/dronology/corpus/src/DroneSetupService.java,50.89846420288086,0.0192683929160372,0.6933162327073203,0.3066837672926796,907.5375,0.0011006700624595,1
/Users/loganfecko/Desktop/Summer_Research/traceXplainer/dvc-data/systems/dronology/corpus/req/RE-424.txt,/Users/loganfecko/Desktop/Summer_Research/traceXplainer/dvc-data/systems/dronology/corpus/src/FlightZoneManager2.java,121.6046371459961,0.0081562983528038,0.7206557950723611,0.2793442049276389,2197.1267,0.0004549328279906,1
/Users/loganfecko/Desktop/Summer_Research/traceXplainer/dvc-data/systems/dronology/corpus/req/RE-587.txt,/Users/loganfecko/Desktop/Summer_Research/traceXplainer/dvc-data/systems/dronology/corpus/src/DroneFleetManager.java,87.2978744506836,0.0113253009341524,0.7318898692000122,0.2681101307999878,1573.3042,0.0006352012530337,1
/Users/loganfecko/Desktop/Summer_Research/traceXplainer/dvc-data/systems/dronology/corpus/req/RE-587.txt,/Users/loganfecko/Desktop/Summer_Research/traceXplainer/dvc-data/systems/dronology/corpus/src/PlanPoolManager.java,84.04605865478516,0.0117583344345109,0.6760212648311762,0.3239787351688238,1487.7122,0.0006717215241978,1
/Users/loganfecko/Desktop/Summer_Research/traceXplainer/dvc-data/systems/dronology/corpus/req/RE-545.txt,/Users/loganfecko/Desktop/Summer_Research/traceXplainer/dvc-data/systems/dronology/corpus/src/FullMissionPlan.java,76.48575592041016,0.0129055977853162,0.7167568304083527,0.2832431695916473,1357.0642,0.000736342209289,1
/Users/loganfecko/Desktop/Summer_Research/traceXplainer/dvc-data/systems/dronology/corpus/req/RE-545.txt,/Users/loganfecko/Desktop/Summer_Research/traceXplainer/dvc-data/systems/dronology/corpus/src/MissionController.java,62.230587005615234,0.0158151307358762,0.6727228531491513,0.3272771468508487,1129.3503,0.0008846814682342,1
/Users/loganfecko/Desktop/Summer_Research/traceXplainer/dvc-data/systems/dronology/corpus/req/RE-551.txt,/Users/loganfecko/Desktop/Summer_Research/traceXplainer/dvc-data/systems/dronology/corpus/src/FlightZoneManager2.java,123.03457641601562,0.0080622680295691,0.7489331413552323,0.2510668586447677,2237.891,0.0004466496803117,1
/Users/loganfecko/Desktop/Summer_Research/traceXplainer/dvc-data/systems/dronology/corpus/req/RE-551.txt,/Users/loganfecko/Desktop/Summer_Research/traceXplainer/dvc-data/systems/dronology/corpus/src/PlanPoolManager.java,84.15824890136719,0.0117428436223275,0.7149951581553075,0.2850048418446925,1490.5565,0.0006704405683326,1
