Source,Target,EUC_dist,EUC_sim,COS_dist,COS_sim,MAN_dist,MAN_sim,Linked?
/Users/loganfecko/Desktop/Summer_Research/traceXplainer/dvc-data/systems/dronology/corpus/req/RE-616.txt,/Users/loganfecko/Desktop/Summer_Research/traceXplainer/dvc-data/systems/dronology/corpus/src/GroundstationConnector.java,97.06708526611328,0.0101971012729338,0.7779293857949795,0.2220706142050205,1762.7544,0.0005669723648035,1
/Users/loganfecko/Desktop/Summer_Research/traceXplainer/dvc-data/systems/dronology/corpus/req/RE-616.txt,/Users/loganfecko/Desktop/Summer_Research/traceXplainer/dvc-data/systems/dronology/corpus/src/WriteDispatcher.java,62.34972381591797,0.0157853884715552,0.7664181037330582,0.2335818962669418,1122.7498,0.0008898778351549,1
/Users/loganfecko/Desktop/Summer_Research/traceXplainer/dvc-data/systems/dronology/corpus/req/RE-616.txt,/Users/loganfecko/Desktop/Summer_Research/traceXplainer/dvc-data/systems/dronology/corpus/src/ReadDispatcher.java,81.12345123291016,0.0121767897596497,0.7713916928507807,0.2286083071492193,1459.4255,0.0006847319322964,1
/Users/loganfecko/Desktop/Summer_Research/traceXplainer/dvc-data/systems/dronology/corpus/req/RE-616.txt,/Users/loganfecko/Desktop/Summer_Research/traceXplainer/dvc-data/systems/dronology/corpus/src/DispatchQueueManager.java,96.6195831298828,0.0102438462441444,0.8379514016165047,0.1620485983834952,1743.7306,0.0005731543914352,1
/Users/loganfecko/Desktop/Summer_Research/traceXplainer/dvc-data/systems/dronology/corpus/req/RE-616.txt,/Users/loganfecko/Desktop/Summer_Research/traceXplainer/dvc-data/systems/dronology/corpus/src/DroneFlightStateManager.java,106.47207641601562,0.0093047425279947,0.8101675370989606,0.1898324629010394,1936.8738,0.0005160294807037,1
/Users/loganfecko/Desktop/Summer_Research/traceXplainer/dvc-data/systems/dronology/corpus/req/RE-616.txt,/Users/loganfecko/Desktop/Summer_Research/traceXplainer/dvc-data/systems/dronology/corpus/src/AbstractDroneCommand.java,56.12433624267578,0.0175056738646694,0.7877673141708615,0.2122326858291384,1008.2289,0.0009908555115672,1
/Users/loganfecko/Desktop/Summer_Research/traceXplainer/dvc-data/systems/dronology/corpus/req/RE-616.txt,/Users/loganfecko/Desktop/Summer_Research/traceXplainer/dvc-data/systems/dronology/corpus/src/PhysicalDrone.java,93.53810119628906,0.0105777457696522,0.8074131531126607,0.1925868468873393,1677.4335,0.0005957936473938,1
/Users/loganfecko/Desktop/Summer_Research/traceXplainer/dvc-data/systems/dronology/corpus/req/RE-574.txt,/Users/loganfecko/Desktop/Summer_Research/traceXplainer/dvc-data/systems/dronology/corpus/src/PhysicalDroneFleetFactory.java,71.0038070678711,0.0138881545396258,0.8652898543127991,0.1347101456872008,1254.7859,0.0007963140922515,1
/Users/loganfecko/Desktop/Summer_Research/traceXplainer/dvc-data/systems/dronology/corpus/req/RE-574.txt,/Users/loganfecko/Desktop/Summer_Research/traceXplainer/dvc-data/systems/dronology/corpus/src/PhysicalDrone.java,94.82672882080078,0.0104355017885462,0.867222914509663,0.1327770854903369,1687.5437,0.0005922263067908,1
/Users/loganfecko/Desktop/Summer_Research/traceXplainer/dvc-data/systems/dronology/corpus/req/RE-549.txt,/Users/loganfecko/Desktop/Summer_Research/traceXplainer/dvc-data/systems/dronology/corpus/src/FlightZoneManager2.java,126.05796813964844,0.007870423355904,0.7346985727671793,0.2653014272328207,2301.7563,0.0004342621836729,1
/Users/loganfecko/Desktop/Summer_Research/traceXplainer/dvc-data/systems/dronology/corpus/req/RE-549.txt,/Users/loganfecko/Desktop/Summer_Research/traceXplainer/dvc-data/systems/dronology/corpus/src/PlanPoolManager.java,87.55836486816406,0.0112919880746295,0.7486522956062578,0.2513477043937422,1553.8035,0.0006431681053941,1
/Users/loganfecko/Desktop/Summer_Research/traceXplainer/dvc-data/systems/dronology/corpus/req/RE-80.txt,/Users/loganfecko/Desktop/Summer_Research/traceXplainer/dvc-data/systems/dronology/corpus/src/VirtualDrone.java,80.83171844482422,0.0122202004186708,0.7810167886720768,0.2189832113279232,1430.7888,0.0006984270216231,1
/Users/loganfecko/Desktop/Summer_Research/traceXplainer/dvc-data/systems/dronology/corpus/req/RE-80.txt,/Users/loganfecko/Desktop/Summer_Research/traceXplainer/dvc-data/systems/dronology/corpus/src/SoloDirector.java,72.98542785644531,0.0135161751303285,0.7140016040568101,0.2859983959431899,1294.8469,0.0007716960866379,1
/Users/loganfecko/Desktop/Summer_Research/traceXplainer/dvc-data/systems/dronology/corpus/req/RE-80.txt,/Users/loganfecko/Desktop/Summer_Research/traceXplainer/dvc-data/systems/dronology/corpus/src/ManagedDrone.java,120.2128448486328,0.0082499507477839,0.7673045245223161,0.2326954754776838,2114.6082,0.0004726773235246,1
/Users/loganfecko/Desktop/Summer_Research/traceXplainer/dvc-data/systems/dronology/corpus/req/RE-80.txt,/Users/loganfecko/Desktop/Summer_Research/traceXplainer/dvc-data/systems/dronology/corpus/src/PhysicalDrone.java,92.74455261230467,0.0106672864943487,0.7694050278254703,0.2305949721745297,1661.746,0.0006014147783439,1
/Users/loganfecko/Desktop/Summer_Research/traceXplainer/dvc-data/systems/dronology/corpus/req/RE-589.txt,/Users/loganfecko/Desktop/Summer_Research/traceXplainer/dvc-data/systems/dronology/corpus/src/DronologyConstants.java,46.8836784362793,0.0208839427683221,0.7403339440783159,0.2596660559216841,823.2854,0.0012131720391093,1
/Users/loganfecko/Desktop/Summer_Research/traceXplainer/dvc-data/systems/dronology/corpus/req/RE-576.txt,/Users/loganfecko/Desktop/Summer_Research/traceXplainer/dvc-data/systems/dronology/corpus/src/VirtualDrone.java,80.0397720336914,0.0123396201014023,0.7438144157251025,0.2561855842748974,1430.4839,0.0006985757990557,1
/Users/loganfecko/Desktop/Summer_Research/traceXplainer/dvc-data/systems/dronology/corpus/req/RE-576.txt,/Users/loganfecko/Desktop/Summer_Research/traceXplainer/dvc-data/systems/dronology/corpus/src/VirtualDroneFleetFactory.java,61.04609298706055,0.0161170502743588,0.6814256445717518,0.3185743554282482,1105.1301,0.0009040527652515,1
/Users/loganfecko/Desktop/Summer_Research/traceXplainer/dvc-data/systems/dronology/corpus/req/RE-628.txt,/Users/loganfecko/Desktop/Summer_Research/traceXplainer/dvc-data/systems/dronology/corpus/src/AbstractFileTransmitServerService.java,60.13780975341797,0.0163564904276619,0.8284201890287798,0.1715798109712202,1078.4047,0.0009264366128835,1
/Users/loganfecko/Desktop/Summer_Research/traceXplainer/dvc-data/systems/dronology/corpus/req/RE-628.txt,/Users/loganfecko/Desktop/Summer_Research/traceXplainer/dvc-data/systems/dronology/corpus/src/FlightRouteplanningService.java,61.848106384277344,0.0159113783617539,0.684053811880377,0.315946188119623,1108.9623,0.0009009315161175,1
/Users/loganfecko/Desktop/Summer_Research/traceXplainer/dvc-data/systems/dronology/corpus/req/RE-759.txt,/Users/loganfecko/Desktop/Summer_Research/traceXplainer/dvc-data/systems/dronology/corpus/src/FullMissionPlan.java,92.3740005493164,0.0107096193171228,0.6777857348762046,0.3222142651237953,1676.177,0.0005962399906721,1
/Users/loganfecko/Desktop/Summer_Research/traceXplainer/dvc-data/systems/dronology/corpus/req/RE-759.txt,/Users/loganfecko/Desktop/Summer_Research/traceXplainer/dvc-data/systems/dronology/corpus/src/JSONMissionPlanReader.java,58.99372482299805,0.0166684099537133,0.667369483778287,0.332630516221713,1040.2474,0.0009603865180584,1
/Users/loganfecko/Desktop/Summer_Research/traceXplainer/dvc-data/systems/dronology/corpus/req/RE-759.txt,/Users/loganfecko/Desktop/Summer_Research/traceXplainer/dvc-data/systems/dronology/corpus/src/ServiceIds.java,42.42839050292969,0.0230264117186783,0.7095191383772339,0.2904808616227661,761.7256,0.0013110875240547,1
/Users/loganfecko/Desktop/Summer_Research/traceXplainer/dvc-data/systems/dronology/corpus/req/RE-759.txt,/Users/loganfecko/Desktop/Summer_Research/traceXplainer/dvc-data/systems/dronology/corpus/src/TaskList.java,43.015140533447266,0.022719454893938,0.7720782520881564,0.2279217479118436,770.0271,0.0012969712744294,1
/Users/loganfecko/Desktop/Summer_Research/traceXplainer/dvc-data/systems/dronology/corpus/req/RE-759.txt,/Users/loganfecko/Desktop/Summer_Research/traceXplainer/dvc-data/systems/dronology/corpus/src/IMissionTask.java,36.38142776489258,0.0267512521535939,0.6805092448037056,0.3194907551962944,654.5521,0.0015254317137476,1
/Users/loganfecko/Desktop/Summer_Research/traceXplainer/dvc-data/systems/dronology/corpus/req/RE-759.txt,/Users/loganfecko/Desktop/Summer_Research/traceXplainer/dvc-data/systems/dronology/corpus/src/CommandIds.java,40.65799331665039,0.0240049968897639,0.7385470111009804,0.2614529888990196,723.2976,0.0013806479405053,1
/Users/loganfecko/Desktop/Summer_Research/traceXplainer/dvc-data/systems/dronology/corpus/req/RE-759.txt,/Users/loganfecko/Desktop/Summer_Research/traceXplainer/dvc-data/systems/dronology/corpus/src/RouteTask.java,31.142309188842773,0.0311116414855196,0.6526264583879025,0.3473735416120975,559.20715,0.0017850539645434,1
/Users/loganfecko/Desktop/Summer_Research/traceXplainer/dvc-data/systems/dronology/corpus/req/RE-759.txt,/Users/loganfecko/Desktop/Summer_Research/traceXplainer/dvc-data/systems/dronology/corpus/src/TaskFactory.java,63.12123489379883,0.0155954575992844,0.6270167360631578,0.3729832639368422,1139.7965,0.0008765805227274,1
/Users/loganfecko/Desktop/Summer_Research/traceXplainer/dvc-data/systems/dronology/corpus/req/RE-759.txt,/Users/loganfecko/Desktop/Summer_Research/traceXplainer/dvc-data/systems/dronology/corpus/src/FlightZoneManager2.java,127.32380676269533,0.0077927862742512,0.7767740594553922,0.2232259405446077,2325.6228,0.0004298075299634,1
/Users/loganfecko/Desktop/Summer_Research/traceXplainer/dvc-data/systems/dronology/corpus/req/RE-759.txt,/Users/loganfecko/Desktop/Summer_Research/traceXplainer/dvc-data/systems/dronology/corpus/src/EmergencyStopCommand.java,38.69075393676758,0.0251947846995581,0.8294217052046718,0.1705782947953281,679.55725,0.001469384094527,1
/Users/loganfecko/Desktop/Summer_Research/traceXplainer/dvc-data/systems/dronology/corpus/req/RE-759.txt,/Users/loganfecko/Desktop/Summer_Research/traceXplainer/dvc-data/systems/dronology/corpus/src/CoordinatedTakeoffPattern.java,73.53524780273438,0.0134164711258035,0.6973309368140248,0.3026690631859752,1332.8271,0.0007497223318414,1
/Users/loganfecko/Desktop/Summer_Research/traceXplainer/dvc-data/systems/dronology/corpus/req/RE-759.txt,/Users/loganfecko/Desktop/Summer_Research/traceXplainer/dvc-data/systems/dronology/corpus/src/WriteDispatcher.java,62.80979919433594,0.0156715741567286,0.7804224392881897,0.2195775607118103,1120.9523,0.0008913035128913,1
/Users/loganfecko/Desktop/Summer_Research/traceXplainer/dvc-data/systems/dronology/corpus/req/RE-759.txt,/Users/loganfecko/Desktop/Summer_Research/traceXplainer/dvc-data/systems/dronology/corpus/src/DelayTask.java,46.919212341308594,0.0208684565363348,0.7641472475441633,0.2358527524558367,844.0238,0.0011833986162383,1
/Users/loganfecko/Desktop/Summer_Research/traceXplainer/dvc-data/systems/dronology/corpus/req/RE-759.txt,/Users/loganfecko/Desktop/Summer_Research/traceXplainer/dvc-data/systems/dronology/corpus/src/SynchronizationPoint.java,47.97621154785156,0.0204180758044742,0.7463700845886594,0.2536299154113406,852.15155,0.0011721246942077,1
/Users/loganfecko/Desktop/Summer_Research/traceXplainer/dvc-data/systems/dronology/corpus/req/RE-759.txt,/Users/loganfecko/Desktop/Summer_Research/traceXplainer/dvc-data/systems/dronology/corpus/src/WaypointTask.java,38.604007720947266,0.0252499698274496,0.7433557079099838,0.2566442920900161,702.2209,0.0014220282980506,1
/Users/loganfecko/Desktop/Summer_Research/traceXplainer/dvc-data/systems/dronology/corpus/req/RE-759.txt,/Users/loganfecko/Desktop/Summer_Research/traceXplainer/dvc-data/systems/dronology/corpus/src/LandTask.java,38.07487487792969,0.0255918925684089,0.713920761005489,0.286079238994511,695.3594,0.0014360401193708,1
/Users/loganfecko/Desktop/Summer_Research/traceXplainer/dvc-data/systems/dronology/corpus/req/RE-759.txt,/Users/loganfecko/Desktop/Summer_Research/traceXplainer/dvc-data/systems/dronology/corpus/src/UAVProxy.java,75.03054809570312,0.0131526080640804,0.8245085841211306,0.1754914158788694,1350.5691,0.0007398807845409,1
/Users/loganfecko/Desktop/Summer_Research/traceXplainer/dvc-data/systems/dronology/corpus/req/RE-759.txt,/Users/loganfecko/Desktop/Summer_Research/traceXplainer/dvc-data/systems/dronology/corpus/src/MissionPlanningServiceRemoteFacade.java,77.56130981445312,0.0127289120097642,0.6517978340323511,0.3482021659676488,1375.9482,0.000726243710084,1
/Users/loganfecko/Desktop/Summer_Research/traceXplainer/dvc-data/systems/dronology/corpus/req/RE-759.txt,/Users/loganfecko/Desktop/Summer_Research/traceXplainer/dvc-data/systems/dronology/corpus/src/MissionHandler.java,75.85113525390625,0.0130121695235357,0.7909974451078889,0.209002554892111,1359.1526,0.0007352116291237,1
/Users/loganfecko/Desktop/Summer_Research/traceXplainer/dvc-data/systems/dronology/corpus/req/RE-759.txt,/Users/loganfecko/Desktop/Summer_Research/traceXplainer/dvc-data/systems/dronology/corpus/src/UAVMonitorableMessage.java,65.7537612915039,0.0149804292769833,0.7306145221112984,0.2693854778887016,1171.1409,0.0008531397772463,1
/Users/loganfecko/Desktop/Summer_Research/traceXplainer/dvc-data/systems/dronology/corpus/req/RE-759.txt,/Users/loganfecko/Desktop/Summer_Research/traceXplainer/dvc-data/systems/dronology/corpus/src/DistanceChecker.java,82.16437530517578,0.0120243793851688,0.828449450522512,0.171550549477488,1461.8909,0.000683577990057,1
/Users/loganfecko/Desktop/Summer_Research/traceXplainer/dvc-data/systems/dronology/corpus/req/RE-759.txt,/Users/loganfecko/Desktop/Summer_Research/traceXplainer/dvc-data/systems/dronology/corpus/src/UAVMissionPlan.java,104.7898941040039,0.0094526987522729,0.725138932611685,0.2748610673883149,1888.3925,0.0005292706641203,1
/Users/loganfecko/Desktop/Summer_Research/traceXplainer/dvc-data/systems/dronology/corpus/req/RE-759.txt,/Users/loganfecko/Desktop/Summer_Research/traceXplainer/dvc-data/systems/dronology/corpus/src/FlightManagerService.java,67.13282012939453,0.0146772142720769,0.7342657913029917,0.2657342086970082,1208.3694,0.0008268772242765,1
/Users/loganfecko/Desktop/Summer_Research/traceXplainer/dvc-data/systems/dronology/corpus/req/RE-759.txt,/Users/loganfecko/Desktop/Summer_Research/traceXplainer/dvc-data/systems/dronology/corpus/src/IFlightPattern.java,59.35706329345703,0.0165680691775539,0.6225409149857195,0.3774590850142805,1082.3032,0.0009231025802249,1
/Users/loganfecko/Desktop/Summer_Research/traceXplainer/dvc-data/systems/dronology/corpus/req/RE-759.txt,/Users/loganfecko/Desktop/Summer_Research/traceXplainer/dvc-data/systems/dronology/corpus/src/IUAVProxy.java,41.093780517578125,0.0237564786936256,0.8755174160985055,0.1244825839014944,724.25995,0.0013788159703985,1
/Users/loganfecko/Desktop/Summer_Research/traceXplainer/dvc-data/systems/dronology/corpus/req/RE-759.txt,/Users/loganfecko/Desktop/Summer_Research/traceXplainer/dvc-data/systems/dronology/corpus/src/CoordinatedLandingPattern.java,78.17724609375,0.0126298911535259,0.7088758952964853,0.2911241047035147,1386.5635,0.0007206877500677,1
/Users/loganfecko/Desktop/Summer_Research/traceXplainer/dvc-data/systems/dronology/corpus/req/RE-759.txt,/Users/loganfecko/Desktop/Summer_Research/traceXplainer/dvc-data/systems/dronology/corpus/src/IMissionPlan.java,32.2850227355957,0.0300435426451002,0.7300953111891861,0.2699046888108138,577.99805,0.0017271215428052,1
/Users/loganfecko/Desktop/Summer_Research/traceXplainer/dvc-data/systems/dronology/corpus/req/RE-759.txt,/Users/loganfecko/Desktop/Summer_Research/traceXplainer/dvc-data/systems/dronology/corpus/src/FlightManagerServiceRemoteFacade.java,75.1634292602539,0.0131296609109203,0.7308162076277154,0.2691837923722846,1327.4728,0.0007527440654556,1
/Users/loganfecko/Desktop/Summer_Research/traceXplainer/dvc-data/systems/dronology/corpus/req/RE-759.txt,/Users/loganfecko/Desktop/Summer_Research/traceXplainer/dvc-data/systems/dronology/corpus/src/SyncTask.java,29.445600509643555,0.0328454680893304,0.678699275197667,0.3213007248023329,526.4666,0.0018958545885084,1
/Users/loganfecko/Desktop/Summer_Research/traceXplainer/dvc-data/systems/dronology/corpus/req/RE-759.txt,/Users/loganfecko/Desktop/Summer_Research/traceXplainer/dvc-data/systems/dronology/corpus/src/RemoteManager.java,90.22687530517578,0.0109616820334442,0.7863821039017984,0.2136178960982016,1630.862,0.0006127968926888,1
/Users/loganfecko/Desktop/Summer_Research/traceXplainer/dvc-data/systems/dronology/corpus/req/RE-759.txt,/Users/loganfecko/Desktop/Summer_Research/traceXplainer/dvc-data/systems/dronology/corpus/src/FlightManagerServiceInstance.java,75.18142700195312,0.0131265590492858,0.7508838576064278,0.2491161423935721,1353.989,0.0007380133638796,1
/Users/loganfecko/Desktop/Summer_Research/traceXplainer/dvc-data/systems/dronology/corpus/req/RE-759.txt,/Users/loganfecko/Desktop/Summer_Research/traceXplainer/dvc-data/systems/dronology/corpus/src/AbstractMissionTask.java,39.82364654541016,0.0244956069489689,0.6951375227019615,0.3048624772980385,717.3944,0.0013919930155662,1
/Users/loganfecko/Desktop/Summer_Research/traceXplainer/dvc-data/systems/dronology/corpus/req/RE-759.txt,/Users/loganfecko/Desktop/Summer_Research/traceXplainer/dvc-data/systems/dronology/corpus/src/SimpleCheckerMessageHandler.java,85.58610534667969,0.0115491971373019,0.8890880649097705,0.1109119350902294,1534.9095,0.0006510800083705,1
/Users/loganfecko/Desktop/Summer_Research/traceXplainer/dvc-data/systems/dronology/corpus/req/RE-759.txt,/Users/loganfecko/Desktop/Summer_Research/traceXplainer/dvc-data/systems/dronology/corpus/src/MissionExecutionException.java,29.47110366821289,0.032817977677756,0.5925830970066295,0.4074169029933705,522.5366,0.001910086056465,1
/Users/loganfecko/Desktop/Summer_Research/traceXplainer/dvc-data/systems/dronology/corpus/req/RE-759.txt,/Users/loganfecko/Desktop/Summer_Research/traceXplainer/dvc-data/systems/dronology/corpus/src/SynchronizationState.java,30.010196685791016,0.0322474575099423,0.7132477051847294,0.2867522948152706,533.8326,0.0018697439840724,1
/Users/loganfecko/Desktop/Summer_Research/traceXplainer/dvc-data/systems/dronology/corpus/req/RE-759.txt,/Users/loganfecko/Desktop/Summer_Research/traceXplainer/dvc-data/systems/dronology/corpus/src/MissionController.java,75.3433837890625,0.0130987120346015,0.6617766899346087,0.3382233100653913,1360.531,0.0007344672987221,1
/Users/loganfecko/Desktop/Summer_Research/traceXplainer/dvc-data/systems/dronology/corpus/req/RE-759.txt,/Users/loganfecko/Desktop/Summer_Research/traceXplainer/dvc-data/systems/dronology/corpus/src/IFlightManagerServiceInstance.java,53.3225212097168,0.0184085712100771,0.7242997864209311,0.2757002135790689,956.2473,0.0010446621107224,1
/Users/loganfecko/Desktop/Summer_Research/traceXplainer/dvc-data/systems/dronology/corpus/req/RE-759.txt,/Users/loganfecko/Desktop/Summer_Research/traceXplainer/dvc-data/systems/dronology/corpus/src/MonitoringConnectionTester.java,52.832969665527344,0.0185759768820697,0.8592011821969965,0.1407988178030035,955.52515,0.0010454508213144,1
/Users/loganfecko/Desktop/Summer_Research/traceXplainer/dvc-data/systems/dronology/corpus/req/RE-759.txt,/Users/loganfecko/Desktop/Summer_Research/traceXplainer/dvc-data/systems/dronology/corpus/src/ManagedDrone.java,121.0709228515625,0.0081919590402047,0.8053494131569878,0.1946505868430121,2126.9233,0.0004699417414508,1
/Users/loganfecko/Desktop/Summer_Research/traceXplainer/dvc-data/systems/dronology/corpus/req/RE-759.txt,/Users/loganfecko/Desktop/Summer_Research/traceXplainer/dvc-data/systems/dronology/corpus/src/MissionUtil.java,98.30469512939452,0.010070017320903,0.6802745846641027,0.3197254153358972,1777.7056,0.0005622065950017,1
/Users/loganfecko/Desktop/Summer_Research/traceXplainer/dvc-data/systems/dronology/corpus/req/RE-759.txt,/Users/loganfecko/Desktop/Summer_Research/traceXplainer/dvc-data/systems/dronology/corpus/src/CollisionInfo.java,37.70978927612305,0.0258332586846919,0.789537621691279,0.210462378308721,664.7276,0.0015021158802088,1
/Users/loganfecko/Desktop/Summer_Research/traceXplainer/dvc-data/systems/dronology/corpus/req/RE-759.txt,/Users/loganfecko/Desktop/Summer_Research/traceXplainer/dvc-data/systems/dronology/corpus/src/MissionPlanningService.java,62.545047760009766,0.015736867549092,0.6328038395690261,0.3671961604309739,1124.0208,0.0008888724925863,1
/Users/loganfecko/Desktop/Summer_Research/traceXplainer/dvc-data/systems/dronology/corpus/req/RE-759.txt,/Users/loganfecko/Desktop/Summer_Research/traceXplainer/dvc-data/systems/dronology/corpus/src/PatternFactory.java,42.870819091796875,0.0227941948817405,0.7351393519399456,0.2648606480600544,755.949,0.001321093010947,1
/Users/loganfecko/Desktop/Summer_Research/traceXplainer/dvc-data/systems/dronology/corpus/req/RE-759.txt,/Users/loganfecko/Desktop/Summer_Research/traceXplainer/dvc-data/systems/dronology/corpus/src/AFMainLayout.java,51.2848014831543,0.0191260169615866,0.8583021680881937,0.1416978319118063,907.29706,0.0011009613992208,1
/Users/loganfecko/Desktop/Summer_Research/traceXplainer/dvc-data/systems/dronology/corpus/req/RE-759.txt,/Users/loganfecko/Desktop/Summer_Research/traceXplainer/dvc-data/systems/dronology/corpus/src/IFlightManagerRemoteService.java,56.35963439941406,0.0174338628631533,0.7234607518994343,0.2765392481005657,1020.5747,0.0009788809307016,1
/Users/loganfecko/Desktop/Summer_Research/traceXplainer/dvc-data/systems/dronology/corpus/req/RE-759.txt,/Users/loganfecko/Desktop/Summer_Research/traceXplainer/dvc-data/systems/dronology/corpus/src/SynchronizationManager.java,69.7317123413086,0.0141379300302331,0.733141916060509,0.2668580839394909,1234.5537,0.0008093537263072,1
/Users/loganfecko/Desktop/Summer_Research/traceXplainer/dvc-data/systems/dronology/corpus/req/RE-759.txt,/Users/loganfecko/Desktop/Summer_Research/traceXplainer/dvc-data/systems/dronology/corpus/src/TakeoffTask.java,37.41282653808594,0.0260329710183787,0.7271445729256141,0.2728554270743859,678.66675,0.0014713092892563,1
/Users/loganfecko/Desktop/Summer_Research/traceXplainer/dvc-data/systems/dronology/corpus/req/RE-759.txt,/Users/loganfecko/Desktop/Summer_Research/traceXplainer/dvc-data/systems/dronology/corpus/src/AFInfoPanel.java,116.86248779296876,0.008484463706184,0.8481271977626927,0.1518728022373072,2110.7402,0.0004735430919589,1
/Users/loganfecko/Desktop/Summer_Research/traceXplainer/dvc-data/systems/dronology/corpus/req/RE-759.txt,/Users/loganfecko/Desktop/Summer_Research/traceXplainer/dvc-data/systems/dronology/corpus/src/SyncConstants.java,42.348388671875,0.0230689082256202,0.702654538455,0.2973454615449999,747.7374,0.0013355816929443,1
/Users/loganfecko/Desktop/Summer_Research/traceXplainer/dvc-data/systems/dronology/corpus/req/RE-759.txt,/Users/loganfecko/Desktop/Summer_Research/traceXplainer/dvc-data/systems/dronology/corpus/src/IMissionPlanningRemoteService.java,48.76528549194336,0.0200943286090841,0.6267055771870178,0.3732944228129822,871.88965,0.0011456201843956,1
/Users/loganfecko/Desktop/Summer_Research/traceXplainer/dvc-data/systems/dronology/corpus/req/RE-759.txt,/Users/loganfecko/Desktop/Summer_Research/traceXplainer/dvc-data/systems/dronology/corpus/src/IMissionPlanningServiceInstance.java,51.23851013183594,0.0191429655531191,0.6302204190901683,0.3697795809098316,894.26526,0.0011169873846692,1
/Users/loganfecko/Desktop/Summer_Research/traceXplainer/dvc-data/systems/dronology/corpus/req/RE-759.txt,/Users/loganfecko/Desktop/Summer_Research/traceXplainer/dvc-data/systems/dronology/corpus/src/MissionPlanningServiceInstance.java,95.88658142089844,0.0103213467265994,0.7534813854943548,0.2465186145056451,1732.8154,0.0005767626604754,1
/Users/loganfecko/Desktop/Summer_Research/traceXplainer/dvc-data/systems/dronology/corpus/req/RE-759.txt,/Users/loganfecko/Desktop/Summer_Research/traceXplainer/dvc-data/systems/dronology/corpus/src/AbstractFlightPattern.java,51.22829818725586,0.0191467084838695,0.7569821005086551,0.2430178994913449,909.87964,0.0010978398874499,1
/Users/loganfecko/Desktop/Summer_Research/traceXplainer/dvc-data/systems/dronology/corpus/req/RE-759.txt,/Users/loganfecko/Desktop/Summer_Research/traceXplainer/dvc-data/systems/dronology/corpus/src/AFMissionOperations.java,75.04772186279297,0.0131496378261563,0.7525527549524709,0.2474472450475291,1349.5656,0.0007404305542211,1
/Users/loganfecko/Desktop/Summer_Research/traceXplainer/dvc-data/systems/dronology/corpus/req/RE-759.txt,/Users/loganfecko/Desktop/Summer_Research/traceXplainer/dvc-data/systems/dronology/corpus/src/SimpleMonitor.java,56.84847640991211,0.017286539975816,0.8296617238110198,0.1703382761889802,1023.00995,0.0009765530122434,1
/Users/loganfecko/Desktop/Summer_Research/traceXplainer/dvc-data/systems/dronology/corpus/req/RE-759.txt,/Users/loganfecko/Desktop/Summer_Research/traceXplainer/dvc-data/systems/dronology/corpus/src/AFMapViewOperations.java,52.46445846557617,0.0187040143807659,0.8090427713538184,0.1909572286461816,931.40607,0.0010724940940491,1
/Users/loganfecko/Desktop/Summer_Research/traceXplainer/dvc-data/systems/dronology/corpus/req/RE-759.txt,/Users/loganfecko/Desktop/Summer_Research/traceXplainer/dvc-data/systems/dronology/corpus/src/PatternTask.java,37.545413970947266,0.0259434235355139,0.728672926520691,0.2713270734793089,683.9325,0.0014599978934112,1
/Users/loganfecko/Desktop/Summer_Research/traceXplainer/dvc-data/systems/dronology/corpus/req/RE-611.txt,/Users/loganfecko/Desktop/Summer_Research/traceXplainer/dvc-data/systems/dronology/corpus/src/PlanPool.java,72.27570343017578,0.0136470883688328,0.7179593674546412,0.2820406325453588,1278.053,0.0007818284440106,1
/Users/loganfecko/Desktop/Summer_Research/traceXplainer/dvc-data/systems/dronology/corpus/req/RE-611.txt,/Users/loganfecko/Desktop/Summer_Research/traceXplainer/dvc-data/systems/dronology/corpus/src/ManagedDrone.java,121.00537109375,0.0081963604637667,0.8026260388043436,0.1973739611956564,2117.4937,0.0004720335125355,1
/Users/loganfecko/Desktop/Summer_Research/traceXplainer/dvc-data/systems/dronology/corpus/req/RE-611.txt,/Users/loganfecko/Desktop/Summer_Research/traceXplainer/dvc-data/systems/dronology/corpus/src/FlightPlan.java,82.63481140136719,0.0119567436482992,0.7375706713647101,0.2624293286352899,1482.6633,0.0006740073571457,1
/Users/loganfecko/Desktop/Summer_Research/traceXplainer/dvc-data/systems/dronology/corpus/req/RE-611.txt,/Users/loganfecko/Desktop/Summer_Research/traceXplainer/dvc-data/systems/dronology/corpus/src/PhysicalDrone.java,93.3855972290039,0.0105948368115289,0.7982888797793827,0.2017111202206173,1679.2836,0.0005951376411989,1
/Users/loganfecko/Desktop/Summer_Research/traceXplainer/dvc-data/systems/dronology/corpus/req/RE-639.txt,/Users/loganfecko/Desktop/Summer_Research/traceXplainer/dvc-data/systems/dronology/corpus/src/MissionPlanningServiceRemoteFacade.java,78.2240982055664,0.012622421998484,0.6822653682325448,0.3177346317674552,1392.6364,0.0007175472986034,1
/Users/loganfecko/Desktop/Summer_Research/traceXplainer/dvc-data/systems/dronology/corpus/req/RE-639.txt,/Users/loganfecko/Desktop/Summer_Research/traceXplainer/dvc-data/systems/dronology/corpus/src/MissionPlanningService.java,63.36779022216797,0.0155357205296074,0.6690516168708655,0.3309483831291345,1140.7954,0.0008758136449884,1
/Users/loganfecko/Desktop/Summer_Research/traceXplainer/dvc-data/systems/dronology/corpus/req/RE-639.txt,/Users/loganfecko/Desktop/Summer_Research/traceXplainer/dvc-data/systems/dronology/corpus/src/IMissionPlanningRemoteService.java,48.599098205566406,0.0201616568885071,0.6188622249503749,0.3811377750496251,870.0897,0.0011479873715783,1
/Users/loganfecko/Desktop/Summer_Research/traceXplainer/dvc-data/systems/dronology/corpus/req/RE-766.txt,/Users/loganfecko/Desktop/Summer_Research/traceXplainer/dvc-data/systems/dronology/corpus/src/AFMapComponent.java,128.48104858398438,0.0077231379490364,0.82585558236352,0.17414441763648,2312.3362,0.0004322761248176,1
/Users/loganfecko/Desktop/Summer_Research/traceXplainer/dvc-data/systems/dronology/corpus/req/RE-766.txt,/Users/loganfecko/Desktop/Summer_Research/traceXplainer/dvc-data/systems/dronology/corpus/src/AFMainLayout.java,49.333984375,0.0198672926933374,0.7647885076713783,0.2352114923286217,869.9649,0.0011481518882172,1
/Users/loganfecko/Desktop/Summer_Research/traceXplainer/dvc-data/systems/dronology/corpus/req/RE-649.txt,/Users/loganfecko/Desktop/Summer_Research/traceXplainer/dvc-data/systems/dronology/corpus/src/FlightZoneManager2.java,125.59484100341795,0.0078992160507788,0.716090569021822,0.283909430978178,2304.1694,0.0004338075915057,1
/Users/loganfecko/Desktop/Summer_Research/traceXplainer/dvc-data/systems/dronology/corpus/req/RE-649.txt,/Users/loganfecko/Desktop/Summer_Research/traceXplainer/dvc-data/systems/dronology/corpus/src/PlanPool.java,72.2314224243164,0.0136553403838835,0.7126337566288352,0.2873662433711648,1273.1837,0.0007848161827717,1
/Users/loganfecko/Desktop/Summer_Research/traceXplainer/dvc-data/systems/dronology/corpus/req/RE-649.txt,/Users/loganfecko/Desktop/Summer_Research/traceXplainer/dvc-data/systems/dronology/corpus/src/AFInfoBox.java,105.36883544921876,0.0094012498658726,0.7235585225273602,0.2764414774726398,1913.973,0.0005222005679823,1
/Users/loganfecko/Desktop/Summer_Research/traceXplainer/dvc-data/systems/dronology/corpus/req/RE-649.txt,/Users/loganfecko/Desktop/Summer_Research/traceXplainer/dvc-data/systems/dronology/corpus/src/FlightManagerService.java,65.02645874023438,0.0151454434946188,0.6444789338970456,0.3555210661029544,1165.1987,0.0008574867849479,1
/Users/loganfecko/Desktop/Summer_Research/traceXplainer/dvc-data/systems/dronology/corpus/req/RE-649.txt,/Users/loganfecko/Desktop/Summer_Research/traceXplainer/dvc-data/systems/dronology/corpus/src/FlightManagerServiceRemoteFacade.java,73.19393157958984,0.0134781912578291,0.6518475955237857,0.3481524044762143,1301.8213,0.0007675649825461,1
/Users/loganfecko/Desktop/Summer_Research/traceXplainer/dvc-data/systems/dronology/corpus/req/RE-649.txt,/Users/loganfecko/Desktop/Summer_Research/traceXplainer/dvc-data/systems/dronology/corpus/src/FlightManagerServiceInstance.java,73.97577667236328,0.0133376410940016,0.6973783383927554,0.3026216616072446,1324.4727,0.0007544478532127,1
/Users/loganfecko/Desktop/Summer_Research/traceXplainer/dvc-data/systems/dronology/corpus/req/RE-649.txt,/Users/loganfecko/Desktop/Summer_Research/traceXplainer/dvc-data/systems/dronology/corpus/src/IFlightManagerServiceInstance.java,51.327091217041016,0.0191105596879487,0.6276540992599247,0.3723459007400753,915.14276,0.0010915329382255,1
/Users/loganfecko/Desktop/Summer_Research/traceXplainer/dvc-data/systems/dronology/corpus/req/RE-649.txt,/Users/loganfecko/Desktop/Summer_Research/traceXplainer/dvc-data/systems/dronology/corpus/src/PlanPoolManager.java,85.7260513305664,0.0115305607099345,0.678568665615794,0.321431334384206,1503.5405,0.0006646547446385,1
/Users/loganfecko/Desktop/Summer_Research/traceXplainer/dvc-data/systems/dronology/corpus/req/RE-649.txt,/Users/loganfecko/Desktop/Summer_Research/traceXplainer/dvc-data/systems/dronology/corpus/src/IFlightManagerRemoteService.java,54.07460021972656,0.0181571903565415,0.6196848436349127,0.3803151563650873,966.97064,0.0010330891832018,1
/Users/loganfecko/Desktop/Summer_Research/traceXplainer/dvc-data/systems/dronology/corpus/req/RE-649.txt,/Users/loganfecko/Desktop/Summer_Research/traceXplainer/dvc-data/systems/dronology/corpus/src/AFDragLayout.java,104.4122314453125,0.0094865651384943,0.7523556347001226,0.2476443652998774,1880.3481,0.0005315337317586,1
/Users/loganfecko/Desktop/Summer_Research/traceXplainer/dvc-data/systems/dronology/corpus/req/RE-649.txt,/Users/loganfecko/Desktop/Summer_Research/traceXplainer/dvc-data/systems/dronology/corpus/src/AFAssignRouteComponent.java,108.16104125976562,0.0091607774024465,0.7156025598541075,0.2843974401458925,1930.991,0.0005176007637644,1
/Users/loganfecko/Desktop/Summer_Research/traceXplainer/dvc-data/systems/dronology/corpus/req/RE-701.txt,/Users/loganfecko/Desktop/Summer_Research/traceXplainer/dvc-data/systems/dronology/corpus/src/SendToSubscriberCallable.java,46.80677032470703,0.0209175393612228,0.6556059984776306,0.3443940015223694,847.4448,0.0011786270261248,1
/Users/loganfecko/Desktop/Summer_Research/traceXplainer/dvc-data/systems/dronology/corpus/req/RE-701.txt,/Users/loganfecko/Desktop/Summer_Research/traceXplainer/dvc-data/systems/dronology/corpus/src/IDroneConnectorServiceInstance.java,44.07642364501953,0.0221845461360262,0.7415155565384794,0.2584844434615205,797.19995,0.0012528189190338,1
/Users/loganfecko/Desktop/Summer_Research/traceXplainer/dvc-data/systems/dronology/corpus/req/RE-701.txt,/Users/loganfecko/Desktop/Summer_Research/traceXplainer/dvc-data/systems/dronology/corpus/src/IDroneMonitoringServiceInstance.java,44.71275329589844,0.0218757333107241,0.7104099946374665,0.2895900053625335,802.0585,0.0012452393384362,1
/Users/loganfecko/Desktop/Summer_Research/traceXplainer/dvc-data/systems/dronology/corpus/req/RE-701.txt,/Users/loganfecko/Desktop/Summer_Research/traceXplainer/dvc-data/systems/dronology/corpus/src/DroneMonitoringServiceInstance.java,66.76078033447266,0.0147577993503604,0.7104477040513598,0.2895522959486402,1215.9865,0.0008217018355787,1
/Users/loganfecko/Desktop/Summer_Research/traceXplainer/dvc-data/systems/dronology/corpus/req/RE-701.txt,/Users/loganfecko/Desktop/Summer_Research/traceXplainer/dvc-data/systems/dronology/corpus/src/GroundstationConnector.java,96.07073211669922,0.0103017663325933,0.7329732545122444,0.2670267454877556,1742.4938,0.0005735609812177,1
/Users/loganfecko/Desktop/Summer_Research/traceXplainer/dvc-data/systems/dronology/corpus/req/RE-701.txt,/Users/loganfecko/Desktop/Summer_Research/traceXplainer/dvc-data/systems/dronology/corpus/src/AbstractUAVMessage.java,61.68793869018555,0.0159520319361938,0.7072893492350952,0.2927106507649047,1098.0293,0.000909893851641,1
/Users/loganfecko/Desktop/Summer_Research/traceXplainer/dvc-data/systems/dronology/corpus/req/RE-701.txt,/Users/loganfecko/Desktop/Summer_Research/traceXplainer/dvc-data/systems/dronology/corpus/src/PhysicalDroneFleetFactory.java,66.84297180175781,0.0147399203401949,0.6712983242313452,0.3287016757686548,1194.5573,0.0008364300406217,1
/Users/loganfecko/Desktop/Summer_Research/traceXplainer/dvc-data/systems/dronology/corpus/req/RE-701.txt,/Users/loganfecko/Desktop/Summer_Research/traceXplainer/dvc-data/systems/dronology/corpus/src/UAVMonitorableMessage.java,64.96826934814453,0.0151588030106193,0.6955465013440816,0.3044534986559184,1144.5928,0.0008729105343422,1
/Users/loganfecko/Desktop/Summer_Research/traceXplainer/dvc-data/systems/dronology/corpus/req/RE-701.txt,/Users/loganfecko/Desktop/Summer_Research/traceXplainer/dvc-data/systems/dronology/corpus/src/VirtualDroneFleetFactory.java,61.45807647705078,0.0160107396257621,0.7015380346698568,0.2984619653301432,1113.7797,0.0008970382516952,1
/Users/loganfecko/Desktop/Summer_Research/traceXplainer/dvc-data/systems/dronology/corpus/req/RE-701.txt,/Users/loganfecko/Desktop/Summer_Research/traceXplainer/dvc-data/systems/dronology/corpus/src/IMonitorableMessage.java,38.748512268066406,0.0251581743048881,0.6372450436455924,0.3627549563544076,693.05414,0.0014408097942,1
/Users/loganfecko/Desktop/Summer_Research/traceXplainer/dvc-data/systems/dronology/corpus/req/RE-701.txt,/Users/loganfecko/Desktop/Summer_Research/traceXplainer/dvc-data/systems/dronology/corpus/src/DroneMonitoringService.java,57.66862869262695,0.0170448845027406,0.7392322480219389,0.2607677519780611,1042.746,0.000958087530044,1
/Users/loganfecko/Desktop/Summer_Research/traceXplainer/dvc-data/systems/dronology/corpus/req/RE-701.txt,/Users/loganfecko/Desktop/Summer_Research/traceXplainer/dvc-data/systems/dronology/corpus/src/StateMessageTypeAdapter.java,89.56272888183594,0.0110420700916022,0.8025067446510504,0.1974932553489495,1571.2958,0.000636012647894,1
/Users/loganfecko/Desktop/Summer_Research/traceXplainer/dvc-data/systems/dronology/corpus/req/RE-701.txt,/Users/loganfecko/Desktop/Summer_Research/traceXplainer/dvc-data/systems/dronology/corpus/src/SimpleTakeoffFlightPlan.java,85.50257110595703,0.011560350024453,0.7596254381884173,0.2403745618115826,1532.3572,0.0006521637714427,1
/Users/loganfecko/Desktop/Summer_Research/traceXplainer/dvc-data/systems/dronology/corpus/req/RE-701.txt,/Users/loganfecko/Desktop/Summer_Research/traceXplainer/dvc-data/systems/dronology/corpus/src/IMonitoringDataHandler.java,29.00494384765625,0.0333278410743672,0.6745107295312434,0.3254892704687566,522.66626,0.0019096131960985,1
/Users/loganfecko/Desktop/Summer_Research/traceXplainer/dvc-data/systems/dronology/corpus/req/RE-701.txt,/Users/loganfecko/Desktop/Summer_Research/traceXplainer/dvc-data/systems/dronology/corpus/src/MonitoringDispatchThread.java,54.97029876708984,0.0178666189394721,0.6969671580735401,0.3030328419264598,978.8496,0.001020564778954,1
/Users/loganfecko/Desktop/Summer_Research/traceXplainer/dvc-data/systems/dronology/corpus/req/RE-701.txt,/Users/loganfecko/Desktop/Summer_Research/traceXplainer/dvc-data/systems/dronology/corpus/src/RemindsConnector.java,102.744873046875,0.0096390305432073,0.7513333247283329,0.248666675271667,1838.9692,0.0005434873470678,1
/Users/loganfecko/Desktop/Summer_Research/traceXplainer/dvc-data/systems/dronology/corpus/req/RE-701.txt,/Users/loganfecko/Desktop/Summer_Research/traceXplainer/dvc-data/systems/dronology/corpus/src/IncommingGroundstationConnectionServer.java,57.3205680847168,0.0171466093839722,0.7105393344134248,0.2894606655865752,1042.2705,0.0009585241723134,1
/Users/loganfecko/Desktop/Summer_Research/traceXplainer/dvc-data/systems/dronology/corpus/req/RE-701.txt,/Users/loganfecko/Desktop/Summer_Research/traceXplainer/dvc-data/systems/dronology/corpus/src/MonitoringConnectionTester.java,47.99070739746094,0.0204120343045266,0.638220955728676,0.361779044271324,872.2211,0.0011451852975374,1
/Users/loganfecko/Desktop/Summer_Research/traceXplainer/dvc-data/systems/dronology/corpus/req/RE-701.txt,/Users/loganfecko/Desktop/Summer_Research/traceXplainer/dvc-data/systems/dronology/corpus/src/DispatchQueueManager.java,95.20049285888672,0.0103949571388045,0.7687956196328669,0.2312043803671331,1710.99,0.0005841155647546,1
/Users/loganfecko/Desktop/Summer_Research/traceXplainer/dvc-data/systems/dronology/corpus/req/RE-701.txt,/Users/loganfecko/Desktop/Summer_Research/traceXplainer/dvc-data/systems/dronology/corpus/src/DronologyMonitoringManager.java,52.9924201965332,0.0185211182673417,0.6931865681508862,0.3068134318491138,938.43036,0.00106447486026,1
/Users/loganfecko/Desktop/Summer_Research/traceXplainer/dvc-data/systems/dronology/corpus/req/RE-701.txt,/Users/loganfecko/Desktop/Summer_Research/traceXplainer/dvc-data/systems/dronology/corpus/src/DroneConnectorServiceInstance.java,85.18338775634766,0.0116031642063913,0.7410573059134604,0.2589426940865396,1537.156,0.0006501291131657,1
/Users/loganfecko/Desktop/Summer_Research/traceXplainer/dvc-data/systems/dronology/corpus/req/RE-701.txt,/Users/loganfecko/Desktop/Summer_Research/traceXplainer/dvc-data/systems/dronology/corpus/src/ManagedDrone.java,120.10787963867188,0.0082571010489451,0.7600566060553084,0.2399433939446915,2118.1782,0.0004718810288388,1
/Users/loganfecko/Desktop/Summer_Research/traceXplainer/dvc-data/systems/dronology/corpus/req/RE-701.txt,/Users/loganfecko/Desktop/Summer_Research/traceXplainer/dvc-data/systems/dronology/corpus/src/FlightPlan.java,82.60275268554688,0.0119613286390374,0.7356662786580757,0.2643337213419243,1470.2905,0.0006796754151645,1
/Users/loganfecko/Desktop/Summer_Research/traceXplainer/dvc-data/systems/dronology/corpus/req/RE-701.txt,/Users/loganfecko/Desktop/Summer_Research/traceXplainer/dvc-data/systems/dronology/corpus/src/IRemoteMonitoringMessageHandler.java,32.7978630065918,0.0295876694868241,0.634132006195259,0.365867993804741,594.7338,0.0016786020146707,1
/Users/loganfecko/Desktop/Summer_Research/traceXplainer/dvc-data/systems/dronology/corpus/req/RE-701.txt,/Users/loganfecko/Desktop/Summer_Research/traceXplainer/dvc-data/systems/dronology/corpus/src/RemoteMessageHandler.java,44.519500732421875,0.0219686065073147,0.6650665303185803,0.3349334696814197,820.9734,0.0012165843977209,1
/Users/loganfecko/Desktop/Summer_Research/traceXplainer/dvc-data/systems/dronology/corpus/req/RE-701.txt,/Users/loganfecko/Desktop/Summer_Research/traceXplainer/dvc-data/systems/dronology/corpus/src/PlanPoolManager.java,87.65589141845703,0.011279566242022,0.7539654329202682,0.2460345670797318,1550.5326,0.0006445240046246,1
/Users/loganfecko/Desktop/Summer_Research/traceXplainer/dvc-data/systems/dronology/corpus/req/RE-701.txt,/Users/loganfecko/Desktop/Summer_Research/traceXplainer/dvc-data/systems/dronology/corpus/src/DroneFlightStateManager.java,106.10018920898438,0.0093370516652281,0.7929462993196116,0.2070537006803884,1926.1918,0.0005188897204158,1
/Users/loganfecko/Desktop/Summer_Research/traceXplainer/dvc-data/systems/dronology/corpus/req/RE-701.txt,/Users/loganfecko/Desktop/Summer_Research/traceXplainer/dvc-data/systems/dronology/corpus/src/IFlightPlan.java,53.78706741333008,0.0182524826973435,0.7921635173953062,0.2078364826046937,961.22394,0.0010392591168441,1
/Users/loganfecko/Desktop/Summer_Research/traceXplainer/dvc-data/systems/dronology/corpus/req/RE-701.txt,/Users/loganfecko/Desktop/Summer_Research/traceXplainer/dvc-data/systems/dronology/corpus/src/DronologyServiceRunner.java,76.68926239013672,0.0128717916637982,0.665993798374255,0.334006201625745,1380.827,0.000723679578499,1
/Users/loganfecko/Desktop/Summer_Research/traceXplainer/dvc-data/systems/dronology/corpus/req/RE-701.txt,/Users/loganfecko/Desktop/Summer_Research/traceXplainer/dvc-data/systems/dronology/corpus/src/UAVPlanChangeMessage.java,50.622276306152344,0.0193714820723785,0.6682250604582061,0.3317749395417939,891.2716,0.0011207349788747,1
/Users/loganfecko/Desktop/Summer_Research/traceXplainer/dvc-data/systems/dronology/corpus/req/RE-701.txt,/Users/loganfecko/Desktop/Summer_Research/traceXplainer/dvc-data/systems/dronology/corpus/src/UAVStateChangeMessage.java,46.327754974365234,0.0211292507016579,0.6409933789184801,0.3590066210815199,827.7688,0.0012066091308142,1
/Users/loganfecko/Desktop/Summer_Research/traceXplainer/dvc-data/systems/dronology/corpus/req/RE-701.txt,/Users/loganfecko/Desktop/Summer_Research/traceXplainer/dvc-data/systems/dronology/corpus/src/MessageMarshaller.java,62.24307632446289,0.0158120075448194,0.7013331859628277,0.2986668140371723,1120.5889,0.0008915923020059,1
/Users/loganfecko/Desktop/Summer_Research/traceXplainer/dvc-data/systems/dronology/corpus/req/RE-701.txt,/Users/loganfecko/Desktop/Summer_Research/traceXplainer/dvc-data/systems/dronology/corpus/src/AbstractDroneCommand.java,56.13315963745117,0.0175029703651203,0.7791052052755448,0.2208947947244551,1017.97754,0.000981375900513,1
/Users/loganfecko/Desktop/Summer_Research/traceXplainer/dvc-data/systems/dronology/corpus/req/RE-701.txt,/Users/loganfecko/Desktop/Summer_Research/traceXplainer/dvc-data/systems/dronology/corpus/src/UAVAcknowledgeMessage.java,37.43116760253906,0.0260205469254057,0.7609358525797538,0.2390641474202461,673.72314,0.0014820893696995,1
/Users/loganfecko/Desktop/Summer_Research/traceXplainer/dvc-data/systems/dronology/corpus/req/RE-701.txt,/Users/loganfecko/Desktop/Summer_Research/traceXplainer/dvc-data/systems/dronology/corpus/src/ArtifactIdentifier.java,71.89806365966797,0.0137177854911016,0.761595639243139,0.238404360756861,1276.9326,0.0007825138716631,1
/Users/loganfecko/Desktop/Summer_Research/traceXplainer/dvc-data/systems/dronology/corpus/req/RE-701.txt,/Users/loganfecko/Desktop/Summer_Research/traceXplainer/dvc-data/systems/dronology/corpus/src/DroneConnectorService.java,53.18326568603515,0.0184558827774335,0.739125413953609,0.260874586046391,955.7208,0.0010452369946016,1
/Users/loganfecko/Desktop/Summer_Research/traceXplainer/dvc-data/systems/dronology/corpus/req/RE-701.txt,/Users/loganfecko/Desktop/Summer_Research/traceXplainer/dvc-data/systems/dronology/corpus/src/PhysicalDrone.java,92.53450775146484,0.0106912413828824,0.7594350979563491,0.2405649020436508,1660.4055,0.0006019000114178,1
/Users/loganfecko/Desktop/Summer_Research/traceXplainer/dvc-data/systems/dronology/corpus/req/RE-729.txt,/Users/loganfecko/Desktop/Summer_Research/traceXplainer/dvc-data/systems/dronology/corpus/src/CommandIds.java,40.933349609375,0.0238473675324146,0.7357911566941964,0.2642088433058036,738.42535,0.0013524015569456,1
/Users/loganfecko/Desktop/Summer_Research/traceXplainer/dvc-data/systems/dronology/corpus/req/RE-729.txt,/Users/loganfecko/Desktop/Summer_Research/traceXplainer/dvc-data/systems/dronology/corpus/src/GoToCommand.java,39.848690032958984,0.0244805891986534,0.6595862666602614,0.3404137333397385,719.4961,0.0013879325768377,1
/Users/loganfecko/Desktop/Summer_Research/traceXplainer/dvc-data/systems/dronology/corpus/req/RE-729.txt,/Users/loganfecko/Desktop/Summer_Research/traceXplainer/dvc-data/systems/dronology/corpus/src/SetMonitoringFrequencyCommand.java,40.66935348510742,0.023998452492367,0.7076397165380581,0.2923602834619418,724.4787,0.0013784002228458,1
/Users/loganfecko/Desktop/Summer_Research/traceXplainer/dvc-data/systems/dronology/corpus/req/RE-729.txt,/Users/loganfecko/Desktop/Summer_Research/traceXplainer/dvc-data/systems/dronology/corpus/src/LandCommand.java,36.61180877685547,0.0265873945582577,0.7506849944605876,0.2493150055394124,656.48584,0.001520945303153,1
/Users/loganfecko/Desktop/Summer_Research/traceXplainer/dvc-data/systems/dronology/corpus/req/RE-729.txt,/Users/loganfecko/Desktop/Summer_Research/traceXplainer/dvc-data/systems/dronology/corpus/src/TakeoffCommand.java,39.41598129272461,0.024742687620454,0.6957060742016892,0.3042939257983108,709.7039,0.0014070557007354,1
/Users/loganfecko/Desktop/Summer_Research/traceXplainer/dvc-data/systems/dronology/corpus/req/RE-729.txt,/Users/loganfecko/Desktop/Summer_Research/traceXplainer/dvc-data/systems/dronology/corpus/src/SetStateFrequencyCommand.java,39.65068817138672,0.0245998295473846,0.698450125460121,0.301549874539879,695.12024,0.001436533437192,1
/Users/loganfecko/Desktop/Summer_Research/traceXplainer/dvc-data/systems/dronology/corpus/req/RE-729.txt,/Users/loganfecko/Desktop/Summer_Research/traceXplainer/dvc-data/systems/dronology/corpus/src/EmergencyStopCommand.java,36.33632278442383,0.0267835696025529,0.6976671912885937,0.3023328087114063,658.3999,0.0015165304035466,1
/Users/loganfecko/Desktop/Summer_Research/traceXplainer/dvc-data/systems/dronology/corpus/req/RE-729.txt,/Users/loganfecko/Desktop/Summer_Research/traceXplainer/dvc-data/systems/dronology/corpus/src/SetVelocityCommand.java,37.23684310913086,0.0261527866499314,0.6604591424668083,0.3395408575331917,670.27563,0.0014897010232602,1
/Users/loganfecko/Desktop/Summer_Research/traceXplainer/dvc-data/systems/dronology/corpus/req/RE-729.txt,/Users/loganfecko/Desktop/Summer_Research/traceXplainer/dvc-data/systems/dronology/corpus/src/IDroneCommand.java,43.87520980834961,0.0222840183760865,0.7673833030896197,0.2326166969103803,782.5603,0.0012762259605423,1
/Users/loganfecko/Desktop/Summer_Research/traceXplainer/dvc-data/systems/dronology/corpus/req/RE-729.txt,/Users/loganfecko/Desktop/Summer_Research/traceXplainer/dvc-data/systems/dronology/corpus/src/AbstractDroneCommand.java,57.68352127075195,0.0170405588885206,0.8361019601126447,0.1638980398873553,1037.5762,0.0009628566753988,1
/Users/loganfecko/Desktop/Summer_Research/traceXplainer/dvc-data/systems/dronology/corpus/req/RE-729.txt,/Users/loganfecko/Desktop/Summer_Research/traceXplainer/dvc-data/systems/dronology/corpus/src/SetGroundSpeedCommand.java,37.305057525634766,0.026106213241705,0.6568224269269078,0.3431775730730921,669.28796,0.0014918961012376,1
/Users/loganfecko/Desktop/Summer_Research/traceXplainer/dvc-data/systems/dronology/corpus/req/RE-714.txt,/Users/loganfecko/Desktop/Summer_Research/traceXplainer/dvc-data/systems/dronology/corpus/src/CommandIds.java,45.14226531982422,0.0216721045893333,0.776625070808443,0.223374929191557,815.38513,0.001224912067851,1
/Users/loganfecko/Desktop/Summer_Research/traceXplainer/dvc-data/systems/dronology/corpus/req/RE-714.txt,/Users/loganfecko/Desktop/Summer_Research/traceXplainer/dvc-data/systems/dronology/corpus/src/GoToCommand.java,46.96982192993164,0.0208464396941201,0.8216754822203958,0.1783245177796042,833.15027,0.0011988247653899,1
/Users/loganfecko/Desktop/Summer_Research/traceXplainer/dvc-data/systems/dronology/corpus/req/RE-714.txt,/Users/loganfecko/Desktop/Summer_Research/traceXplainer/dvc-data/systems/dronology/corpus/src/SetMonitoringFrequencyCommand.java,45.61896514892578,0.0214504975991094,0.7819109097458812,0.2180890902541188,788.55707,0.0012665328963444,1
/Users/loganfecko/Desktop/Summer_Research/traceXplainer/dvc-data/systems/dronology/corpus/req/RE-714.txt,/Users/loganfecko/Desktop/Summer_Research/traceXplainer/dvc-data/systems/dronology/corpus/src/SetGimbalRotationCommand.java,44.91046905517578,0.0217815243577273,0.8647024628273058,0.1352975371726942,794.3921,0.0012572415702505,1
/Users/loganfecko/Desktop/Summer_Research/traceXplainer/dvc-data/systems/dronology/corpus/req/RE-714.txt,/Users/loganfecko/Desktop/Summer_Research/traceXplainer/dvc-data/systems/dronology/corpus/src/TakeoffCommand.java,45.86045455932617,0.021339955179777,0.8229460942113772,0.1770539057886228,803.5755,0.0012428914370287,1
/Users/loganfecko/Desktop/Summer_Research/traceXplainer/dvc-data/systems/dronology/corpus/req/RE-714.txt,/Users/loganfecko/Desktop/Summer_Research/traceXplainer/dvc-data/systems/dronology/corpus/src/SetStateFrequencyCommand.java,45.09220123291016,0.0216956442359275,0.7888772425026561,0.2111227574973438,773.78125,0.0012906868874279,1
/Users/loganfecko/Desktop/Summer_Research/traceXplainer/dvc-data/systems/dronology/corpus/req/RE-714.txt,/Users/loganfecko/Desktop/Summer_Research/traceXplainer/dvc-data/systems/dronology/corpus/src/GroundstationConnector.java,97.89681243896484,0.010111549354709,0.7930667741171358,0.2069332258828642,1759.7703,0.0005679332622954,1
/Users/loganfecko/Desktop/Summer_Research/traceXplainer/dvc-data/systems/dronology/corpus/req/RE-714.txt,/Users/loganfecko/Desktop/Summer_Research/traceXplainer/dvc-data/systems/dronology/corpus/src/UAVHandshakeMessage.java,57.17880630493164,0.0171883897850828,0.8710267855921878,0.1289732144078121,1000.65204,0.0009983506861558,1
/Users/loganfecko/Desktop/Summer_Research/traceXplainer/dvc-data/systems/dronology/corpus/req/RE-714.txt,/Users/loganfecko/Desktop/Summer_Research/traceXplainer/dvc-data/systems/dronology/corpus/src/ReadDispatcher.java,84.17097473144531,0.0117410890641221,0.8429765521542882,0.1570234478457117,1528.6544,0.0006537424320255,1
/Users/loganfecko/Desktop/Summer_Research/traceXplainer/dvc-data/systems/dronology/corpus/req/RE-714.txt,/Users/loganfecko/Desktop/Summer_Research/traceXplainer/dvc-data/systems/dronology/corpus/src/SetVelocityCommand.java,44.00132369995117,0.0222215685624617,0.7990405876423358,0.2009594123576642,775.32825,0.0012881149227453,1
/Users/loganfecko/Desktop/Summer_Research/traceXplainer/dvc-data/systems/dronology/corpus/req/RE-714.txt,/Users/loganfecko/Desktop/Summer_Research/traceXplainer/dvc-data/systems/dronology/corpus/src/SetGimbalTargetCommand.java,44.364463806152344,0.0220436860947616,0.8738702551748713,0.1261297448251287,778.4574,0.0012829437545367,1
/Users/loganfecko/Desktop/Summer_Research/traceXplainer/dvc-data/systems/dronology/corpus/req/RE-714.txt,/Users/loganfecko/Desktop/Summer_Research/traceXplainer/dvc-data/systems/dronology/corpus/src/IDroneCommand.java,51.9221076965332,0.0188956948905779,0.9552377974328592,0.0447622025671406,932.3574,0.0010714009194796,1
/Users/loganfecko/Desktop/Summer_Research/traceXplainer/dvc-data/systems/dronology/corpus/req/RE-714.txt,/Users/loganfecko/Desktop/Summer_Research/traceXplainer/dvc-data/systems/dronology/corpus/src/AbstractDroneCommand.java,61.520057678222656,0.0159948668817099,0.8858491657275435,0.1141508342724565,1092.3878,0.0009145885696748,1
/Users/loganfecko/Desktop/Summer_Research/traceXplainer/dvc-data/systems/dronology/corpus/req/RE-714.txt,/Users/loganfecko/Desktop/Summer_Research/traceXplainer/dvc-data/systems/dronology/corpus/src/ConnectionRequestMessage.java,46.00011444091797,0.0212765439381442,0.7187431475236679,0.2812568524763321,834.92596,0.0011962781904627,1
/Users/loganfecko/Desktop/Summer_Research/traceXplainer/dvc-data/systems/dronology/corpus/req/RE-714.txt,/Users/loganfecko/Desktop/Summer_Research/traceXplainer/dvc-data/systems/dronology/corpus/src/SetGroundSpeedCommand.java,43.636756896972656,0.0224030612776848,0.7804698644855521,0.2195301355144479,774.2914,0.0012898376319261,1
/Users/loganfecko/Desktop/Summer_Research/traceXplainer/dvc-data/systems/dronology/corpus/req/RE-516.txt,/Users/loganfecko/Desktop/Summer_Research/traceXplainer/dvc-data/systems/dronology/corpus/src/LlaCoordinate.java,73.73954010009766,0.0133797986803332,0.8005744244338596,0.1994255755661403,1305.8217,0.0007652153574014,1
/Users/loganfecko/Desktop/Summer_Research/traceXplainer/dvc-data/systems/dronology/corpus/req/RE-516.txt,/Users/loganfecko/Desktop/Summer_Research/traceXplainer/dvc-data/systems/dronology/corpus/src/PVector.java,65.71935272216797,0.0149881549985082,0.8225509193332301,0.1774490806667699,1177.1346,0.0008487994181911,1
/Users/loganfecko/Desktop/Summer_Research/traceXplainer/dvc-data/systems/dronology/corpus/req/RE-516.txt,/Users/loganfecko/Desktop/Summer_Research/traceXplainer/dvc-data/systems/dronology/corpus/src/NVector.java,75.53379821777344,0.0130661227233822,0.7878238378902623,0.2121761621097376,1337.8147,0.0007469293562749,1
/Users/loganfecko/Desktop/Summer_Research/traceXplainer/dvc-data/systems/dronology/corpus/req/RE-36.txt,/Users/loganfecko/Desktop/Summer_Research/traceXplainer/dvc-data/systems/dronology/corpus/src/DroneFleetManager.java,85.17847442626953,0.0116038257425356,0.7313647801262899,0.2686352198737101,1498.2755,0.00066698881662,1
/Users/loganfecko/Desktop/Summer_Research/traceXplainer/dvc-data/systems/dronology/corpus/req/RE-36.txt,/Users/loganfecko/Desktop/Summer_Research/traceXplainer/dvc-data/systems/dronology/corpus/src/PhysicalDroneFleetFactory.java,68.23243713378906,0.0144440964582474,0.7306705951728263,0.2693294048271737,1204.0696,0.0008298276021,1
/Users/loganfecko/Desktop/Summer_Research/traceXplainer/dvc-data/systems/dronology/corpus/req/RE-36.txt,/Users/loganfecko/Desktop/Summer_Research/traceXplainer/dvc-data/systems/dronology/corpus/src/VirtualDroneFleetFactory.java,61.675575256347656,0.0159551786467045,0.7069488073024375,0.2930511926975625,1113.2668,0.0008974510942834,1
/Users/loganfecko/Desktop/Summer_Research/traceXplainer/dvc-data/systems/dronology/corpus/req/RE-689.txt,/Users/loganfecko/Desktop/Summer_Research/traceXplainer/dvc-data/systems/dronology/corpus/src/AFMapComponent.java,127.46731567382812,0.0077840810696079,0.7773836407987351,0.2226163592012648,2295.8657,0.0004353759081935,1
/Users/loganfecko/Desktop/Summer_Research/traceXplainer/dvc-data/systems/dronology/corpus/req/RE-689.txt,/Users/loganfecko/Desktop/Summer_Research/traceXplainer/dvc-data/systems/dronology/corpus/src/MapDrawingUtil.java,122.96759033203124,0.0080666244888815,0.7361128040789936,0.2638871959210064,2200.4312,0.0004542499541424,1
/Users/loganfecko/Desktop/Summer_Research/traceXplainer/dvc-data/systems/dronology/corpus/req/RE-501.txt,/Users/loganfecko/Desktop/Summer_Research/traceXplainer/dvc-data/systems/dronology/corpus/src/FlightRoutePersistenceProvider.java,49.7960090637207,0.0196865859824845,0.6676304048470214,0.3323695951529786,901.49585,0.0011080383366115,1
/Users/loganfecko/Desktop/Summer_Research/traceXplainer/dvc-data/systems/dronology/corpus/req/RE-501.txt,/Users/loganfecko/Desktop/Summer_Research/traceXplainer/dvc-data/systems/dronology/corpus/src/DronologyPersistenceUtil.java,45.28411102294922,0.0216056866578719,0.6487731413983812,0.3512268586016188,816.3207,0.0012235099711133,1
/Users/loganfecko/Desktop/Summer_Research/traceXplainer/dvc-data/systems/dronology/corpus/req/RE-501.txt,/Users/loganfecko/Desktop/Summer_Research/traceXplainer/dvc-data/systems/dronology/corpus/src/FlightRouteInfo.java,50.92762756347656,0.0192575714878865,0.6306430048657903,0.3693569951342097,894.3707,0.0011168558109427,1
/Users/loganfecko/Desktop/Summer_Research/traceXplainer/dvc-data/systems/dronology/corpus/req/RE-501.txt,/Users/loganfecko/Desktop/Summer_Research/traceXplainer/dvc-data/systems/dronology/corpus/src/FlightRouteplanningServiceInstance.java,98.39347076416016,0.0100610230461997,0.6987476908798713,0.3012523091201287,1809.3931,0.0005523662339168,1
/Users/loganfecko/Desktop/Summer_Research/traceXplainer/dvc-data/systems/dronology/corpus/req/RE-501.txt,/Users/loganfecko/Desktop/Summer_Research/traceXplainer/dvc-data/systems/dronology/corpus/src/FlightRouteplanningServiceRemoteFacade.java,74.21439361572266,0.0132953275553758,0.711665789792425,0.288334210207575,1332.2654,0.0007500382252147,1
/Users/loganfecko/Desktop/Summer_Research/traceXplainer/dvc-data/systems/dronology/corpus/req/RE-501.txt,/Users/loganfecko/Desktop/Summer_Research/traceXplainer/dvc-data/systems/dronology/corpus/src/IFlightRoute.java,41.238914489746094,0.0236748508355431,0.7063233645862719,0.2936766354137281,745.17145,0.0013401745711527,1
/Users/loganfecko/Desktop/Summer_Research/traceXplainer/dvc-data/systems/dronology/corpus/req/RE-501.txt,/Users/loganfecko/Desktop/Summer_Research/traceXplainer/dvc-data/systems/dronology/corpus/src/IFlightRouteplanningServiceInstance.java,44.345176696777344,0.0220530621522767,0.6188453359799841,0.3811546640200158,790.19196,0.0012639157829709,1
/Users/loganfecko/Desktop/Summer_Research/traceXplainer/dvc-data/systems/dronology/corpus/req/RE-501.txt,/Users/loganfecko/Desktop/Summer_Research/traceXplainer/dvc-data/systems/dronology/corpus/src/FlightRoute.java,61.717987060546875,0.0159443892712088,0.6785106027411727,0.3214893972588273,1098.7573,0.0009092915118436,1
/Users/loganfecko/Desktop/Summer_Research/traceXplainer/dvc-data/systems/dronology/corpus/req/RE-501.txt,/Users/loganfecko/Desktop/Summer_Research/traceXplainer/dvc-data/systems/dronology/corpus/src/FlightRouteplanningService.java,62.30149459838867,0.0157974153113511,0.683383152998656,0.3166168470013439,1116.1506,0.0008951344329762,1
/Users/loganfecko/Desktop/Summer_Research/traceXplainer/dvc-data/systems/dronology/corpus/req/RE-501.txt,/Users/loganfecko/Desktop/Summer_Research/traceXplainer/dvc-data/systems/dronology/corpus/src/Waypoint.java,56.80623245239258,0.0172991727288847,0.638065449060724,0.3619345509392759,1018.8489,0.0009805374331416,1
/Users/loganfecko/Desktop/Summer_Research/traceXplainer/dvc-data/systems/dronology/corpus/req/RE-501.txt,/Users/loganfecko/Desktop/Summer_Research/traceXplainer/dvc-data/systems/dronology/corpus/src/DroneSimulatorServiceInstance.java,90.86094665527344,0.0108860188840933,0.7100266235192079,0.2899733764807921,1650.8375,0.0006053864167752,1
/Users/loganfecko/Desktop/Summer_Research/traceXplainer/dvc-data/systems/dronology/corpus/req/RE-677.txt,/Users/loganfecko/Desktop/Summer_Research/traceXplainer/dvc-data/systems/dronology/corpus/src/DroneSetupService.java,63.73869323730469,0.0154467127770778,0.8241835366174601,0.1758164633825398,1163.5701,0.0008586859882194,1
/Users/loganfecko/Desktop/Summer_Research/traceXplainer/dvc-data/systems/dronology/corpus/req/RE-101.txt,/Users/loganfecko/Desktop/Summer_Research/traceXplainer/dvc-data/systems/dronology/corpus/src/FlightZoneManager2.java,123.4279327392578,0.0080367806326536,0.6497127977719988,0.3502872022280012,2243.7002,0.0004454937911478,1
/Users/loganfecko/Desktop/Summer_Research/traceXplainer/dvc-data/systems/dronology/corpus/req/RE-101.txt,/Users/loganfecko/Desktop/Summer_Research/traceXplainer/dvc-data/systems/dronology/corpus/src/PlanPoolManager.java,84.14368438720703,0.0117448523304712,0.6280104813903524,0.3719895186096476,1489.368,0.0006709752033217,1
/Users/loganfecko/Desktop/Summer_Research/traceXplainer/dvc-data/systems/dronology/corpus/req/RE-505.txt,/Users/loganfecko/Desktop/Summer_Research/traceXplainer/dvc-data/systems/dronology/corpus/src/FlightRouteplanningServiceInstance.java,98.88663482666016,0.0100113493835823,0.7006396676999852,0.2993603323000148,1800.9663,0.0005549493324214,1
/Users/loganfecko/Desktop/Summer_Research/traceXplainer/dvc-data/systems/dronology/corpus/req/RE-505.txt,/Users/loganfecko/Desktop/Summer_Research/traceXplainer/dvc-data/systems/dronology/corpus/src/AbstractFileTransmitServiceInstance.java,86.09906005859375,0.0114811801565628,0.8592798847852176,0.1407201152147824,1547.4612,0.0006458024339625,1
/Users/loganfecko/Desktop/Summer_Research/traceXplainer/dvc-data/systems/dronology/corpus/req/RE-25.txt,/Users/loganfecko/Desktop/Summer_Research/traceXplainer/dvc-data/systems/dronology/corpus/src/VirtualDrone.java,81.3729019165039,0.0121399146653062,0.8165974991878293,0.1834025008121707,1458.3093,0.0006852556768229,1
/Users/loganfecko/Desktop/Summer_Research/traceXplainer/dvc-data/systems/dronology/corpus/req/RE-25.txt,/Users/loganfecko/Desktop/Summer_Research/traceXplainer/dvc-data/systems/dronology/corpus/src/PhysicalDroneFleetFactory.java,69.40941619873047,0.0142026458105759,0.8024930182795166,0.1975069817204834,1238.5906,0.000806717975453,1
/Users/loganfecko/Desktop/Summer_Research/traceXplainer/dvc-data/systems/dronology/corpus/req/RE-25.txt,/Users/loganfecko/Desktop/Summer_Research/traceXplainer/dvc-data/systems/dronology/corpus/src/VirtualDroneFleetFactory.java,62.45534133911133,0.0157591146607486,0.7571615541244531,0.2428384458755469,1127.2621,0.0008863188910886,1
/Users/loganfecko/Desktop/Summer_Research/traceXplainer/dvc-data/systems/dronology/corpus/req/RE-25.txt,/Users/loganfecko/Desktop/Summer_Research/traceXplainer/dvc-data/systems/dronology/corpus/src/AbstractDrone.java,74.09603118896484,0.0133162829535383,0.7839188616613727,0.2160811383386273,1329.7445,0.000751459047821,1
/Users/loganfecko/Desktop/Summer_Research/traceXplainer/dvc-data/systems/dronology/corpus/req/RE-25.txt,/Users/loganfecko/Desktop/Summer_Research/traceXplainer/dvc-data/systems/dronology/corpus/src/PhysicalDrone.java,94.17837524414062,0.0105065882605677,0.8444172901506874,0.1555827098493125,1692.6444,0.0005904427131102,1
/Users/loganfecko/Desktop/Summer_Research/traceXplainer/dvc-data/systems/dronology/corpus/req/RE-706.txt,/Users/loganfecko/Desktop/Summer_Research/traceXplainer/dvc-data/systems/dronology/corpus/src/UAVMonitorableMessage.java,65.16410064697266,0.0151139362618352,0.7044229456395015,0.2955770543604985,1156.2373,0.0008641269996649,1
/Users/loganfecko/Desktop/Summer_Research/traceXplainer/dvc-data/systems/dronology/corpus/req/RE-706.txt,/Users/loganfecko/Desktop/Summer_Research/traceXplainer/dvc-data/systems/dronology/corpus/src/IMonitorableMessage.java,38.10062789916992,0.0255750368658716,0.6081050353793959,0.3918949646206041,694.58954,0.0014376294417103,1
/Users/loganfecko/Desktop/Summer_Research/traceXplainer/dvc-data/systems/dronology/corpus/req/RE-706.txt,/Users/loganfecko/Desktop/Summer_Research/traceXplainer/dvc-data/systems/dronology/corpus/src/ArtifactIdentifier.java,72.99703979492188,0.0135140541131298,0.8126985359745489,0.1873014640254511,1282.491,0.0007791250782976,1
/Users/loganfecko/Desktop/Summer_Research/traceXplainer/dvc-data/systems/dronology/corpus/req/RE-510.txt,/Users/loganfecko/Desktop/Summer_Research/traceXplainer/dvc-data/systems/dronology/corpus/src/LlaCoordinate.java,73.69303894042969,0.0133881284546145,0.7972734373685388,0.2027265626314611,1308.5704,0.0007636091756516,1
/Users/loganfecko/Desktop/Summer_Research/traceXplainer/dvc-data/systems/dronology/corpus/req/RE-510.txt,/Users/loganfecko/Desktop/Summer_Research/traceXplainer/dvc-data/systems/dronology/corpus/src/PVector.java,66.20260620117188,0.0148803752789956,0.8464953429917877,0.1535046570082122,1192.2384,0.0008380554943734,1
/Users/loganfecko/Desktop/Summer_Research/traceXplainer/dvc-data/systems/dronology/corpus/req/RE-510.txt,/Users/loganfecko/Desktop/Summer_Research/traceXplainer/dvc-data/systems/dronology/corpus/src/NVector.java,76.9328842163086,0.0128315538434895,0.8615828958381881,0.1384171041618118,1376.5957,0.0007259023803076,1
/Users/loganfecko/Desktop/Summer_Research/traceXplainer/dvc-data/systems/dronology/corpus/req/RE-100.txt,/Users/loganfecko/Desktop/Summer_Research/traceXplainer/dvc-data/systems/dronology/corpus/src/PlanPool.java,71.50154113769531,0.0137928102535199,0.6851044188348125,0.3148955811651874,1266.8654,0.000788727284736,1
/Users/loganfecko/Desktop/Summer_Research/traceXplainer/dvc-data/systems/dronology/corpus/req/RE-114.txt,/Users/loganfecko/Desktop/Summer_Research/traceXplainer/dvc-data/systems/dronology/corpus/src/AFMapComponent.java,128.69406127929688,0.0077104532785544,0.8319410863306013,0.1680589136693987,2321.3103,0.0004306056769513,1
/Users/loganfecko/Desktop/Summer_Research/traceXplainer/dvc-data/systems/dronology/corpus/req/RE-114.txt,/Users/loganfecko/Desktop/Summer_Research/traceXplainer/dvc-data/systems/dronology/corpus/src/AFMainLayout.java,48.82131576538086,0.0200717300343734,0.7729938975933857,0.2270061024066143,863.354,0.001156933380861,1
/Users/loganfecko/Desktop/Summer_Research/traceXplainer/dvc-data/systems/dronology/corpus/req/RE-672.txt,/Users/loganfecko/Desktop/Summer_Research/traceXplainer/dvc-data/systems/dronology/corpus/src/MapDrawingUtil.java,125.68898010253906,0.0078933463604381,0.8627662597989365,0.1372337402010635,2245.8594,0.0004450656819588,1
/Users/loganfecko/Desktop/Summer_Research/traceXplainer/dvc-data/systems/dronology/corpus/req/RE-103.txt,/Users/loganfecko/Desktop/Summer_Research/traceXplainer/dvc-data/systems/dronology/corpus/src/FlightZoneManager2.java,124.47635650634766,0.0079696289232737,0.6736377589641855,0.3263622410358144,2260.4229,0.0004421994760108,1
/Users/loganfecko/Desktop/Summer_Research/traceXplainer/dvc-data/systems/dronology/corpus/req/RE-709.txt,/Users/loganfecko/Desktop/Summer_Research/traceXplainer/dvc-data/systems/dronology/corpus/src/GroundstationConnector.java,97.4402084350586,0.0101584506564683,0.7880756615916117,0.2119243384083883,1764.8191,0.0005663094280979,1
/Users/loganfecko/Desktop/Summer_Research/traceXplainer/dvc-data/systems/dronology/corpus/req/RE-709.txt,/Users/loganfecko/Desktop/Summer_Research/traceXplainer/dvc-data/systems/dronology/corpus/src/RuntimeDroneTypes.java,79.91149139404297,0.01235918387822,0.8781605861178946,0.1218394138821054,1425.0765,0.0007012246350691,1
/Users/loganfecko/Desktop/Summer_Research/traceXplainer/dvc-data/systems/dronology/corpus/req/RE-709.txt,/Users/loganfecko/Desktop/Summer_Research/traceXplainer/dvc-data/systems/dronology/corpus/src/PhysicalDroneFleetFactory.java,72.15911102294922,0.0136688374970317,0.8624602485978453,0.1375397514021547,1284.4731,0.0007779236806729,1
/Users/loganfecko/Desktop/Summer_Research/traceXplainer/dvc-data/systems/dronology/corpus/req/RE-709.txt,/Users/loganfecko/Desktop/Summer_Research/traceXplainer/dvc-data/systems/dronology/corpus/src/IncommingGroundstationConnectionServer.java,58.28394317626953,0.016867973795648,0.7201215743759217,0.2798784256240783,1064.8735,0.0009381976069547,1
/Users/loganfecko/Desktop/Summer_Research/traceXplainer/dvc-data/systems/dronology/corpus/req/RE-709.txt,/Users/loganfecko/Desktop/Summer_Research/traceXplainer/dvc-data/systems/dronology/corpus/src/DispatchQueueManager.java,98.29328155517578,0.0100711748502774,0.8789671014006776,0.1210328985993224,1776.7294,0.0005625153169034,1
/Users/loganfecko/Desktop/Summer_Research/traceXplainer/dvc-data/systems/dronology/corpus/req/RE-709.txt,/Users/loganfecko/Desktop/Summer_Research/traceXplainer/dvc-data/systems/dronology/corpus/src/DronologyServiceRunner.java,79.21038818359375,0.0124672130710937,0.764260201554981,0.235739798445019,1430.0071,0.0006988085621109,1
/Users/loganfecko/Desktop/Summer_Research/traceXplainer/dvc-data/systems/dronology/corpus/req/RE-709.txt,/Users/loganfecko/Desktop/Summer_Research/traceXplainer/dvc-data/systems/dronology/corpus/src/ConnectionRequestMessage.java,44.12828826904297,0.0221590500849104,0.700066127560343,0.2999338724396569,795.5768,0.001255371763667,1
/Users/loganfecko/Desktop/Summer_Research/traceXplainer/dvc-data/systems/dronology/corpus/req/RE-643.txt,/Users/loganfecko/Desktop/Summer_Research/traceXplainer/dvc-data/systems/dronology/corpus/src/AFMapComponent.java,128.20956420898438,0.0077393651632675,0.810969747050216,0.189030252949784,2316.1528,0.0004315641101339,1
/Users/loganfecko/Desktop/Summer_Research/traceXplainer/dvc-data/systems/dronology/corpus/req/RE-722.txt,/Users/loganfecko/Desktop/Summer_Research/traceXplainer/dvc-data/systems/dronology/corpus/src/UAVStateMessage.java,67.74762725830078,0.0145459565643301,0.7899060825557125,0.2100939174442875,1215.5515,0.0008219956070596,1
/Users/loganfecko/Desktop/Summer_Research/traceXplainer/dvc-data/systems/dronology/corpus/req/RE-722.txt,/Users/loganfecko/Desktop/Summer_Research/traceXplainer/dvc-data/systems/dronology/corpus/src/UAVMessageFactory.java,71.08888244628906,0.013871764494963,0.820711725454173,0.1792882745458269,1257.2928,0.0007947275569743,1
/Users/loganfecko/Desktop/Summer_Research/traceXplainer/dvc-data/systems/dronology/corpus/req/RE-722.txt,/Users/loganfecko/Desktop/Summer_Research/traceXplainer/dvc-data/systems/dronology/corpus/src/UAVMonitoringMessage.java,41.56124496459961,0.0234955533098656,0.7074813137350754,0.2925186862649246,730.30383,0.0013674207010334,1
/Users/loganfecko/Desktop/Summer_Research/traceXplainer/dvc-data/systems/dronology/corpus/req/RE-722.txt,/Users/loganfecko/Desktop/Summer_Research/traceXplainer/dvc-data/systems/dronology/corpus/src/UAVModeChangeMessage.java,46.266845703125,0.0211564783967356,0.7325787095307321,0.2674212904692679,836.289,0.0011943307487026,1
/Users/loganfecko/Desktop/Summer_Research/traceXplainer/dvc-data/systems/dronology/corpus/req/RE-508.txt,/Users/loganfecko/Desktop/Summer_Research/traceXplainer/dvc-data/systems/dronology/corpus/src/FlightRoute.java,60.01286697387695,0.0163899854177997,0.6200073178015577,0.3799926821984423,1087.3953,0.0009187838585647,1
/Users/loganfecko/Desktop/Summer_Research/traceXplainer/dvc-data/systems/dronology/corpus/req/RE-28.txt,/Users/loganfecko/Desktop/Summer_Research/traceXplainer/dvc-data/systems/dronology/corpus/src/PlanPool.java,72.32530212402344,0.013637857206624,0.7196362424631269,0.2803637575368731,1283.2336,0.0007786745081622,1
/Users/loganfecko/Desktop/Summer_Research/traceXplainer/dvc-data/systems/dronology/corpus/req/RE-28.txt,/Users/loganfecko/Desktop/Summer_Research/traceXplainer/dvc-data/systems/dronology/corpus/src/PlanPoolManager.java,87.10787963867188,0.0113497226820231,0.73083304036953,0.26916695963047,1536.0142,0.0006506120931887,1
/Users/loganfecko/Desktop/Summer_Research/traceXplainer/dvc-data/systems/dronology/corpus/req/RE-681.txt,/Users/loganfecko/Desktop/Summer_Research/traceXplainer/dvc-data/systems/dronology/corpus/src/AFControlsComponent.java,38.43071746826172,0.0253609384816523,0.747560685062189,0.252439314937811,700.58374,0.0014253466017697,1
/Users/loganfecko/Desktop/Summer_Research/traceXplainer/dvc-data/systems/dronology/corpus/req/RE-681.txt,/Users/loganfecko/Desktop/Summer_Research/traceXplainer/dvc-data/systems/dronology/corpus/src/AFInfoBox.java,107.15240478515624,0.0092462114179198,0.7910988465300541,0.2089011534699458,1958.7338,0.0005102733942941,1
/Users/loganfecko/Desktop/Summer_Research/traceXplainer/dvc-data/systems/dronology/corpus/req/RE-681.txt,/Users/loganfecko/Desktop/Summer_Research/traceXplainer/dvc-data/systems/dronology/corpus/src/AFMapComponent.java,128.27471923828125,0.0077354644890528,0.8128992413167794,0.1871007586832206,2310.5483,0.0004326104640613,1
/Users/loganfecko/Desktop/Summer_Research/traceXplainer/dvc-data/systems/dronology/corpus/req/RE-681.txt,/Users/loganfecko/Desktop/Summer_Research/traceXplainer/dvc-data/systems/dronology/corpus/src/AFEmergencyComponent.java,49.0499382019043,0.0199800446499243,0.7539610291532626,0.2460389708467374,870.69037,0.0011471963393905,1
/Users/loganfecko/Desktop/Summer_Research/traceXplainer/dvc-data/systems/dronology/corpus/req/RE-681.txt,/Users/loganfecko/Desktop/Summer_Research/traceXplainer/dvc-data/systems/dronology/corpus/src/AFInfoPanel.java,115.87183380126952,0.008556381529021,0.7994101496001155,0.2005898503998845,2092.9043,0.0004775767457435,1
/Users/loganfecko/Desktop/Summer_Research/traceXplainer/dvc-data/systems/dronology/corpus/req/RE-695.txt,/Users/loganfecko/Desktop/Summer_Research/traceXplainer/dvc-data/systems/dronology/corpus/src/AFMapComponent.java,128.67996215820312,0.0077112915778001,0.8334748147687956,0.1665251852312044,2331.531,0.0004287188455321,1
/Users/loganfecko/Desktop/Summer_Research/traceXplainer/dvc-data/systems/dronology/corpus/req/RE-695.txt,/Users/loganfecko/Desktop/Summer_Research/traceXplainer/dvc-data/systems/dronology/corpus/src/AFFollowBar.java,54.88995361328125,0.0178923032736668,0.7596438678952939,0.240356132104706,976.8301,0.0010226725710028,1
/Users/loganfecko/Desktop/Summer_Research/traceXplainer/dvc-data/systems/dronology/corpus/req/RE-656.txt,/Users/loganfecko/Desktop/Summer_Research/traceXplainer/dvc-data/systems/dronology/corpus/src/AFDragLayout.java,102.78852081298828,0.009634976895006,0.6936300317756093,0.3063699682243906,1842.0049,0.0005425921598612,1
/Users/loganfecko/Desktop/Summer_Research/traceXplainer/dvc-data/systems/dronology/corpus/req/RE-656.txt,/Users/loganfecko/Desktop/Summer_Research/traceXplainer/dvc-data/systems/dronology/corpus/src/AFAssignRouteComponent.java,107.79196166992188,0.0091918555805991,0.7051625289186442,0.2948374710813558,1918.947,0.000520847705072,1
/Users/loganfecko/Desktop/Summer_Research/traceXplainer/dvc-data/systems/dronology/corpus/req/RE-646.txt,/Users/loganfecko/Desktop/Summer_Research/traceXplainer/dvc-data/systems/dronology/corpus/src/AFDragLayout.java,105.71692657470705,0.0093705847056975,0.8060993489204294,0.1939006510795705,1893.9167,0.0005277276698465,1
/Users/loganfecko/Desktop/Summer_Research/traceXplainer/dvc-data/systems/dronology/corpus/req/RE-646.txt,/Users/loganfecko/Desktop/Summer_Research/traceXplainer/dvc-data/systems/dronology/corpus/src/AFAssignRouteComponent.java,110.156005859375,0.0089963649941246,0.7906931137065258,0.2093068862934741,1987.2427,0.0005029567125688,1
/Users/loganfecko/Desktop/Summer_Research/traceXplainer/dvc-data/systems/dronology/corpus/req/RE-691.txt,/Users/loganfecko/Desktop/Summer_Research/traceXplainer/dvc-data/systems/dronology/corpus/src/AFInfoBox.java,107.5999984741211,0.009208103260133,0.8139577345370138,0.1860422654629862,1968.776,0.0005076719380803,1
/Users/loganfecko/Desktop/Summer_Research/traceXplainer/dvc-data/systems/dronology/corpus/req/RE-691.txt,/Users/loganfecko/Desktop/Summer_Research/traceXplainer/dvc-data/systems/dronology/corpus/src/AFEmergencyComponent.java,48.622283935546875,0.0201522364689798,0.714814991833669,0.2851850081663309,868.8827,0.0011495802951384,1
/Users/loganfecko/Desktop/Summer_Research/traceXplainer/dvc-data/systems/dronology/corpus/req/RE-693.txt,/Users/loganfecko/Desktop/Summer_Research/traceXplainer/dvc-data/systems/dronology/corpus/src/AFEmergencyComponent.java,46.6114501953125,0.0210033509985052,0.6129177845597832,0.3870822154402168,824.29,0.0012116953151306,1
/Users/loganfecko/Desktop/Summer_Research/traceXplainer/dvc-data/systems/dronology/corpus/req/RE-637.txt,/Users/loganfecko/Desktop/Summer_Research/traceXplainer/dvc-data/systems/dronology/corpus/src/FlightManagerService.java,67.93865966796875,0.0145056490047286,0.7600139297700054,0.2399860702299946,1224.5991,0.0008159274780709,1
/Users/loganfecko/Desktop/Summer_Research/traceXplainer/dvc-data/systems/dronology/corpus/req/RE-555.txt,/Users/loganfecko/Desktop/Summer_Research/traceXplainer/dvc-data/systems/dronology/corpus/src/VirtualDrone.java,80.95820617675781,0.0122013407399781,0.769060530068504,0.230939469931496,1443.9545,0.0006920633295393,1
/Users/loganfecko/Desktop/Summer_Research/traceXplainer/dvc-data/systems/dronology/corpus/req/RE-555.txt,/Users/loganfecko/Desktop/Summer_Research/traceXplainer/dvc-data/systems/dronology/corpus/src/DroneFleetManager.java,85.72048950195312,0.0115313002237778,0.7475761934950296,0.2524238065049704,1544.4973,0.0006470409172816,1
/Users/loganfecko/Desktop/Summer_Research/traceXplainer/dvc-data/systems/dronology/corpus/req/RE-555.txt,/Users/loganfecko/Desktop/Summer_Research/traceXplainer/dvc-data/systems/dronology/corpus/src/FlightZoneManager2.java,124.49197387695312,0.007968637109657,0.6854130739595939,0.314586926040406,2254.1157,0.0004434362236728,1
/Users/loganfecko/Desktop/Summer_Research/traceXplainer/dvc-data/systems/dronology/corpus/req/RE-555.txt,/Users/loganfecko/Desktop/Summer_Research/traceXplainer/dvc-data/systems/dronology/corpus/src/ManagedHashTableList.java,48.04705047607422,0.0203885858638495,0.7529484608588707,0.2470515391411293,854.2921,0.0011691911843098,1
/Users/loganfecko/Desktop/Summer_Research/traceXplainer/dvc-data/systems/dronology/corpus/req/RE-555.txt,/Users/loganfecko/Desktop/Summer_Research/traceXplainer/dvc-data/systems/dronology/corpus/src/FlightInfo.java,41.97600173950195,0.0232688002495317,0.6046603053008122,0.3953396946991878,750.13684,0.0013313153418329,1
/Users/loganfecko/Desktop/Summer_Research/traceXplainer/dvc-data/systems/dronology/corpus/req/RE-555.txt,/Users/loganfecko/Desktop/Summer_Research/traceXplainer/dvc-data/systems/dronology/corpus/src/PlanPool.java,69.65140533447266,0.0141540001259122,0.6186911973402545,0.3813088026597455,1235.8396,0.0008085122762206,1
/Users/loganfecko/Desktop/Summer_Research/traceXplainer/dvc-data/systems/dronology/corpus/req/RE-555.txt,/Users/loganfecko/Desktop/Summer_Research/traceXplainer/dvc-data/systems/dronology/corpus/src/IDroneSetupRemoteService.java,58.50055694580078,0.0168065653723359,0.7790810008620698,0.2209189991379302,1066.533,0.0009367392281277,1
/Users/loganfecko/Desktop/Summer_Research/traceXplainer/dvc-data/systems/dronology/corpus/req/RE-555.txt,/Users/loganfecko/Desktop/Summer_Research/traceXplainer/dvc-data/systems/dronology/corpus/src/IStartstrategy.java,29.346654891967773,0.0329525611162066,0.7299311942056514,0.2700688057943485,512.4435,0.0019476340359508,1
/Users/loganfecko/Desktop/Summer_Research/traceXplainer/dvc-data/systems/dronology/corpus/req/RE-555.txt,/Users/loganfecko/Desktop/Summer_Research/traceXplainer/dvc-data/systems/dronology/corpus/src/IPlanStatusChangeListener.java,30.97720718383789,0.0312722744750963,0.6325575440063271,0.3674424559936728,556.401,0.0017940405529376,1
/Users/loganfecko/Desktop/Summer_Research/traceXplainer/dvc-data/systems/dronology/corpus/req/RE-555.txt,/Users/loganfecko/Desktop/Summer_Research/traceXplainer/dvc-data/systems/dronology/corpus/src/FlightManagerService.java,63.290096282958984,0.0155544952926919,0.5842939843367687,0.4157060156632313,1127.3372,0.000886259920388,1
/Users/loganfecko/Desktop/Summer_Research/traceXplainer/dvc-data/systems/dronology/corpus/req/RE-555.txt,/Users/loganfecko/Desktop/Summer_Research/traceXplainer/dvc-data/systems/dronology/corpus/src/FlightManagerServiceRemoteFacade.java,72.01671600341797,0.0136954940558157,0.6131837076202346,0.3868162923797654,1268.9781,0.0007874151224266,1
/Users/loganfecko/Desktop/Summer_Research/traceXplainer/dvc-data/systems/dronology/corpus/req/RE-555.txt,/Users/loganfecko/Desktop/Summer_Research/traceXplainer/dvc-data/systems/dronology/corpus/src/RemoteInfoFactory.java,56.53922653198242,0.01737944807868,0.613119879015595,0.386880120984405,1012.5274,0.0009866531435447,1
/Users/loganfecko/Desktop/Summer_Research/traceXplainer/dvc-data/systems/dronology/corpus/req/RE-555.txt,/Users/loganfecko/Desktop/Summer_Research/traceXplainer/dvc-data/systems/dronology/corpus/src/SoloDirector.java,74.27942657470703,0.013283841887499,0.7515284887206152,0.2484715112793848,1328.8394,0.0007519705262802,1
/Users/loganfecko/Desktop/Summer_Research/traceXplainer/dvc-data/systems/dronology/corpus/req/RE-555.txt,/Users/loganfecko/Desktop/Summer_Research/traceXplainer/dvc-data/systems/dronology/corpus/src/IStopStrategy.java,29.76726531982422,0.0325020761385533,0.7353608356878056,0.2646391643121943,524.5173,0.0019028870247936,1
/Users/loganfecko/Desktop/Summer_Research/traceXplainer/dvc-data/systems/dronology/corpus/req/RE-555.txt,/Users/loganfecko/Desktop/Summer_Research/traceXplainer/dvc-data/systems/dronology/corpus/src/FlightManagerServiceInstance.java,71.88613891601562,0.0137200298283363,0.6227272468291906,0.3772727531708094,1285.9741,0.0007770164011923,1
/Users/loganfecko/Desktop/Summer_Research/traceXplainer/dvc-data/systems/dronology/corpus/req/RE-555.txt,/Users/loganfecko/Desktop/Summer_Research/traceXplainer/dvc-data/systems/dronology/corpus/src/LandingStrategy.java,31.50470733642578,0.0307647747647728,0.695151889344426,0.304848110655574,557.5032,0.0017905001204303,1
/Users/loganfecko/Desktop/Summer_Research/traceXplainer/dvc-data/systems/dronology/corpus/req/RE-555.txt,/Users/loganfecko/Desktop/Summer_Research/traceXplainer/dvc-data/systems/dronology/corpus/src/DroneSetupServiceRemoteFacade.java,70.45601654052734,0.0139946228241373,0.7677802482972075,0.2322197517027925,1291.1028,0.0007739322389825,1
/Users/loganfecko/Desktop/Summer_Research/traceXplainer/dvc-data/systems/dronology/corpus/req/RE-555.txt,/Users/loganfecko/Desktop/Summer_Research/traceXplainer/dvc-data/systems/dronology/corpus/src/Waypoint.java,57.954986572265625,0.0169620935927824,0.6809703823986701,0.3190296176013298,1030.9457,0.0009690432555027,1
/Users/loganfecko/Desktop/Summer_Research/traceXplainer/dvc-data/systems/dronology/corpus/req/RE-555.txt,/Users/loganfecko/Desktop/Summer_Research/traceXplainer/dvc-data/systems/dronology/corpus/src/DroneSetupServiceInstance.java,96.99553680419922,0.0102045463764136,0.7164458688936901,0.2835541311063099,1737.785,0.0005751142207591,1
/Users/loganfecko/Desktop/Summer_Research/traceXplainer/dvc-data/systems/dronology/corpus/req/RE-555.txt,/Users/loganfecko/Desktop/Summer_Research/traceXplainer/dvc-data/systems/dronology/corpus/src/FlightInfoCreator.java,60.774600982666016,0.0161878827882773,0.5510571428496641,0.4489428571503359,1113.1963,0.0008975079255033,1
/Users/loganfecko/Desktop/Summer_Research/traceXplainer/dvc-data/systems/dronology/corpus/req/RE-555.txt,/Users/loganfecko/Desktop/Summer_Research/traceXplainer/dvc-data/systems/dronology/corpus/src/IDroneSetupServiceInstance.java,54.25978469848633,0.0180963426740855,0.7585964855599596,0.2414035144400403,971.3367,0.0010284503618282,1
/Users/loganfecko/Desktop/Summer_Research/traceXplainer/dvc-data/systems/dronology/corpus/req/RE-555.txt,/Users/loganfecko/Desktop/Summer_Research/traceXplainer/dvc-data/systems/dronology/corpus/src/IFlightManagerServiceInstance.java,50.41395568847656,0.0194499720282003,0.5872934763255184,0.4127065236744816,904.6445,0.0011041860607427,1
/Users/loganfecko/Desktop/Summer_Research/traceXplainer/dvc-data/systems/dronology/corpus/req/RE-555.txt,/Users/loganfecko/Desktop/Summer_Research/traceXplainer/dvc-data/systems/dronology/corpus/src/DroneSetupService.java,64.40886688232422,0.0152884470816331,0.7788887607703439,0.2211112392296561,1183.1533,0.0008444852392392,1
/Users/loganfecko/Desktop/Summer_Research/traceXplainer/dvc-data/systems/dronology/corpus/req/RE-555.txt,/Users/loganfecko/Desktop/Summer_Research/traceXplainer/dvc-data/systems/dronology/corpus/src/IManagedDroneStateChangeListener.java,30.696308135986328,0.0315494156514919,0.7389966277501263,0.2610033722498737,540.2792,0.0018474754739286,1
/Users/loganfecko/Desktop/Summer_Research/traceXplainer/dvc-data/systems/dronology/corpus/req/RE-555.txt,/Users/loganfecko/Desktop/Summer_Research/traceXplainer/dvc-data/systems/dronology/corpus/src/FlightPlan.java,80.4925537109375,0.0122710598019434,0.658175550239618,0.3418244497603819,1425.9246,0.0007008078966814,1
/Users/loganfecko/Desktop/Summer_Research/traceXplainer/dvc-data/systems/dronology/corpus/req/RE-555.txt,/Users/loganfecko/Desktop/Summer_Research/traceXplainer/dvc-data/systems/dronology/corpus/src/DroneInitializationInfo.java,54.985591888427734,0.0178617384628687,0.8429502682558518,0.1570497317441481,974.14844,0.0010254849021382,1
/Users/loganfecko/Desktop/Summer_Research/traceXplainer/dvc-data/systems/dronology/corpus/req/RE-555.txt,/Users/loganfecko/Desktop/Summer_Research/traceXplainer/dvc-data/systems/dronology/corpus/src/PlanPoolManager.java,84.44668579101562,0.0117032040592631,0.6377711351716846,0.3622288648283154,1475.6821,0.0006771938120092,1
/Users/loganfecko/Desktop/Summer_Research/traceXplainer/dvc-data/systems/dronology/corpus/req/RE-555.txt,/Users/loganfecko/Desktop/Summer_Research/traceXplainer/dvc-data/systems/dronology/corpus/src/DroneFlightStateManager.java,103.35736846923828,0.0095824570384291,0.6927879458100545,0.3072120541899454,1893.4395,0.0005278606282984,1
/Users/loganfecko/Desktop/Summer_Research/traceXplainer/dvc-data/systems/dronology/corpus/req/RE-555.txt,/Users/loganfecko/Desktop/Summer_Research/traceXplainer/dvc-data/systems/dronology/corpus/src/IFlightPlan.java,50.82770538330078,0.0192946994779013,0.6309041374568358,0.3690958625431642,902.9227,0.0011062892516949,1
/Users/loganfecko/Desktop/Summer_Research/traceXplainer/dvc-data/systems/dronology/corpus/req/RE-555.txt,/Users/loganfecko/Desktop/Summer_Research/traceXplainer/dvc-data/systems/dronology/corpus/src/IFlightManagerRemoteService.java,53.920066833496094,0.0182082808280578,0.6080139740047804,0.3919860259952196,976.6261,0.0010228859493404,1
/Users/loganfecko/Desktop/Summer_Research/traceXplainer/dvc-data/systems/dronology/corpus/req/RE-555.txt,/Users/loganfecko/Desktop/Summer_Research/traceXplainer/dvc-data/systems/dronology/corpus/src/DronologyServiceRunner.java,75.93345642089844,0.0129982461015277,0.648467778900109,0.351532221099891,1359.0018,0.000735293127675,1
/Users/loganfecko/Desktop/Summer_Research/traceXplainer/dvc-data/systems/dronology/corpus/req/RE-555.txt,/Users/loganfecko/Desktop/Summer_Research/traceXplainer/dvc-data/systems/dronology/corpus/src/FlightPlanFactory.java,37.17375564575195,0.0261960077829356,0.5768788112143334,0.4231211887856666,660.08264,0.0015126701823199,1
/Users/loganfecko/Desktop/Summer_Research/traceXplainer/dvc-data/systems/dronology/corpus/req/RE-555.txt,/Users/loganfecko/Desktop/Summer_Research/traceXplainer/dvc-data/systems/dronology/corpus/src/DroneSimulatorServiceInstance.java,91.40584564208984,0.0108218261848199,0.7291860447157256,0.2708139552842744,1665.325,0.0006001230428055,1
/Users/loganfecko/Desktop/Summer_Research/traceXplainer/dvc-data/systems/dronology/corpus/req/RE-555.txt,/Users/loganfecko/Desktop/Summer_Research/traceXplainer/dvc-data/systems/dronology/corpus/src/DummyLockObject.java,34.77950668334961,0.027948959968902,0.7757313568662503,0.2242686431337497,600.9404,0.0016612939598012,1
/Users/loganfecko/Desktop/Summer_Research/traceXplainer/dvc-data/systems/dronology/corpus/req/RE-555.txt,/Users/loganfecko/Desktop/Summer_Research/traceXplainer/dvc-data/systems/dronology/corpus/src/DroneException.java,36.639183044433594,0.0265680580478988,0.8267857688587487,0.1732142311412513,631.4351,0.0015811898627431,1
/Users/loganfecko/Desktop/Summer_Research/traceXplainer/dvc-data/systems/dronology/corpus/req/RE-555.txt,/Users/loganfecko/Desktop/Summer_Research/traceXplainer/dvc-data/systems/dronology/corpus/src/PhysicalDrone.java,92.16329956054688,0.0107338405221478,0.7430464073914993,0.2569535926085007,1640.2147,0.0006093047952778,1
/Users/loganfecko/Desktop/Summer_Research/traceXplainer/dvc-data/systems/dronology/corpus/req/RE-541.txt,/Users/loganfecko/Desktop/Summer_Research/traceXplainer/dvc-data/systems/dronology/corpus/src/FullMissionPlan.java,93.43293762207033,0.0105895254895288,0.7255472025786891,0.2744527974213109,1670.3699,0.0005983116102105,1
/Users/loganfecko/Desktop/Summer_Research/traceXplainer/dvc-data/systems/dronology/corpus/req/RE-541.txt,/Users/loganfecko/Desktop/Summer_Research/traceXplainer/dvc-data/systems/dronology/corpus/src/TaskList.java,43.66352462768555,0.0223896346814539,0.8008995627801594,0.1991004372198406,791.00024,0.0012626258734112,1
/Users/loganfecko/Desktop/Summer_Research/traceXplainer/dvc-data/systems/dronology/corpus/req/RE-541.txt,/Users/loganfecko/Desktop/Summer_Research/traceXplainer/dvc-data/systems/dronology/corpus/src/IMissionTask.java,37.46419906616211,0.025998201555683,0.7288614218633758,0.2711385781366242,666.8026,0.0014974484699136,1
/Users/loganfecko/Desktop/Summer_Research/traceXplainer/dvc-data/systems/dronology/corpus/req/RE-541.txt,/Users/loganfecko/Desktop/Summer_Research/traceXplainer/dvc-data/systems/dronology/corpus/src/CoordinatedTakeoffPattern.java,75.27369689941406,0.013110679574359,0.7753618528469429,0.224638147153057,1344.3126,0.0007433216514843,1
/Users/loganfecko/Desktop/Summer_Research/traceXplainer/dvc-data/systems/dronology/corpus/req/RE-541.txt,/Users/loganfecko/Desktop/Summer_Research/traceXplainer/dvc-data/systems/dronology/corpus/src/IFlightPattern.java,61.24037551879883,0.0160667411092011,0.7051738952809611,0.2948261047190389,1113.5654,0.0008972106736527,1
/Users/loganfecko/Desktop/Summer_Research/traceXplainer/dvc-data/systems/dronology/corpus/req/RE-541.txt,/Users/loganfecko/Desktop/Summer_Research/traceXplainer/dvc-data/systems/dronology/corpus/src/CoordinatedLandingPattern.java,78.73519134521484,0.0125415137673713,0.7339503974447497,0.2660496025552503,1396.0442,0.0007157969715986,1
/Users/loganfecko/Desktop/Summer_Research/traceXplainer/dvc-data/systems/dronology/corpus/req/RE-541.txt,/Users/loganfecko/Desktop/Summer_Research/traceXplainer/dvc-data/systems/dronology/corpus/src/PatternFactory.java,42.55820846557617,0.0229577853457929,0.7192416839340262,0.2807583160659738,747.0017,0.0013368953412657,1
/Users/loganfecko/Desktop/Summer_Research/traceXplainer/dvc-data/systems/dronology/corpus/req/RE-541.txt,/Users/loganfecko/Desktop/Summer_Research/traceXplainer/dvc-data/systems/dronology/corpus/src/SyncConstants.java,41.46535873413086,0.0235486059651785,0.6617927658876573,0.3382072341123426,743.406,0.0013433529446683,1
/Users/loganfecko/Desktop/Summer_Research/traceXplainer/dvc-data/systems/dronology/corpus/req/RE-541.txt,/Users/loganfecko/Desktop/Summer_Research/traceXplainer/dvc-data/systems/dronology/corpus/src/AbstractFlightPattern.java,49.34788131713867,0.0198618089548009,0.6714637644595596,0.3285362355404404,895.97974,0.0011148523868483,1
/Users/loganfecko/Desktop/Summer_Research/traceXplainer/dvc-data/systems/dronology/corpus/req/RE-541.txt,/Users/loganfecko/Desktop/Summer_Research/traceXplainer/dvc-data/systems/dronology/corpus/src/PatternTask.java,36.94391250610352,0.0263546886431161,0.6986490218055793,0.3013509781944207,671.3082,0.0014874130034975,1
/Users/loganfecko/Desktop/Summer_Research/traceXplainer/dvc-data/systems/dronology/corpus/req/RE-596.txt,/Users/loganfecko/Desktop/Summer_Research/traceXplainer/dvc-data/systems/dronology/corpus/src/VirtualDrone.java,78.40367126464844,0.0125938761278058,0.6707775604257188,0.3292224395742812,1415.0266,0.0007062014174027,1
/Users/loganfecko/Desktop/Summer_Research/traceXplainer/dvc-data/systems/dronology/corpus/req/RE-8.txt,/Users/loganfecko/Desktop/Summer_Research/traceXplainer/dvc-data/systems/dronology/corpus/src/FlightZoneManager2.java,128.04962158203125,0.00774895724405,0.8117767544303449,0.188223245569655,2332.8262,0.0004284809263222,1
/Users/loganfecko/Desktop/Summer_Research/traceXplainer/dvc-data/systems/dronology/corpus/req/RE-8.txt,/Users/loganfecko/Desktop/Summer_Research/traceXplainer/dvc-data/systems/dronology/corpus/src/ModeChangeMessageTypeAdapter.java,58.91299057006836,0.0166908710529229,0.7169252299336207,0.2830747700663792,1048.2849,0.0009530300002024,1
/Users/loganfecko/Desktop/Summer_Research/traceXplainer/dvc-data/systems/dronology/corpus/req/RE-8.txt,/Users/loganfecko/Desktop/Summer_Research/traceXplainer/dvc-data/systems/dronology/corpus/src/StatusDispatchThread.java,71.78827667236328,0.0137384761079209,0.7827702463093468,0.2172297536906532,1268.5021,0.0007877104098834,1
/Users/loganfecko/Desktop/Summer_Research/traceXplainer/dvc-data/systems/dronology/corpus/req/RE-8.txt,/Users/loganfecko/Desktop/Summer_Research/traceXplainer/dvc-data/systems/dronology/corpus/src/AbstractDrone.java,73.9327621459961,0.0133452974554926,0.7594554179601316,0.2405445820398684,1307.3074,0.0007643463765484,1
/Users/loganfecko/Desktop/Summer_Research/traceXplainer/dvc-data/systems/dronology/corpus/req/RE-8.txt,/Users/loganfecko/Desktop/Summer_Research/traceXplainer/dvc-data/systems/dronology/corpus/src/UAVMessageFactory.java,71.4596939086914,0.013800775935655,0.8334950579166285,0.1665049420833715,1248.1274,0.0008005588275878,1
/Users/loganfecko/Desktop/Summer_Research/traceXplainer/dvc-data/systems/dronology/corpus/req/RE-8.txt,/Users/loganfecko/Desktop/Summer_Research/traceXplainer/dvc-data/systems/dronology/corpus/src/SoloDirector.java,75.6258544921875,0.0130504254292127,0.8164645124139016,0.1835354875860984,1353.9792,0.0007380186828997,1
/Users/loganfecko/Desktop/Summer_Research/traceXplainer/dvc-data/systems/dronology/corpus/req/RE-8.txt,/Users/loganfecko/Desktop/Summer_Research/traceXplainer/dvc-data/systems/dronology/corpus/src/ManagedDrone.java,122.11549377441406,0.0081224545290157,0.8482256791481415,0.1517743208518585,2153.461,0.0004641532285845,1
/Users/loganfecko/Desktop/Summer_Research/traceXplainer/dvc-data/systems/dronology/corpus/req/RE-8.txt,/Users/loganfecko/Desktop/Summer_Research/traceXplainer/dvc-data/systems/dronology/corpus/src/MissionPlanningService.java,64.89079284667969,0.0151766272159888,0.7264220209625654,0.2735779790374346,1161.709,0.0008600604394035,1
/Users/loganfecko/Desktop/Summer_Research/traceXplainer/dvc-data/systems/dronology/corpus/req/RE-8.txt,/Users/loganfecko/Desktop/Summer_Research/traceXplainer/dvc-data/systems/dronology/corpus/src/DroneFlightStateManager.java,104.32331085205078,0.0094945742961376,0.7224538132193712,0.2775461867806288,1893.3577,0.0005278834181843,1
/Users/loganfecko/Desktop/Summer_Research/traceXplainer/dvc-data/systems/dronology/corpus/req/RE-8.txt,/Users/loganfecko/Desktop/Summer_Research/traceXplainer/dvc-data/systems/dronology/corpus/src/IMissionPlanningServiceInstance.java,53.02155303955078,0.018511130164434,0.6924506559847047,0.3075493440152953,939.127,0.0010636860604344,1
/Users/loganfecko/Desktop/Summer_Research/traceXplainer/dvc-data/systems/dronology/corpus/req/RE-8.txt,/Users/loganfecko/Desktop/Summer_Research/traceXplainer/dvc-data/systems/dronology/corpus/src/MissionPlanningServiceInstance.java,97.38109588623048,0.0101645543891523,0.8146090287248269,0.1853909712751731,1765.3063,0.0005661532286249,1
/Users/loganfecko/Desktop/Summer_Research/traceXplainer/dvc-data/systems/dronology/corpus/req/RE-8.txt,/Users/loganfecko/Desktop/Summer_Research/traceXplainer/dvc-data/systems/dronology/corpus/src/UAVModeChangeMessage.java,47.215938568115234,0.0207400297432204,0.7678023359526515,0.2321976640473485,847.41394,0.0011786699302625,1
/Users/loganfecko/Desktop/Summer_Research/traceXplainer/dvc-data/systems/dronology/corpus/req/RE-8.txt,/Users/loganfecko/Desktop/Summer_Research/traceXplainer/dvc-data/systems/dronology/corpus/src/PhysicalDrone.java,94.21875762939452,0.010502132404333,0.8266397801679253,0.1733602198320747,1683.7507,0.0005935596173105,1
/Users/loganfecko/Desktop/Summer_Research/traceXplainer/dvc-data/systems/dronology/corpus/req/RE-597.txt,/Users/loganfecko/Desktop/Summer_Research/traceXplainer/dvc-data/systems/dronology/corpus/src/DroneVoltageSimulator.java,50.34182357788086,0.0194772980449962,0.5982349222980908,0.4017650777019091,912.24786,0.0010949929801887,1
/Users/loganfecko/Desktop/Summer_Research/traceXplainer/dvc-data/systems/dronology/corpus/req/RE-634.txt,/Users/loganfecko/Desktop/Summer_Research/traceXplainer/dvc-data/systems/dronology/corpus/src/FlightRouteplanningServiceInstance.java,99.2880630493164,0.0099712764370396,0.7269013274013982,0.2730986725986017,1810.9421,0.0005518940029359,1
/Users/loganfecko/Desktop/Summer_Research/traceXplainer/dvc-data/systems/dronology/corpus/req/RE-634.txt,/Users/loganfecko/Desktop/Summer_Research/traceXplainer/dvc-data/systems/dronology/corpus/src/FlightRouteplanningServiceRemoteFacade.java,74.44849395751953,0.0132540750324723,0.7291611102931306,0.2708388897068694,1341.5533,0.0007448493603087,1
/Users/loganfecko/Desktop/Summer_Research/traceXplainer/dvc-data/systems/dronology/corpus/req/RE-634.txt,/Users/loganfecko/Desktop/Summer_Research/traceXplainer/dvc-data/systems/dronology/corpus/src/IFlightRouteplanningServiceInstance.java,43.89535140991211,0.0222740209976219,0.63009809134475,0.3699019086552499,781.76276,0.0012775262899144,1
/Users/loganfecko/Desktop/Summer_Research/traceXplainer/dvc-data/systems/dronology/corpus/req/RE-634.txt,/Users/loganfecko/Desktop/Summer_Research/traceXplainer/dvc-data/systems/dronology/corpus/src/AbstractFileTransmitServerService.java,61.74296569824219,0.0159380416413439,0.8730715305712949,0.126928469428705,1106.5146,0.0009029225946679,1
/Users/loganfecko/Desktop/Summer_Research/traceXplainer/dvc-data/systems/dronology/corpus/req/RE-634.txt,/Users/loganfecko/Desktop/Summer_Research/traceXplainer/dvc-data/systems/dronology/corpus/src/FlightRouteplanningService.java,61.89091491699219,0.0159005478187091,0.6812916750518251,0.3187083249481749,1104.728,0.0009043815253577,1
/Users/loganfecko/Desktop/Summer_Research/traceXplainer/dvc-data/systems/dronology/corpus/req/RE-595.txt,/Users/loganfecko/Desktop/Summer_Research/traceXplainer/dvc-data/systems/dronology/corpus/src/SimpleSimulator.java,54.156742095947266,0.0181301498602013,0.6335273032681437,0.3664726967318563,981.97784,0.0010173169271937,1
/Users/loganfecko/Desktop/Summer_Research/traceXplainer/dvc-data/systems/dronology/corpus/req/RE-595.txt,/Users/loganfecko/Desktop/Summer_Research/traceXplainer/dvc-data/systems/dronology/corpus/src/FlightSimulator.java,80.84138488769531,0.0122187570673715,0.7387195600926957,0.2612804399073043,1459.6628,0.0006846206882142,1
/Users/loganfecko/Desktop/Summer_Research/traceXplainer/dvc-data/systems/dronology/corpus/req/RE-595.txt,/Users/loganfecko/Desktop/Summer_Research/traceXplainer/dvc-data/systems/dronology/corpus/src/NVECSimulator.java,61.55577087402344,0.0159857353850506,0.6826241815309759,0.3173758184690241,1112.773,0.0008978490640318,1
/Users/loganfecko/Desktop/Summer_Research/traceXplainer/dvc-data/systems/dronology/corpus/req/RE-595.txt,/Users/loganfecko/Desktop/Summer_Research/traceXplainer/dvc-data/systems/dronology/corpus/src/NvecInterpolator.java,55.3953971862793,0.0177319435608708,0.7293826384113944,0.2706173615886056,988.9441,0.0010101580566887,1
/Users/loganfecko/Desktop/Summer_Research/traceXplainer/dvc-data/systems/dronology/corpus/req/RE-594.txt,/Users/loganfecko/Desktop/Summer_Research/traceXplainer/dvc-data/systems/dronology/corpus/src/VirtualDrone.java,78.38115692138672,0.0125974480441287,0.6737247628795164,0.3262752371204835,1410.5234,0.0007084544070845,1
/Users/loganfecko/Desktop/Summer_Research/traceXplainer/dvc-data/systems/dronology/corpus/req/RE-77.txt,/Users/loganfecko/Desktop/Summer_Research/traceXplainer/dvc-data/systems/dronology/corpus/src/VirtualDrone.java,80.93488311767578,0.0122048138954905,0.790245423738862,0.209754576261138,1444.5483,0.0006917790103844,1
/Users/loganfecko/Desktop/Summer_Research/traceXplainer/dvc-data/systems/dronology/corpus/req/RE-77.txt,/Users/loganfecko/Desktop/Summer_Research/traceXplainer/dvc-data/systems/dronology/corpus/src/CommandIds.java,39.630638122558594,0.0246119688542324,0.7130642186481158,0.2869357813518842,691.88513,0.0014432406672521,1
/Users/loganfecko/Desktop/Summer_Research/traceXplainer/dvc-data/systems/dronology/corpus/req/RE-77.txt,/Users/loganfecko/Desktop/Summer_Research/traceXplainer/dvc-data/systems/dronology/corpus/src/GoToCommand.java,40.20380783081055,0.0242696015889152,0.7067807311207077,0.2932192688792923,708.46277,0.0014095172351851,1
/Users/loganfecko/Desktop/Summer_Research/traceXplainer/dvc-data/systems/dronology/corpus/req/RE-77.txt,/Users/loganfecko/Desktop/Summer_Research/traceXplainer/dvc-data/systems/dronology/corpus/src/DroneFleetManager.java,86.41993713378906,0.0114390381963965,0.7881942720873317,0.2118057279126682,1548.6663,0.0006453002339685,1
/Users/loganfecko/Desktop/Summer_Research/traceXplainer/dvc-data/systems/dronology/corpus/req/RE-77.txt,/Users/loganfecko/Desktop/Summer_Research/traceXplainer/dvc-data/systems/dronology/corpus/src/SetMonitoringFrequencyCommand.java,40.932823181152344,0.0238476669142914,0.759915728580782,0.2400842714192179,728.2654,0.0013712429332948,1
/Users/loganfecko/Desktop/Summer_Research/traceXplainer/dvc-data/systems/dronology/corpus/req/RE-77.txt,/Users/loganfecko/Desktop/Summer_Research/traceXplainer/dvc-data/systems/dronology/corpus/src/LlaCoordinate.java,72.66419982910156,0.0135751152163461,0.7435694689758968,0.2564305310241032,1296.0175,0.0007709996464055,1
/Users/loganfecko/Desktop/Summer_Research/traceXplainer/dvc-data/systems/dronology/corpus/req/RE-77.txt,/Users/loganfecko/Desktop/Summer_Research/traceXplainer/dvc-data/systems/dronology/corpus/src/FlightZoneManager2.java,127.2423324584961,0.0077977371498887,0.7648242620573916,0.2351757379426083,2298.7966,0.0004348210561671,1
/Users/loganfecko/Desktop/Summer_Research/traceXplainer/dvc-data/systems/dronology/corpus/req/RE-77.txt,/Users/loganfecko/Desktop/Summer_Research/traceXplainer/dvc-data/systems/dronology/corpus/src/SetGimbalRotationCommand.java,36.03474426269531,0.0270016715359713,0.6846918179212671,0.3153081820787329,646.46045,0.0015444958857435,1
/Users/loganfecko/Desktop/Summer_Research/traceXplainer/dvc-data/systems/dronology/corpus/req/RE-77.txt,/Users/loganfecko/Desktop/Summer_Research/traceXplainer/dvc-data/systems/dronology/corpus/src/TakeoffCommand.java,38.61612701416016,0.0252422454028018,0.6940657805376931,0.3059342194623069,691.05493,0.0014449720019035,1
/Users/loganfecko/Desktop/Summer_Research/traceXplainer/dvc-data/systems/dronology/corpus/req/RE-77.txt,/Users/loganfecko/Desktop/Summer_Research/traceXplainer/dvc-data/systems/dronology/corpus/src/ManagedHashTableList.java,45.378273010253906,0.0215618205485768,0.7240063155729015,0.2759936844270985,801.1856,0.0012465942920681,1
/Users/loganfecko/Desktop/Summer_Research/traceXplainer/dvc-data/systems/dronology/corpus/req/RE-77.txt,/Users/loganfecko/Desktop/Summer_Research/traceXplainer/dvc-data/systems/dronology/corpus/src/RemoteRMIRemoteObject.java,77.52818298339844,0.0127342816554332,0.7815413525998512,0.2184586474001487,1405.8058,0.0007108301727624,1
/Users/loganfecko/Desktop/Summer_Research/traceXplainer/dvc-data/systems/dronology/corpus/req/RE-77.txt,/Users/loganfecko/Desktop/Summer_Research/traceXplainer/dvc-data/systems/dronology/corpus/src/SetStateFrequencyCommand.java,40.30233383178711,0.0242117068752754,0.7714793397285953,0.2285206602714047,718.39575,0.0013900554698648,1
/Users/loganfecko/Desktop/Summer_Research/traceXplainer/dvc-data/systems/dronology/corpus/req/RE-77.txt,/Users/loganfecko/Desktop/Summer_Research/traceXplainer/dvc-data/systems/dronology/corpus/src/IUAVPropertyUpdateNotifier.java,41.83789825439453,0.0233438156573756,0.7490406543771373,0.2509593456228627,744.52045,0.001341344834099,1
/Users/loganfecko/Desktop/Summer_Research/traceXplainer/dvc-data/systems/dronology/corpus/req/RE-77.txt,/Users/loganfecko/Desktop/Summer_Research/traceXplainer/dvc-data/systems/dronology/corpus/src/InfoNotification.java,29.448211669921875,0.0328426513465106,0.7979425149850503,0.2020574850149497,518.4265,0.001925200146082,1
/Users/loganfecko/Desktop/Summer_Research/traceXplainer/dvc-data/systems/dronology/corpus/req/RE-77.txt,/Users/loganfecko/Desktop/Summer_Research/traceXplainer/dvc-data/systems/dronology/corpus/src/DronologyPersistenceUtil.java,43.251853942871094,0.0225979232709887,0.6254643447431689,0.3745356552568311,768.97595,0.0012987418596772,1
/Users/loganfecko/Desktop/Summer_Research/traceXplainer/dvc-data/systems/dronology/corpus/req/RE-77.txt,/Users/loganfecko/Desktop/Summer_Research/traceXplainer/dvc-data/systems/dronology/corpus/src/FlightInfo.java,43.94074249267578,0.022251523774067,0.7608825709980822,0.2391174290019178,782.9284,0.0012756266932671,1
/Users/loganfecko/Desktop/Summer_Research/traceXplainer/dvc-data/systems/dronology/corpus/req/RE-77.txt,/Users/loganfecko/Desktop/Summer_Research/traceXplainer/dvc-data/systems/dronology/corpus/src/RuntimeDroneTypes.java,76.61054992675781,0.0128848462089717,0.776831557190731,0.2231684428092689,1382.6805,0.0007227101701959,1
/Users/loganfecko/Desktop/Summer_Research/traceXplainer/dvc-data/systems/dronology/corpus/req/RE-77.txt,/Users/loganfecko/Desktop/Summer_Research/traceXplainer/dvc-data/systems/dronology/corpus/src/FlightRouteInfo.java,50.90204620361328,0.0192670631149486,0.6639680488816524,0.3360319511183476,908.23486,0.0010998258430073,1
/Users/loganfecko/Desktop/Summer_Research/traceXplainer/dvc-data/systems/dronology/corpus/req/RE-77.txt,/Users/loganfecko/Desktop/Summer_Research/traceXplainer/dvc-data/systems/dronology/corpus/src/PlanPool.java,72.88166809082031,0.013535157310887,0.746977372973513,0.253022627026487,1285.5945,0.0007772456773773,1
/Users/loganfecko/Desktop/Summer_Research/traceXplainer/dvc-data/systems/dronology/corpus/req/RE-77.txt,/Users/loganfecko/Desktop/Summer_Research/traceXplainer/dvc-data/systems/dronology/corpus/src/DronologyConstants.java,44.51700592041016,0.0219698106186635,0.6718821912098671,0.3281178087901328,782.3363,0.0012765909038846,1
/Users/loganfecko/Desktop/Summer_Research/traceXplainer/dvc-data/systems/dronology/corpus/req/RE-77.txt,/Users/loganfecko/Desktop/Summer_Research/traceXplainer/dvc-data/systems/dronology/corpus/src/FlightRouteplanningServiceInstance.java,100.47532653808594,0.009854612289665,0.769352834378695,0.230647165621305,1828.886,0.0005464821346638,1
/Users/loganfecko/Desktop/Summer_Research/traceXplainer/dvc-data/systems/dronology/corpus/req/RE-77.txt,/Users/loganfecko/Desktop/Summer_Research/traceXplainer/dvc-data/systems/dronology/corpus/src/IDroneSetupRemoteService.java,57.03125,0.0172320947765212,0.781943856565591,0.218056143434409,1032.0687,0.0009679898105838,1
/Users/loganfecko/Desktop/Summer_Research/traceXplainer/dvc-data/systems/dronology/corpus/req/RE-77.txt,/Users/loganfecko/Desktop/Summer_Research/traceXplainer/dvc-data/systems/dronology/corpus/src/PhysicalDroneFleetFactory.java,68.74334716796875,0.014338285164198,0.7620448617985401,0.2379551382014598,1233.7014,0.0008099124104246,1
/Users/loganfecko/Desktop/Summer_Research/traceXplainer/dvc-data/systems/dronology/corpus/req/RE-77.txt,/Users/loganfecko/Desktop/Summer_Research/traceXplainer/dvc-data/systems/dronology/corpus/src/IStartstrategy.java,23.8624324798584,0.0402213259225589,0.7408533453568865,0.2591466546431135,430.06268,0.002319848224383,1
/Users/loganfecko/Desktop/Summer_Research/traceXplainer/dvc-data/systems/dronology/corpus/req/RE-77.txt,/Users/loganfecko/Desktop/Summer_Research/traceXplainer/dvc-data/systems/dronology/corpus/src/IPlanStatusChangeListener.java,28.716129302978516,0.0336517582691958,0.7143205334534201,0.2856794665465799,514.42773,0.001940136188466,1
/Users/loganfecko/Desktop/Summer_Research/traceXplainer/dvc-data/systems/dronology/corpus/req/RE-77.txt,/Users/loganfecko/Desktop/Summer_Research/traceXplainer/dvc-data/systems/dronology/corpus/src/FlightManagerService.java,66.70572662353516,0.0147697993931932,0.7158292318094137,0.2841707681905863,1192.6611,0.0008377587009504,1
/Users/loganfecko/Desktop/Summer_Research/traceXplainer/dvc-data/systems/dronology/corpus/req/RE-77.txt,/Users/loganfecko/Desktop/Summer_Research/traceXplainer/dvc-data/systems/dronology/corpus/src/FlightPlanInfo.java,46.81789779663086,0.0209126717417188,0.7116251814768826,0.2883748185231174,837.73175,0.0011922763141109,1
/Users/loganfecko/Desktop/Summer_Research/traceXplainer/dvc-data/systems/dronology/corpus/req/RE-77.txt,/Users/loganfecko/Desktop/Summer_Research/traceXplainer/dvc-data/systems/dronology/corpus/src/IFlightRoute.java,37.1112060546875,0.0262390016879826,0.6428578577422457,0.3571421422577543,655.0033,0.0015243825850454,1
/Users/loganfecko/Desktop/Summer_Research/traceXplainer/dvc-data/systems/dronology/corpus/req/RE-77.txt,/Users/loganfecko/Desktop/Summer_Research/traceXplainer/dvc-data/systems/dronology/corpus/src/IMissionPlan.java,30.64552116394043,0.0316000483866097,0.6875562536286952,0.3124437463713048,552.7845,0.001805756620731,1
/Users/loganfecko/Desktop/Summer_Research/traceXplainer/dvc-data/systems/dronology/corpus/req/RE-77.txt,/Users/loganfecko/Desktop/Summer_Research/traceXplainer/dvc-data/systems/dronology/corpus/src/AbstractDrone.java,73.37040710449219,0.0134462084978905,0.7446405561582243,0.2553594438417756,1304.1122,0.0007662176580059,1
/Users/loganfecko/Desktop/Summer_Research/traceXplainer/dvc-data/systems/dronology/corpus/req/RE-77.txt,/Users/loganfecko/Desktop/Summer_Research/traceXplainer/dvc-data/systems/dronology/corpus/src/FlightManagerServiceRemoteFacade.java,74.95980072021484,0.0131648581291482,0.7195377535051852,0.2804622464948147,1327.0457,0.000752986161857,1
/Users/loganfecko/Desktop/Summer_Research/traceXplainer/dvc-data/systems/dronology/corpus/req/RE-77.txt,/Users/loganfecko/Desktop/Summer_Research/traceXplainer/dvc-data/systems/dronology/corpus/src/FlightRoute.java,61.124263763427734,0.0160967702379226,0.6717652206590472,0.3282347793409528,1098.0781,0.0009098534282992,1
/Users/loganfecko/Desktop/Summer_Research/traceXplainer/dvc-data/systems/dronology/corpus/req/RE-77.txt,/Users/loganfecko/Desktop/Summer_Research/traceXplainer/dvc-data/systems/dronology/corpus/src/RemoteInfoFactory.java,59.144920349121094,0.0166265080109065,0.7394076136248685,0.2605923863751315,1045.6652,0.0009554153870161,1
/Users/loganfecko/Desktop/Summer_Research/traceXplainer/dvc-data/systems/dronology/corpus/req/RE-77.txt,/Users/loganfecko/Desktop/Summer_Research/traceXplainer/dvc-data/systems/dronology/corpus/src/IDrone.java,68.36414337158203,0.0144166705071671,0.7642731799077588,0.2357268200922412,1216.0259,0.0008216752144159,1
/Users/loganfecko/Desktop/Summer_Research/traceXplainer/dvc-data/systems/dronology/corpus/req/RE-77.txt,/Users/loganfecko/Desktop/Summer_Research/traceXplainer/dvc-data/systems/dronology/corpus/src/SetVelocityCommand.java,37.1397705078125,0.0262193502133202,0.6924198189424897,0.3075801810575103,663.20715,0.0015055543966985,1
/Users/loganfecko/Desktop/Summer_Research/traceXplainer/dvc-data/systems/dronology/corpus/req/RE-77.txt,/Users/loganfecko/Desktop/Summer_Research/traceXplainer/dvc-data/systems/dronology/corpus/src/WorkspaceInitializer.java,86.05631256103516,0.0114868177916322,0.7793581990862355,0.2206418009137645,1541.7156,0.0006482076252068,1
/Users/loganfecko/Desktop/Summer_Research/traceXplainer/dvc-data/systems/dronology/corpus/req/RE-77.txt,/Users/loganfecko/Desktop/Summer_Research/traceXplainer/dvc-data/systems/dronology/corpus/src/SoloDirector.java,73.47899627685547,0.0134266041433046,0.7364239019955869,0.263576098004413,1309.8384,0.0007628705537553,1
/Users/loganfecko/Desktop/Summer_Research/traceXplainer/dvc-data/systems/dronology/corpus/req/RE-77.txt,/Users/loganfecko/Desktop/Summer_Research/traceXplainer/dvc-data/systems/dronology/corpus/src/RemoteManager.java,89.69163513183594,0.0110263752389768,0.7598957697633857,0.2401042302366143,1613.0693,0.0006195520711129,1
/Users/loganfecko/Desktop/Summer_Research/traceXplainer/dvc-data/systems/dronology/corpus/req/RE-77.txt,/Users/loganfecko/Desktop/Summer_Research/traceXplainer/dvc-data/systems/dronology/corpus/src/IStopStrategy.java,24.166488647460938,0.0397353804103653,0.7312730568604195,0.2687269431395804,434.07773,0.0022984398764167,1
/Users/loganfecko/Desktop/Summer_Research/traceXplainer/dvc-data/systems/dronology/corpus/req/RE-77.txt,/Users/loganfecko/Desktop/Summer_Research/traceXplainer/dvc-data/systems/dronology/corpus/src/FlightManagerServiceInstance.java,74.95243835449219,0.0131661342501304,0.7407538589872102,0.2592461410127897,1337.6838,0.00074700237031,1
/Users/loganfecko/Desktop/Summer_Research/traceXplainer/dvc-data/systems/dronology/corpus/req/RE-77.txt,/Users/loganfecko/Desktop/Summer_Research/traceXplainer/dvc-data/systems/dronology/corpus/src/FlyingFieldDemoScript.java,88.18378448486328,0.01121280068766,0.8244608635924151,0.1755391364075849,1584.0422,0.0006308980146274,1
/Users/loganfecko/Desktop/Summer_Research/traceXplainer/dvc-data/systems/dronology/corpus/req/RE-77.txt,/Users/loganfecko/Desktop/Summer_Research/traceXplainer/dvc-data/systems/dronology/corpus/src/LandingStrategy.java,26.533411026000977,0.0363195101055825,0.6651854587165127,0.3348145412834873,469.6594,0.0021246787256622,1
/Users/loganfecko/Desktop/Summer_Research/traceXplainer/dvc-data/systems/dronology/corpus/req/RE-77.txt,/Users/loganfecko/Desktop/Summer_Research/traceXplainer/dvc-data/systems/dronology/corpus/src/DroneSetupServiceRemoteFacade.java,69.7574462890625,0.0141327881720708,0.7731610882669094,0.2268389117330905,1271.4507,0.0007858850742849,1
/Users/loganfecko/Desktop/Summer_Research/traceXplainer/dvc-data/systems/dronology/corpus/req/RE-77.txt,/Users/loganfecko/Desktop/Summer_Research/traceXplainer/dvc-data/systems/dronology/corpus/src/SetGimbalTargetCommand.java,35.18859100341797,0.0276330183705011,0.688170746285063,0.3118292537149369,630.9425,0.0015824224391828,1
/Users/loganfecko/Desktop/Summer_Research/traceXplainer/dvc-data/systems/dronology/corpus/req/RE-77.txt,/Users/loganfecko/Desktop/Summer_Research/traceXplainer/dvc-data/systems/dronology/corpus/src/Waypoint.java,57.33363723754883,0.0171427678326958,0.6792705574155953,0.3207294425844047,1041.4644,0.0009592654125333,1
/Users/loganfecko/Desktop/Summer_Research/traceXplainer/dvc-data/systems/dronology/corpus/req/RE-77.txt,/Users/loganfecko/Desktop/Summer_Research/traceXplainer/dvc-data/systems/dronology/corpus/src/DroneSetupServiceInstance.java,99.2240753173828,0.0099776425657534,0.8062347700661755,0.1937652299338245,1780.4268,0.0005613478048505,1
/Users/loganfecko/Desktop/Summer_Research/traceXplainer/dvc-data/systems/dronology/corpus/req/RE-77.txt,/Users/loganfecko/Desktop/Summer_Research/traceXplainer/dvc-data/systems/dronology/corpus/src/FlightInfoCreator.java,65.49365234375,0.0150390295126267,0.7339176545809547,0.2660823454190453,1193.2771,0.0008373266140053,1
/Users/loganfecko/Desktop/Summer_Research/traceXplainer/dvc-data/systems/dronology/corpus/req/RE-77.txt,/Users/loganfecko/Desktop/Summer_Research/traceXplainer/dvc-data/systems/dronology/corpus/src/IDroneSetupServiceInstance.java,52.69150161743164,0.0186249214470719,0.7612106595709562,0.2387893404290437,940.99,0.001061582405723,1
/Users/loganfecko/Desktop/Summer_Research/traceXplainer/dvc-data/systems/dronology/corpus/req/RE-77.txt,/Users/loganfecko/Desktop/Summer_Research/traceXplainer/dvc-data/systems/dronology/corpus/src/WatchServiceRunner.java,77.73565673828125,0.0127007259661784,0.7900498432037407,0.2099501567962592,1392.0774,0.0007178352080994,1
/Users/loganfecko/Desktop/Summer_Research/traceXplainer/dvc-data/systems/dronology/corpus/req/RE-77.txt,/Users/loganfecko/Desktop/Summer_Research/traceXplainer/dvc-data/systems/dronology/corpus/src/IFlightManagerServiceInstance.java,52.93429183959961,0.0185410796339738,0.7154528351214314,0.2845471648785685,959.04175,0.0010416213691065,1
/Users/loganfecko/Desktop/Summer_Research/traceXplainer/dvc-data/systems/dronology/corpus/req/RE-77.txt,/Users/loganfecko/Desktop/Summer_Research/traceXplainer/dvc-data/systems/dronology/corpus/src/IRemoteManager.java,59.479251861572266,0.0165345960675711,0.7423935484428845,0.2576064515571155,1061.4153,0.0009412515198247,1
/Users/loganfecko/Desktop/Summer_Research/traceXplainer/dvc-data/systems/dronology/corpus/req/RE-77.txt,/Users/loganfecko/Desktop/Summer_Research/traceXplainer/dvc-data/systems/dronology/corpus/src/DroneSetupService.java,63.78094482421875,0.0154366380841383,0.807580330204196,0.192419669795804,1158.4836,0.0008624528740884,1
/Users/loganfecko/Desktop/Summer_Research/traceXplainer/dvc-data/systems/dronology/corpus/req/RE-77.txt,/Users/loganfecko/Desktop/Summer_Research/traceXplainer/dvc-data/systems/dronology/corpus/src/IManagedDroneStateChangeListener.java,24.887346267700195,0.0386289111930992,0.7035263593674559,0.2964736406325441,441.53687,0.0022596987472905,1
/Users/loganfecko/Desktop/Summer_Research/traceXplainer/dvc-data/systems/dronology/corpus/req/RE-77.txt,/Users/loganfecko/Desktop/Summer_Research/traceXplainer/dvc-data/systems/dronology/corpus/src/ManagedDrone.java,121.0186538696289,0.0081954682197072,0.7991850476687176,0.2008149523312824,2131.0632,0.0004690292411562,1
/Users/loganfecko/Desktop/Summer_Research/traceXplainer/dvc-data/systems/dronology/corpus/req/RE-77.txt,/Users/loganfecko/Desktop/Summer_Research/traceXplainer/dvc-data/systems/dronology/corpus/src/FlightPlan.java,82.28121948242188,0.0120075090904627,0.7167208202377555,0.2832791797622445,1471.8911,0.0006789368141221,1
/Users/loganfecko/Desktop/Summer_Research/traceXplainer/dvc-data/systems/dronology/corpus/req/RE-77.txt,/Users/loganfecko/Desktop/Summer_Research/traceXplainer/dvc-data/systems/dronology/corpus/src/NvecInterpolator.java,54.44742584228515,0.0180351023480224,0.7182237875293815,0.2817762124706184,971.5357,0.0010282398828921,1
/Users/loganfecko/Desktop/Summer_Research/traceXplainer/dvc-data/systems/dronology/corpus/req/RE-77.txt,/Users/loganfecko/Desktop/Summer_Research/traceXplainer/dvc-data/systems/dronology/corpus/src/DroneInitializationInfo.java,51.296730041503906,0.0191216544362597,0.7737467165851994,0.2262532834148005,901.01666,0.0011086269705042,1
/Users/loganfecko/Desktop/Summer_Research/traceXplainer/dvc-data/systems/dronology/corpus/req/RE-77.txt,/Users/loganfecko/Desktop/Summer_Research/traceXplainer/dvc-data/systems/dronology/corpus/src/PlanPoolManager.java,88.19169616699219,0.0112118060646331,0.7788743545250862,0.2211256454749137,1549.7034,0.0006448686576041,1
/Users/loganfecko/Desktop/Summer_Research/traceXplainer/dvc-data/systems/dronology/corpus/req/RE-77.txt,/Users/loganfecko/Desktop/Summer_Research/traceXplainer/dvc-data/systems/dronology/corpus/src/FileManager.java,65.88798522949219,0.0149503680903081,0.8239170360245744,0.1760829639754255,1183.723,0.0008440791484939,1
/Users/loganfecko/Desktop/Summer_Research/traceXplainer/dvc-data/systems/dronology/corpus/req/RE-77.txt,/Users/loganfecko/Desktop/Summer_Research/traceXplainer/dvc-data/systems/dronology/corpus/src/DroneFlightStateManager.java,105.93280792236328,0.0093516668965247,0.7823572545286757,0.2176427454713243,1934.095,0.0005167705022956,1
/Users/loganfecko/Desktop/Summer_Research/traceXplainer/dvc-data/systems/dronology/corpus/req/RE-77.txt,/Users/loganfecko/Desktop/Summer_Research/traceXplainer/dvc-data/systems/dronology/corpus/src/IDroneCommand.java,42.61806106567383,0.0229262827271102,0.7465370728501342,0.2534629271498658,757.33887,0.0013186716958195,1
/Users/loganfecko/Desktop/Summer_Research/traceXplainer/dvc-data/systems/dronology/corpus/req/RE-77.txt,/Users/loganfecko/Desktop/Summer_Research/traceXplainer/dvc-data/systems/dronology/corpus/src/AbstractPosition.java,68.63528442382812,0.0143605358730726,0.7549285460780557,0.2450714539219443,1220.8674,0.0008184193915843,1
/Users/loganfecko/Desktop/Summer_Research/traceXplainer/dvc-data/systems/dronology/corpus/req/RE-77.txt,/Users/loganfecko/Desktop/Summer_Research/traceXplainer/dvc-data/systems/dronology/corpus/src/IFlightPlan.java,51.7457389831543,0.0189588774236223,0.703699995702465,0.296300004297535,935.9367,0.00106730795476,1
/Users/loganfecko/Desktop/Summer_Research/traceXplainer/dvc-data/systems/dronology/corpus/req/RE-77.txt,/Users/loganfecko/Desktop/Summer_Research/traceXplainer/dvc-data/systems/dronology/corpus/src/IFlightManagerRemoteService.java,55.79132080078125,0.0176083244041445,0.7031821994354746,0.2968178005645254,995.72217,0.0010032886115475,1
/Users/loganfecko/Desktop/Summer_Research/traceXplainer/dvc-data/systems/dronology/corpus/req/RE-77.txt,/Users/loganfecko/Desktop/Summer_Research/traceXplainer/dvc-data/systems/dronology/corpus/src/DronologyServiceRunner.java,78.72584533691406,0.0125429839693024,0.7596019146264549,0.2403980853735451,1412.7986,0.0007073143312831,1
/Users/loganfecko/Desktop/Summer_Research/traceXplainer/dvc-data/systems/dronology/corpus/req/RE-77.txt,/Users/loganfecko/Desktop/Summer_Research/traceXplainer/dvc-data/systems/dronology/corpus/src/FlightPlanFactory.java,38.21402359008789,0.0255010812063868,0.7042881920714392,0.2957118079285608,668.4182,0.001493834468115,1
/Users/loganfecko/Desktop/Summer_Research/traceXplainer/dvc-data/systems/dronology/corpus/req/RE-77.txt,/Users/loganfecko/Desktop/Summer_Research/traceXplainer/dvc-data/systems/dronology/corpus/src/DroneSimulatorServiceInstance.java,92.28341674804688,0.0107200190008149,0.7626618019910498,0.2373381980089501,1677.9812,0.0005955992832451,1
/Users/loganfecko/Desktop/Summer_Research/traceXplainer/dvc-data/systems/dronology/corpus/req/RE-77.txt,/Users/loganfecko/Desktop/Summer_Research/traceXplainer/dvc-data/systems/dronology/corpus/src/IDroneCommandHandler.java,44.224609375,0.0221118548909522,0.7770639564932313,0.2229360435067686,793.42664,0.001258769476008,1
/Users/loganfecko/Desktop/Summer_Research/traceXplainer/dvc-data/systems/dronology/corpus/req/RE-77.txt,/Users/loganfecko/Desktop/Summer_Research/traceXplainer/dvc-data/systems/dronology/corpus/src/SimulatorFactory.java,37.97274017333984,0.0256589604824366,0.7546852089613082,0.2453147910386918,674.14307,0.0014811675476768,1
/Users/loganfecko/Desktop/Summer_Research/traceXplainer/dvc-data/systems/dronology/corpus/req/RE-77.txt,/Users/loganfecko/Desktop/Summer_Research/traceXplainer/dvc-data/systems/dronology/corpus/src/AbstractDroneCommand.java,56.73832321166992,0.0173195192443323,0.822819702671097,0.1771802973289029,1027.5436,0.0009722485467008,1
/Users/loganfecko/Desktop/Summer_Research/traceXplainer/dvc-data/systems/dronology/corpus/req/RE-77.txt,/Users/loganfecko/Desktop/Summer_Research/traceXplainer/dvc-data/systems/dronology/corpus/src/DummyLockObject.java,29.16210174560547,0.0331541882735574,0.7068832259588387,0.2931167740411613,514.9452,0.0019381903708942,1
/Users/loganfecko/Desktop/Summer_Research/traceXplainer/dvc-data/systems/dronology/corpus/req/RE-77.txt,/Users/loganfecko/Desktop/Summer_Research/traceXplainer/dvc-data/systems/dronology/corpus/src/DroneException.java,31.951047897338867,0.0303480485086715,0.812463266551243,0.187536733448757,564.673,0.0017678058641866,1
/Users/loganfecko/Desktop/Summer_Research/traceXplainer/dvc-data/systems/dronology/corpus/req/RE-77.txt,/Users/loganfecko/Desktop/Summer_Research/traceXplainer/dvc-data/systems/dronology/corpus/src/SetGroundSpeedCommand.java,38.00275421142578,0.025639214979004,0.7282242324431234,0.2717757675568766,687.2122,0.0014530401699446,1
/Users/loganfecko/Desktop/Summer_Research/traceXplainer/dvc-data/systems/dronology/corpus/req/RE-77.txt,/Users/loganfecko/Desktop/Summer_Research/traceXplainer/dvc-data/systems/dronology/corpus/src/PhysicalDrone.java,92.8253173828125,0.0106581041012623,0.7713679349732757,0.2286320650267242,1654.396,0.0006040850662679,1
/Users/loganfecko/Desktop/Summer_Research/traceXplainer/dvc-data/systems/dronology/corpus/req/RE-547.txt,/Users/loganfecko/Desktop/Summer_Research/traceXplainer/dvc-data/systems/dronology/corpus/src/FlightZoneManager2.java,126.50709533691406,0.0078427008109445,0.7392652532818469,0.2607347467181531,2311.7915,0.0004323779287112,1
/Users/loganfecko/Desktop/Summer_Research/traceXplainer/dvc-data/systems/dronology/corpus/req/RE-630.txt,/Users/loganfecko/Desktop/Summer_Research/traceXplainer/dvc-data/systems/dronology/corpus/src/FlightManagerService.java,67.05182647705078,0.0146946827406202,0.7304091426090447,0.2695908573909553,1201.8318,0.0008313714442176,1
/Users/loganfecko/Desktop/Summer_Research/traceXplainer/dvc-data/systems/dronology/corpus/req/RE-630.txt,/Users/loganfecko/Desktop/Summer_Research/traceXplainer/dvc-data/systems/dronology/corpus/src/FlightManagerServiceRemoteFacade.java,75.80530548095703,0.0130199338930816,0.7596540542185661,0.2403459457814338,1340.237,0.0007455803522102,1
/Users/loganfecko/Desktop/Summer_Research/traceXplainer/dvc-data/systems/dronology/corpus/req/RE-630.txt,/Users/loganfecko/Desktop/Summer_Research/traceXplainer/dvc-data/systems/dronology/corpus/src/FlightManagerServiceInstance.java,76.12031555175781,0.0129667519232188,0.7933004793732983,0.2066995206267017,1364.9758,0.0007320773750021,1
/Users/loganfecko/Desktop/Summer_Research/traceXplainer/dvc-data/systems/dronology/corpus/req/RE-630.txt,/Users/loganfecko/Desktop/Summer_Research/traceXplainer/dvc-data/systems/dronology/corpus/src/IFlightManagerServiceInstance.java,53.53838348388672,0.0183357103038348,0.7334344737908873,0.2665655262091126,942.1038,0.0010603286488129,1
/Users/loganfecko/Desktop/Summer_Research/traceXplainer/dvc-data/systems/dronology/corpus/req/RE-630.txt,/Users/loganfecko/Desktop/Summer_Research/traceXplainer/dvc-data/systems/dronology/corpus/src/DroneSetupService.java,63.05732345581055,0.0156110175394674,0.7613313073960204,0.2386686926039796,1144.3641,0.0008730847848243,1
/Users/loganfecko/Desktop/Summer_Research/traceXplainer/dvc-data/systems/dronology/corpus/req/RE-630.txt,/Users/loganfecko/Desktop/Summer_Research/traceXplainer/dvc-data/systems/dronology/corpus/src/IFlightManagerRemoteService.java,56.71058654785156,0.0173278432921633,0.7387816314248342,0.2612183685751658,1004.40607,0.0009946230015189,1
/Users/loganfecko/Desktop/Summer_Research/traceXplainer/dvc-data/systems/dronology/corpus/req/RE-626.txt,/Users/loganfecko/Desktop/Summer_Research/traceXplainer/dvc-data/systems/dronology/corpus/src/IDroneSetupRemoteService.java,56.760250091552734,0.0173129444283041,0.7624791344343951,0.2375208655656049,1028.3864,0.0009714525528082,1
/Users/loganfecko/Desktop/Summer_Research/traceXplainer/dvc-data/systems/dronology/corpus/req/RE-626.txt,/Users/loganfecko/Desktop/Summer_Research/traceXplainer/dvc-data/systems/dronology/corpus/src/DroneSetupServiceRemoteFacade.java,70.06359100341797,0.0140719035708722,0.7854046332452197,0.2145953667547803,1282.9238,0.0007788624045247,1
/Users/loganfecko/Desktop/Summer_Research/traceXplainer/dvc-data/systems/dronology/corpus/req/RE-626.txt,/Users/loganfecko/Desktop/Summer_Research/traceXplainer/dvc-data/systems/dronology/corpus/src/DroneSetupServiceInstance.java,98.84920501708984,0.0100151022717591,0.7880382167710821,0.2119617832289179,1776.5098,0.0005625848135064,1
/Users/loganfecko/Desktop/Summer_Research/traceXplainer/dvc-data/systems/dronology/corpus/req/RE-626.txt,/Users/loganfecko/Desktop/Summer_Research/traceXplainer/dvc-data/systems/dronology/corpus/src/DroneSetupService.java,63.12419891357422,0.0155947367287626,0.7698436357995692,0.2301563642004308,1161.3086,0.0008603567119586,1
/Users/loganfecko/Desktop/Summer_Research/traceXplainer/dvc-data/systems/dronology/corpus/req/RE-424.txt,/Users/loganfecko/Desktop/Summer_Research/traceXplainer/dvc-data/systems/dronology/corpus/src/FlightZoneManager2.java,125.93612670898438,0.007877977892713,0.7257847883465919,0.2742152116534081,2277.4448,0.0004388958597419,1
/Users/loganfecko/Desktop/Summer_Research/traceXplainer/dvc-data/systems/dronology/corpus/req/RE-587.txt,/Users/loganfecko/Desktop/Summer_Research/traceXplainer/dvc-data/systems/dronology/corpus/src/DroneFleetManager.java,87.92388916015625,0.0112455720216976,0.8686994159285069,0.1313005840714931,1576.3646,0.0006339688267188,1
/Users/loganfecko/Desktop/Summer_Research/traceXplainer/dvc-data/systems/dronology/corpus/req/RE-587.txt,/Users/loganfecko/Desktop/Summer_Research/traceXplainer/dvc-data/systems/dronology/corpus/src/PlanPoolManager.java,87.68096923828125,0.011276376528013,0.7513767531775828,0.2486232468224172,1549.2726,0.000645047852204,1
/Users/loganfecko/Desktop/Summer_Research/traceXplainer/dvc-data/systems/dronology/corpus/req/RE-545.txt,/Users/loganfecko/Desktop/Summer_Research/traceXplainer/dvc-data/systems/dronology/corpus/src/FullMissionPlan.java,93.0940399169922,0.0106276656936207,0.709747341482074,0.290252658517926,1679.3579,0.000595111311677,1
/Users/loganfecko/Desktop/Summer_Research/traceXplainer/dvc-data/systems/dronology/corpus/req/RE-545.txt,/Users/loganfecko/Desktop/Summer_Research/traceXplainer/dvc-data/systems/dronology/corpus/src/MissionController.java,75.73258209228516,0.0130322735496808,0.6788285954385413,0.3211714045614586,1379.6359,0.0007243039427615,1
/Users/loganfecko/Desktop/Summer_Research/traceXplainer/dvc-data/systems/dronology/corpus/req/RE-551.txt,/Users/loganfecko/Desktop/Summer_Research/traceXplainer/dvc-data/systems/dronology/corpus/src/FlightZoneManager2.java,126.07640838623048,0.0078692812670676,0.7307496206062571,0.2692503793937428,2298.6538,0.0004348480611573,1
/Users/loganfecko/Desktop/Summer_Research/traceXplainer/dvc-data/systems/dronology/corpus/req/RE-551.txt,/Users/loganfecko/Desktop/Summer_Research/traceXplainer/dvc-data/systems/dronology/corpus/src/PlanPoolManager.java,86.97982025146484,0.0113662428172936,0.7263295168921782,0.2736704831078218,1545.7847,0.0006465023999191,1
