Source,Target,EUC_dist,EUC_sim,COS_dist,COS_sim,MAN_dist,MAN_sim,Linked?
/Users/loganfecko/Desktop/Summer_Research/traceXplainer/dvc-data/systems/dronology/corpus/req/RE-616.txt,/Users/loganfecko/Desktop/Summer_Research/traceXplainer/dvc-data/systems/dronology/corpus/src/GroundstationConnector.java,86.8566665649414,0.0113821755263253,0.7688912792834144,0.2311087207165856,1567.908,0.0006373860201763,1
/Users/loganfecko/Desktop/Summer_Research/traceXplainer/dvc-data/systems/dronology/corpus/req/RE-616.txt,/Users/loganfecko/Desktop/Summer_Research/traceXplainer/dvc-data/systems/dronology/corpus/src/WriteDispatcher.java,62.468727111816406,0.0157557910092988,0.7691757835510613,0.2308242164489387,1101.9283,0.0009066772150532,1
/Users/loganfecko/Desktop/Summer_Research/traceXplainer/dvc-data/systems/dronology/corpus/req/RE-616.txt,/Users/loganfecko/Desktop/Summer_Research/traceXplainer/dvc-data/systems/dronology/corpus/src/ReadDispatcher.java,82.03850555419922,0.0120426059371612,0.7704336435325958,0.2295663564674042,1454.1637,0.0006872079083268,1
/Users/loganfecko/Desktop/Summer_Research/traceXplainer/dvc-data/systems/dronology/corpus/req/RE-616.txt,/Users/loganfecko/Desktop/Summer_Research/traceXplainer/dvc-data/systems/dronology/corpus/src/DispatchQueueManager.java,90.35140228271484,0.0109467394589652,0.8054633719204575,0.1945366280795425,1610.9856,0.0006203529378088,1
/Users/loganfecko/Desktop/Summer_Research/traceXplainer/dvc-data/systems/dronology/corpus/req/RE-616.txt,/Users/loganfecko/Desktop/Summer_Research/traceXplainer/dvc-data/systems/dronology/corpus/src/DroneFlightStateManager.java,107.02427673339844,0.0092571783884096,0.848798447219272,0.151201552780728,1945.6995,0.0005136899758091,1
/Users/loganfecko/Desktop/Summer_Research/traceXplainer/dvc-data/systems/dronology/corpus/req/RE-616.txt,/Users/loganfecko/Desktop/Summer_Research/traceXplainer/dvc-data/systems/dronology/corpus/src/AbstractDroneCommand.java,55.69291687011719,0.0176388878048202,0.8060158006993966,0.1939841993006034,970.7397,0.0010290821866966,1
/Users/loganfecko/Desktop/Summer_Research/traceXplainer/dvc-data/systems/dronology/corpus/req/RE-616.txt,/Users/loganfecko/Desktop/Summer_Research/traceXplainer/dvc-data/systems/dronology/corpus/src/PhysicalDrone.java,86.98291778564453,0.0113658426563703,0.7898628580917844,0.2101371419082156,1538.3105,0.00064964149179,1
/Users/loganfecko/Desktop/Summer_Research/traceXplainer/dvc-data/systems/dronology/corpus/req/RE-574.txt,/Users/loganfecko/Desktop/Summer_Research/traceXplainer/dvc-data/systems/dronology/corpus/src/PhysicalDroneFleetFactory.java,73.05783081054688,0.0135029609840744,0.8018456276158201,0.1981543723841798,1319.3243,0.0007573896572858,1
/Users/loganfecko/Desktop/Summer_Research/traceXplainer/dvc-data/systems/dronology/corpus/req/RE-574.txt,/Users/loganfecko/Desktop/Summer_Research/traceXplainer/dvc-data/systems/dronology/corpus/src/PhysicalDrone.java,87.98798370361328,0.011237472278624,0.8423298910217485,0.1576701089782515,1561.0251,0.0006401945591277,1
/Users/loganfecko/Desktop/Summer_Research/traceXplainer/dvc-data/systems/dronology/corpus/req/RE-549.txt,/Users/loganfecko/Desktop/Summer_Research/traceXplainer/dvc-data/systems/dronology/corpus/src/FlightZoneManager2.java,117.93595123291016,0.0084078866787866,0.7065613948501385,0.2934386051498615,2068.917,0.0004831111603867,1
/Users/loganfecko/Desktop/Summer_Research/traceXplainer/dvc-data/systems/dronology/corpus/req/RE-549.txt,/Users/loganfecko/Desktop/Summer_Research/traceXplainer/dvc-data/systems/dronology/corpus/src/PlanPoolManager.java,85.7359848022461,0.0115292401680796,0.727367142241632,0.272632857758368,1536.2578,0.0006505089724499,1
/Users/loganfecko/Desktop/Summer_Research/traceXplainer/dvc-data/systems/dronology/corpus/req/RE-80.txt,/Users/loganfecko/Desktop/Summer_Research/traceXplainer/dvc-data/systems/dronology/corpus/src/VirtualDrone.java,77.60230255126953,0.0127222736172103,0.8212429863729364,0.1787570136270636,1388.2686,0.0007198032350375,1
/Users/loganfecko/Desktop/Summer_Research/traceXplainer/dvc-data/systems/dronology/corpus/req/RE-80.txt,/Users/loganfecko/Desktop/Summer_Research/traceXplainer/dvc-data/systems/dronology/corpus/src/SoloDirector.java,74.04337310791016,0.0133256270152199,0.7638030540027865,0.2361969459972135,1323.3574,0.0007550831697565,1
/Users/loganfecko/Desktop/Summer_Research/traceXplainer/dvc-data/systems/dronology/corpus/req/RE-80.txt,/Users/loganfecko/Desktop/Summer_Research/traceXplainer/dvc-data/systems/dronology/corpus/src/ManagedDrone.java,102.82908630371094,0.0096312125590212,0.802322401642118,0.197677598357882,1804.523,0.0005538561558758,1
/Users/loganfecko/Desktop/Summer_Research/traceXplainer/dvc-data/systems/dronology/corpus/req/RE-80.txt,/Users/loganfecko/Desktop/Summer_Research/traceXplainer/dvc-data/systems/dronology/corpus/src/PhysicalDrone.java,87.09435272216797,0.0113514654356312,0.7957609432079045,0.2042390567920955,1553.9333,0.0006431143818808,1
/Users/loganfecko/Desktop/Summer_Research/traceXplainer/dvc-data/systems/dronology/corpus/req/RE-589.txt,/Users/loganfecko/Desktop/Summer_Research/traceXplainer/dvc-data/systems/dronology/corpus/src/DronologyConstants.java,51.77480697631836,0.0189484350070428,0.789046862188529,0.2109531378114709,925.93695,0.0010788220269593,1
/Users/loganfecko/Desktop/Summer_Research/traceXplainer/dvc-data/systems/dronology/corpus/req/RE-576.txt,/Users/loganfecko/Desktop/Summer_Research/traceXplainer/dvc-data/systems/dronology/corpus/src/VirtualDrone.java,75.01529693603516,0.0131552469082831,0.7036451946901837,0.2963548053098163,1358.5535,0.000735535618438,1
/Users/loganfecko/Desktop/Summer_Research/traceXplainer/dvc-data/systems/dronology/corpus/req/RE-576.txt,/Users/loganfecko/Desktop/Summer_Research/traceXplainer/dvc-data/systems/dronology/corpus/src/VirtualDroneFleetFactory.java,59.56563949584961,0.0165110119916842,0.6581763705091335,0.3418236294908665,1056.5544,0.000945577796282,1
/Users/loganfecko/Desktop/Summer_Research/traceXplainer/dvc-data/systems/dronology/corpus/req/RE-628.txt,/Users/loganfecko/Desktop/Summer_Research/traceXplainer/dvc-data/systems/dronology/corpus/src/AbstractFileTransmitServerService.java,61.73910140991211,0.0159390233128524,0.8493109112982091,0.1506890887017908,1105.5471,0.000903712081214,1
/Users/loganfecko/Desktop/Summer_Research/traceXplainer/dvc-data/systems/dronology/corpus/req/RE-628.txt,/Users/loganfecko/Desktop/Summer_Research/traceXplainer/dvc-data/systems/dronology/corpus/src/FlightRouteplanningService.java,62.3791389465332,0.0157780622555254,0.7598854865671505,0.2401145134328495,1107.6143,0.0009020270061952,1
/Users/loganfecko/Desktop/Summer_Research/traceXplainer/dvc-data/systems/dronology/corpus/req/RE-759.txt,/Users/loganfecko/Desktop/Summer_Research/traceXplainer/dvc-data/systems/dronology/corpus/src/FullMissionPlan.java,94.5824737548828,0.0104621690642204,0.6773341071520754,0.3226658928479246,1680.6221,0.0005946639364778,1
/Users/loganfecko/Desktop/Summer_Research/traceXplainer/dvc-data/systems/dronology/corpus/req/RE-759.txt,/Users/loganfecko/Desktop/Summer_Research/traceXplainer/dvc-data/systems/dronology/corpus/src/JSONMissionPlanReader.java,56.300086975097656,0.0174519804906159,0.6591183141776149,0.3408816858223851,1014.2326,0.0009849959458495,1
/Users/loganfecko/Desktop/Summer_Research/traceXplainer/dvc-data/systems/dronology/corpus/req/RE-759.txt,/Users/loganfecko/Desktop/Summer_Research/traceXplainer/dvc-data/systems/dronology/corpus/src/ServiceIds.java,44.41777801513672,0.0220178098467679,0.739321811281934,0.260678188718066,779.64075,0.0012809989790475,1
/Users/loganfecko/Desktop/Summer_Research/traceXplainer/dvc-data/systems/dronology/corpus/req/RE-759.txt,/Users/loganfecko/Desktop/Summer_Research/traceXplainer/dvc-data/systems/dronology/corpus/src/TaskList.java,42.19328308105469,0.0231517478799525,0.7552156686037373,0.2447843313962626,745.49445,0.0013395946957479,1
/Users/loganfecko/Desktop/Summer_Research/traceXplainer/dvc-data/systems/dronology/corpus/req/RE-759.txt,/Users/loganfecko/Desktop/Summer_Research/traceXplainer/dvc-data/systems/dronology/corpus/src/IMissionTask.java,36.887413024902344,0.0263939899866672,0.7259952843027677,0.2740047156972323,665.53265,0.0015003015895559,1
/Users/loganfecko/Desktop/Summer_Research/traceXplainer/dvc-data/systems/dronology/corpus/req/RE-759.txt,/Users/loganfecko/Desktop/Summer_Research/traceXplainer/dvc-data/systems/dronology/corpus/src/CommandIds.java,40.79256820678711,0.0239276991797216,0.7844005283181005,0.2155994716818995,732.1117,0.0013640486268682,1
/Users/loganfecko/Desktop/Summer_Research/traceXplainer/dvc-data/systems/dronology/corpus/req/RE-759.txt,/Users/loganfecko/Desktop/Summer_Research/traceXplainer/dvc-data/systems/dronology/corpus/src/RouteTask.java,29.717437744140625,0.0325547986238126,0.6307383819958332,0.3692616180041668,525.374,0.0018997897986482,1
/Users/loganfecko/Desktop/Summer_Research/traceXplainer/dvc-data/systems/dronology/corpus/req/RE-759.txt,/Users/loganfecko/Desktop/Summer_Research/traceXplainer/dvc-data/systems/dronology/corpus/src/TaskFactory.java,60.74871063232422,0.0161946701357764,0.7090411551169832,0.2909588448830168,1090.1309,0.0009164803574273,1
/Users/loganfecko/Desktop/Summer_Research/traceXplainer/dvc-data/systems/dronology/corpus/req/RE-759.txt,/Users/loganfecko/Desktop/Summer_Research/traceXplainer/dvc-data/systems/dronology/corpus/src/FlightZoneManager2.java,119.76305389404295,0.0082806783014728,0.7681099639641193,0.2318900360358806,2106.3281,0.0004745345483394,1
/Users/loganfecko/Desktop/Summer_Research/traceXplainer/dvc-data/systems/dronology/corpus/req/RE-759.txt,/Users/loganfecko/Desktop/Summer_Research/traceXplainer/dvc-data/systems/dronology/corpus/src/EmergencyStopCommand.java,36.77983093261719,0.0264691496842208,0.8210544576114875,0.1789455423885124,637.6269,0.0015658595220248,1
/Users/loganfecko/Desktop/Summer_Research/traceXplainer/dvc-data/systems/dronology/corpus/req/RE-759.txt,/Users/loganfecko/Desktop/Summer_Research/traceXplainer/dvc-data/systems/dronology/corpus/src/CoordinatedTakeoffPattern.java,70.06390380859375,0.0140718416299425,0.6544105112844435,0.3455894887155565,1262.4086,0.000791509591015,1
/Users/loganfecko/Desktop/Summer_Research/traceXplainer/dvc-data/systems/dronology/corpus/req/RE-759.txt,/Users/loganfecko/Desktop/Summer_Research/traceXplainer/dvc-data/systems/dronology/corpus/src/WriteDispatcher.java,63.85057830810547,0.0154200629522375,0.8272039440425125,0.1727960559574874,1129.6543,0.0008844436383109,1
/Users/loganfecko/Desktop/Summer_Research/traceXplainer/dvc-data/systems/dronology/corpus/req/RE-759.txt,/Users/loganfecko/Desktop/Summer_Research/traceXplainer/dvc-data/systems/dronology/corpus/src/DelayTask.java,47.60784530639648,0.020572810699519,0.7168875243640761,0.2831124756359239,854.65845,0.0011686906185472,1
/Users/loganfecko/Desktop/Summer_Research/traceXplainer/dvc-data/systems/dronology/corpus/req/RE-759.txt,/Users/loganfecko/Desktop/Summer_Research/traceXplainer/dvc-data/systems/dronology/corpus/src/SynchronizationPoint.java,59.204345703125,0.016610096635401,0.7757772877865288,0.2242227122134712,1050.5845,0.0009509459544168,1
/Users/loganfecko/Desktop/Summer_Research/traceXplainer/dvc-data/systems/dronology/corpus/req/RE-759.txt,/Users/loganfecko/Desktop/Summer_Research/traceXplainer/dvc-data/systems/dronology/corpus/src/WaypointTask.java,37.6844367980957,0.0258501889330653,0.7120720783625827,0.2879279216374173,676.5102,0.0014759925540932,1
/Users/loganfecko/Desktop/Summer_Research/traceXplainer/dvc-data/systems/dronology/corpus/req/RE-759.txt,/Users/loganfecko/Desktop/Summer_Research/traceXplainer/dvc-data/systems/dronology/corpus/src/LandTask.java,38.18610763549805,0.0255192480279443,0.7028779828452496,0.2971220171547504,685.8407,0.0014559416798673,1
/Users/loganfecko/Desktop/Summer_Research/traceXplainer/dvc-data/systems/dronology/corpus/req/RE-759.txt,/Users/loganfecko/Desktop/Summer_Research/traceXplainer/dvc-data/systems/dronology/corpus/src/UAVProxy.java,78.20582580566406,0.0126253339300262,0.8319359919251206,0.1680640080748794,1441.5613,0.000693211452679,1
/Users/loganfecko/Desktop/Summer_Research/traceXplainer/dvc-data/systems/dronology/corpus/req/RE-759.txt,/Users/loganfecko/Desktop/Summer_Research/traceXplainer/dvc-data/systems/dronology/corpus/src/MissionPlanningServiceRemoteFacade.java,76.92991638183594,0.0128320425124064,0.6656194294926883,0.3343805705073117,1367.3779,0.0007307922601677,1
/Users/loganfecko/Desktop/Summer_Research/traceXplainer/dvc-data/systems/dronology/corpus/req/RE-759.txt,/Users/loganfecko/Desktop/Summer_Research/traceXplainer/dvc-data/systems/dronology/corpus/src/MissionHandler.java,71.42466735839844,0.0138074503684142,0.7153551211373732,0.2846448788626268,1286.4708,0.000776716629558,1
/Users/loganfecko/Desktop/Summer_Research/traceXplainer/dvc-data/systems/dronology/corpus/req/RE-759.txt,/Users/loganfecko/Desktop/Summer_Research/traceXplainer/dvc-data/systems/dronology/corpus/src/UAVMonitorableMessage.java,64.2596664428711,0.0153234004172456,0.7373926547957389,0.2626073452042611,1141.6802,0.0008751355114009,1
/Users/loganfecko/Desktop/Summer_Research/traceXplainer/dvc-data/systems/dronology/corpus/req/RE-759.txt,/Users/loganfecko/Desktop/Summer_Research/traceXplainer/dvc-data/systems/dronology/corpus/src/DistanceChecker.java,80.25425720214844,0.0123070474635211,0.8673104016364142,0.1326895983635858,1410.1786,0.0007086275315463,1
/Users/loganfecko/Desktop/Summer_Research/traceXplainer/dvc-data/systems/dronology/corpus/req/RE-759.txt,/Users/loganfecko/Desktop/Summer_Research/traceXplainer/dvc-data/systems/dronology/corpus/src/UAVMissionPlan.java,104.40105438232422,0.0094875711240294,0.720559731955533,0.279440268044467,1849.2496,0.0005404676113634,1
/Users/loganfecko/Desktop/Summer_Research/traceXplainer/dvc-data/systems/dronology/corpus/req/RE-759.txt,/Users/loganfecko/Desktop/Summer_Research/traceXplainer/dvc-data/systems/dronology/corpus/src/FlightManagerService.java,66.833251953125,0.0147420324281523,0.7621777871432378,0.2378222128567622,1195.8475,0.000835528312038,1
/Users/loganfecko/Desktop/Summer_Research/traceXplainer/dvc-data/systems/dronology/corpus/req/RE-759.txt,/Users/loganfecko/Desktop/Summer_Research/traceXplainer/dvc-data/systems/dronology/corpus/src/IFlightPattern.java,59.58063507080078,0.0165069250071627,0.6098152737987479,0.3901847262012521,1047.2969,0.0009539282467096,1
/Users/loganfecko/Desktop/Summer_Research/traceXplainer/dvc-data/systems/dronology/corpus/req/RE-759.txt,/Users/loganfecko/Desktop/Summer_Research/traceXplainer/dvc-data/systems/dronology/corpus/src/IUAVProxy.java,41.878780364990234,0.023321558857035,0.8602158693877033,0.1397841306122966,765.4811,0.0013046636469776,1
/Users/loganfecko/Desktop/Summer_Research/traceXplainer/dvc-data/systems/dronology/corpus/req/RE-759.txt,/Users/loganfecko/Desktop/Summer_Research/traceXplainer/dvc-data/systems/dronology/corpus/src/CoordinatedLandingPattern.java,78.85380554199219,0.0125228847042754,0.6809105064485576,0.3190894935514424,1407.5793,0.0007099351577534,1
/Users/loganfecko/Desktop/Summer_Research/traceXplainer/dvc-data/systems/dronology/corpus/req/RE-759.txt,/Users/loganfecko/Desktop/Summer_Research/traceXplainer/dvc-data/systems/dronology/corpus/src/IMissionPlan.java,33.557762145996094,0.0289370589384608,0.6252946027461281,0.3747053972538718,595.67725,0.0016759479375938,1
/Users/loganfecko/Desktop/Summer_Research/traceXplainer/dvc-data/systems/dronology/corpus/req/RE-759.txt,/Users/loganfecko/Desktop/Summer_Research/traceXplainer/dvc-data/systems/dronology/corpus/src/FlightManagerServiceRemoteFacade.java,72.81609344482422,0.0135471812897749,0.7440353063405482,0.2559646936594518,1297.0723,0.0007703731344406,1
/Users/loganfecko/Desktop/Summer_Research/traceXplainer/dvc-data/systems/dronology/corpus/req/RE-759.txt,/Users/loganfecko/Desktop/Summer_Research/traceXplainer/dvc-data/systems/dronology/corpus/src/SyncTask.java,28.23674964904785,0.0342035285044952,0.6197199494287177,0.3802800505712823,500.18768,0.0019952605255655,1
/Users/loganfecko/Desktop/Summer_Research/traceXplainer/dvc-data/systems/dronology/corpus/req/RE-759.txt,/Users/loganfecko/Desktop/Summer_Research/traceXplainer/dvc-data/systems/dronology/corpus/src/RemoteManager.java,87.85993194580078,0.011253666057385,0.7603708798264172,0.2396291201735828,1574.4956,0.0006347209072046,1
/Users/loganfecko/Desktop/Summer_Research/traceXplainer/dvc-data/systems/dronology/corpus/req/RE-759.txt,/Users/loganfecko/Desktop/Summer_Research/traceXplainer/dvc-data/systems/dronology/corpus/src/FlightManagerServiceInstance.java,75.1180648803711,0.013137485846121,0.7663899849654827,0.2336100150345172,1337.4348,0.0007471413543651,1
/Users/loganfecko/Desktop/Summer_Research/traceXplainer/dvc-data/systems/dronology/corpus/req/RE-759.txt,/Users/loganfecko/Desktop/Summer_Research/traceXplainer/dvc-data/systems/dronology/corpus/src/AbstractMissionTask.java,39.76573181152344,0.0245304071719699,0.6865803446333753,0.3134196553666247,710.62537,0.0014052337753564,1
/Users/loganfecko/Desktop/Summer_Research/traceXplainer/dvc-data/systems/dronology/corpus/req/RE-759.txt,/Users/loganfecko/Desktop/Summer_Research/traceXplainer/dvc-data/systems/dronology/corpus/src/SimpleCheckerMessageHandler.java,81.29080963134766,0.0121520252927377,0.8413662009307961,0.1586337990692039,1452.8687,0.0006878200437074,1
/Users/loganfecko/Desktop/Summer_Research/traceXplainer/dvc-data/systems/dronology/corpus/req/RE-759.txt,/Users/loganfecko/Desktop/Summer_Research/traceXplainer/dvc-data/systems/dronology/corpus/src/MissionExecutionException.java,31.13564682006836,0.0311180915573017,0.6743605858557888,0.3256394141442111,566.19446,0.0017630637709549,1
/Users/loganfecko/Desktop/Summer_Research/traceXplainer/dvc-data/systems/dronology/corpus/req/RE-759.txt,/Users/loganfecko/Desktop/Summer_Research/traceXplainer/dvc-data/systems/dronology/corpus/src/SynchronizationState.java,33.109771728515625,0.0293171120568949,0.7334733153328994,0.2665266846671006,586.6495,0.0017016947047112,1
/Users/loganfecko/Desktop/Summer_Research/traceXplainer/dvc-data/systems/dronology/corpus/req/RE-759.txt,/Users/loganfecko/Desktop/Summer_Research/traceXplainer/dvc-data/systems/dronology/corpus/src/MissionController.java,76.46144104003906,0.0129096488081484,0.6546970007325434,0.3453029992674565,1364.429,0.000732370583091,1
/Users/loganfecko/Desktop/Summer_Research/traceXplainer/dvc-data/systems/dronology/corpus/req/RE-759.txt,/Users/loganfecko/Desktop/Summer_Research/traceXplainer/dvc-data/systems/dronology/corpus/src/IFlightManagerServiceInstance.java,52.47063827514648,0.0187018526850988,0.7263664514308485,0.2736335485691514,937.695,0.0010653087447972,1
/Users/loganfecko/Desktop/Summer_Research/traceXplainer/dvc-data/systems/dronology/corpus/req/RE-759.txt,/Users/loganfecko/Desktop/Summer_Research/traceXplainer/dvc-data/systems/dronology/corpus/src/MonitoringConnectionTester.java,53.85420608520508,0.0182301426156218,0.8769289024024404,0.1230710975975596,948.70374,0.0010529599524317,1
/Users/loganfecko/Desktop/Summer_Research/traceXplainer/dvc-data/systems/dronology/corpus/req/RE-759.txt,/Users/loganfecko/Desktop/Summer_Research/traceXplainer/dvc-data/systems/dronology/corpus/src/ManagedDrone.java,102.4252700805664,0.0096688169073285,0.7842824427159165,0.2157175572840834,1798.9756,0.0005555630908622,1
/Users/loganfecko/Desktop/Summer_Research/traceXplainer/dvc-data/systems/dronology/corpus/req/RE-759.txt,/Users/loganfecko/Desktop/Summer_Research/traceXplainer/dvc-data/systems/dronology/corpus/src/MissionUtil.java,90.61383056640624,0.0109153824680996,0.679744439506165,0.3202555604938349,1616.1616,0.0006183673832944,1
/Users/loganfecko/Desktop/Summer_Research/traceXplainer/dvc-data/systems/dronology/corpus/req/RE-759.txt,/Users/loganfecko/Desktop/Summer_Research/traceXplainer/dvc-data/systems/dronology/corpus/src/CollisionInfo.java,38.6518669128418,0.0252194935032462,0.7499520683683383,0.2500479316316617,698.9432,0.0014286874047828,1
/Users/loganfecko/Desktop/Summer_Research/traceXplainer/dvc-data/systems/dronology/corpus/req/RE-759.txt,/Users/loganfecko/Desktop/Summer_Research/traceXplainer/dvc-data/systems/dronology/corpus/src/MissionPlanningService.java,61.6806526184082,0.0159538862188923,0.6339860752207878,0.3660139247792122,1090.6539,0.0009160412214076,1
/Users/loganfecko/Desktop/Summer_Research/traceXplainer/dvc-data/systems/dronology/corpus/req/RE-759.txt,/Users/loganfecko/Desktop/Summer_Research/traceXplainer/dvc-data/systems/dronology/corpus/src/PatternFactory.java,42.827659606933594,0.0228166415676414,0.7602042610173567,0.2397957389826432,755.5659,0.0013217618931141,1
/Users/loganfecko/Desktop/Summer_Research/traceXplainer/dvc-data/systems/dronology/corpus/req/RE-759.txt,/Users/loganfecko/Desktop/Summer_Research/traceXplainer/dvc-data/systems/dronology/corpus/src/AFMainLayout.java,54.70360565185547,0.0179521592596706,0.8107499096258489,0.189250090374151,977.5354,0.0010219354349375,1
/Users/loganfecko/Desktop/Summer_Research/traceXplainer/dvc-data/systems/dronology/corpus/req/RE-759.txt,/Users/loganfecko/Desktop/Summer_Research/traceXplainer/dvc-data/systems/dronology/corpus/src/IFlightManagerRemoteService.java,54.26411437988281,0.018094924911418,0.7348423818542416,0.2651576181457584,972.5148,0.0010272057808412,1
/Users/loganfecko/Desktop/Summer_Research/traceXplainer/dvc-data/systems/dronology/corpus/req/RE-759.txt,/Users/loganfecko/Desktop/Summer_Research/traceXplainer/dvc-data/systems/dronology/corpus/src/SynchronizationManager.java,76.61659240722656,0.0128838431189217,0.7658402111745224,0.2341597888254776,1354.4473,0.0007377638550466,1
/Users/loganfecko/Desktop/Summer_Research/traceXplainer/dvc-data/systems/dronology/corpus/req/RE-759.txt,/Users/loganfecko/Desktop/Summer_Research/traceXplainer/dvc-data/systems/dronology/corpus/src/TakeoffTask.java,40.063453674316406,0.0243525546567813,0.7308931309847142,0.2691068690152858,712.64294,0.001401260963815,1
/Users/loganfecko/Desktop/Summer_Research/traceXplainer/dvc-data/systems/dronology/corpus/req/RE-759.txt,/Users/loganfecko/Desktop/Summer_Research/traceXplainer/dvc-data/systems/dronology/corpus/src/AFInfoPanel.java,107.46016693115234,0.009219974745519,0.8376501241667953,0.1623498758332047,1908.982,0.0005235651282871,1
/Users/loganfecko/Desktop/Summer_Research/traceXplainer/dvc-data/systems/dronology/corpus/req/RE-759.txt,/Users/loganfecko/Desktop/Summer_Research/traceXplainer/dvc-data/systems/dronology/corpus/src/SyncConstants.java,41.0339469909668,0.0237902950254684,0.775145440621858,0.224854559378142,725.65027,0.0013761778441078,1
/Users/loganfecko/Desktop/Summer_Research/traceXplainer/dvc-data/systems/dronology/corpus/req/RE-759.txt,/Users/loganfecko/Desktop/Summer_Research/traceXplainer/dvc-data/systems/dronology/corpus/src/IMissionPlanningRemoteService.java,43.868629455566406,0.0222872865102845,0.6855651138822576,0.3144348861177424,794.949,0.0012563619426619,1
/Users/loganfecko/Desktop/Summer_Research/traceXplainer/dvc-data/systems/dronology/corpus/req/RE-759.txt,/Users/loganfecko/Desktop/Summer_Research/traceXplainer/dvc-data/systems/dronology/corpus/src/IMissionPlanningServiceInstance.java,46.512935638427734,0.0210468998929044,0.6854100774285963,0.3145899225714037,825.2265,0.0012103218647998,1
/Users/loganfecko/Desktop/Summer_Research/traceXplainer/dvc-data/systems/dronology/corpus/req/RE-759.txt,/Users/loganfecko/Desktop/Summer_Research/traceXplainer/dvc-data/systems/dronology/corpus/src/MissionPlanningServiceInstance.java,92.29206085205078,0.010719025722734,0.709797355981971,0.290202644018029,1636.5928,0.0006106524260612,1
/Users/loganfecko/Desktop/Summer_Research/traceXplainer/dvc-data/systems/dronology/corpus/req/RE-759.txt,/Users/loganfecko/Desktop/Summer_Research/traceXplainer/dvc-data/systems/dronology/corpus/src/AbstractFlightPattern.java,52.301971435546875,0.0187610321544899,0.7592078921126882,0.2407921078873117,927.74255,0.0010767246488322,1
/Users/loganfecko/Desktop/Summer_Research/traceXplainer/dvc-data/systems/dronology/corpus/req/RE-759.txt,/Users/loganfecko/Desktop/Summer_Research/traceXplainer/dvc-data/systems/dronology/corpus/src/AFMissionOperations.java,72.30074310302734,0.0136424264975657,0.7040783498613917,0.2959216501386082,1269.2336,0.0007872567427598,1
/Users/loganfecko/Desktop/Summer_Research/traceXplainer/dvc-data/systems/dronology/corpus/req/RE-759.txt,/Users/loganfecko/Desktop/Summer_Research/traceXplainer/dvc-data/systems/dronology/corpus/src/SimpleMonitor.java,57.30961990356445,0.0171498288216224,0.8345750577396953,0.1654249422603046,1040.509,0.0009601452969875,1
/Users/loganfecko/Desktop/Summer_Research/traceXplainer/dvc-data/systems/dronology/corpus/req/RE-759.txt,/Users/loganfecko/Desktop/Summer_Research/traceXplainer/dvc-data/systems/dronology/corpus/src/AFMapViewOperations.java,51.9543342590332,0.0188841954864046,0.7959360190202814,0.2040639809797185,936.56494,0.0010665927828957,1
/Users/loganfecko/Desktop/Summer_Research/traceXplainer/dvc-data/systems/dronology/corpus/req/RE-759.txt,/Users/loganfecko/Desktop/Summer_Research/traceXplainer/dvc-data/systems/dronology/corpus/src/PatternTask.java,37.86784744262695,0.0257282063658427,0.7354405612733026,0.2645594387266974,683.9529,0.0014599544405818,1
/Users/loganfecko/Desktop/Summer_Research/traceXplainer/dvc-data/systems/dronology/corpus/req/RE-611.txt,/Users/loganfecko/Desktop/Summer_Research/traceXplainer/dvc-data/systems/dronology/corpus/src/PlanPool.java,69.81413269042969,0.0141214749373771,0.6964240203098504,0.3035759796901496,1252.2195,0.000797944824531,1
/Users/loganfecko/Desktop/Summer_Research/traceXplainer/dvc-data/systems/dronology/corpus/req/RE-611.txt,/Users/loganfecko/Desktop/Summer_Research/traceXplainer/dvc-data/systems/dronology/corpus/src/ManagedDrone.java,102.58576965332033,0.0096538356894657,0.7912608854676979,0.2087391145323021,1817.0442,0.000550041635842,1
/Users/loganfecko/Desktop/Summer_Research/traceXplainer/dvc-data/systems/dronology/corpus/req/RE-611.txt,/Users/loganfecko/Desktop/Summer_Research/traceXplainer/dvc-data/systems/dronology/corpus/src/FlightPlan.java,84.73030090332031,0.0116644872287071,0.7722367793734899,0.2277632206265101,1506.7993,0.0006632182340972,1
/Users/loganfecko/Desktop/Summer_Research/traceXplainer/dvc-data/systems/dronology/corpus/req/RE-611.txt,/Users/loganfecko/Desktop/Summer_Research/traceXplainer/dvc-data/systems/dronology/corpus/src/PhysicalDrone.java,87.69478607177734,0.0112746198991983,0.8204654942913292,0.1795345057086708,1561.1447,0.0006401455831087,1
/Users/loganfecko/Desktop/Summer_Research/traceXplainer/dvc-data/systems/dronology/corpus/req/RE-639.txt,/Users/loganfecko/Desktop/Summer_Research/traceXplainer/dvc-data/systems/dronology/corpus/src/MissionPlanningServiceRemoteFacade.java,78.87309265136719,0.0125198607792092,0.7490121489193836,0.2509878510806164,1398.8411,0.0007143668130572,1
/Users/loganfecko/Desktop/Summer_Research/traceXplainer/dvc-data/systems/dronology/corpus/req/RE-639.txt,/Users/loganfecko/Desktop/Summer_Research/traceXplainer/dvc-data/systems/dronology/corpus/src/MissionPlanningService.java,64.09748077392578,0.0153615775620082,0.7419539079740001,0.2580460920259999,1129.4608,0.0008845950132467,1
/Users/loganfecko/Desktop/Summer_Research/traceXplainer/dvc-data/systems/dronology/corpus/req/RE-639.txt,/Users/loganfecko/Desktop/Summer_Research/traceXplainer/dvc-data/systems/dronology/corpus/src/IMissionPlanningRemoteService.java,44.91194915771485,0.0217808221682081,0.7531476188653979,0.246852381134602,805.9197,0.0012392807209854,1
/Users/loganfecko/Desktop/Summer_Research/traceXplainer/dvc-data/systems/dronology/corpus/req/RE-766.txt,/Users/loganfecko/Desktop/Summer_Research/traceXplainer/dvc-data/systems/dronology/corpus/src/AFMapComponent.java,116.52961730957033,0.0085084936281722,0.7925156261930628,0.2074843738069371,2108.8296,0.0004739719287348,1
/Users/loganfecko/Desktop/Summer_Research/traceXplainer/dvc-data/systems/dronology/corpus/req/RE-766.txt,/Users/loganfecko/Desktop/Summer_Research/traceXplainer/dvc-data/systems/dronology/corpus/src/AFMainLayout.java,51.67244720458984,0.0189852580062553,0.6851678321284121,0.3148321678715878,910.5311,0.0010970552396507,1
/Users/loganfecko/Desktop/Summer_Research/traceXplainer/dvc-data/systems/dronology/corpus/req/RE-649.txt,/Users/loganfecko/Desktop/Summer_Research/traceXplainer/dvc-data/systems/dronology/corpus/src/FlightZoneManager2.java,118.95160675048828,0.0083366953314773,0.7447023065224139,0.2552976934775861,2094.0444,0.0004773168453924,1
/Users/loganfecko/Desktop/Summer_Research/traceXplainer/dvc-data/systems/dronology/corpus/req/RE-649.txt,/Users/loganfecko/Desktop/Summer_Research/traceXplainer/dvc-data/systems/dronology/corpus/src/PlanPool.java,71.88374328613281,0.0137204807946556,0.7611994978138554,0.2388005021861445,1284.888,0.0007776727421716,1
/Users/loganfecko/Desktop/Summer_Research/traceXplainer/dvc-data/systems/dronology/corpus/req/RE-649.txt,/Users/loganfecko/Desktop/Summer_Research/traceXplainer/dvc-data/systems/dronology/corpus/src/AFInfoBox.java,100.72932434082033,0.0098300072912087,0.7122615213698074,0.2877384786301926,1774.8657,0.0005631056375727,1
/Users/loganfecko/Desktop/Summer_Research/traceXplainer/dvc-data/systems/dronology/corpus/req/RE-649.txt,/Users/loganfecko/Desktop/Summer_Research/traceXplainer/dvc-data/systems/dronology/corpus/src/FlightManagerService.java,67.80644226074219,0.0145335228380287,0.7727925079077816,0.2272074920922183,1186.4199,0.0008421620536911,1
/Users/loganfecko/Desktop/Summer_Research/traceXplainer/dvc-data/systems/dronology/corpus/req/RE-649.txt,/Users/loganfecko/Desktop/Summer_Research/traceXplainer/dvc-data/systems/dronology/corpus/src/FlightManagerServiceRemoteFacade.java,73.8392105102539,0.0133619795449737,0.7655189593533961,0.2344810406466039,1323.0388,0.0007552648654509,1
/Users/loganfecko/Desktop/Summer_Research/traceXplainer/dvc-data/systems/dronology/corpus/req/RE-649.txt,/Users/loganfecko/Desktop/Summer_Research/traceXplainer/dvc-data/systems/dronology/corpus/src/FlightManagerServiceInstance.java,75.89949798583984,0.0130039860622255,0.7768880835562942,0.2231119164437057,1337.8337,0.0007469187322878,1
/Users/loganfecko/Desktop/Summer_Research/traceXplainer/dvc-data/systems/dronology/corpus/req/RE-649.txt,/Users/loganfecko/Desktop/Summer_Research/traceXplainer/dvc-data/systems/dronology/corpus/src/IFlightManagerServiceInstance.java,55.29498672485352,0.0177635711131363,0.792570360451424,0.2074296395485759,970.5498,0.0010292833112365,1
/Users/loganfecko/Desktop/Summer_Research/traceXplainer/dvc-data/systems/dronology/corpus/req/RE-649.txt,/Users/loganfecko/Desktop/Summer_Research/traceXplainer/dvc-data/systems/dronology/corpus/src/PlanPoolManager.java,85.63276672363281,0.0115429766105716,0.7225018879014684,0.2774981120985316,1526.7856,0.0006545420842115,1
/Users/loganfecko/Desktop/Summer_Research/traceXplainer/dvc-data/systems/dronology/corpus/req/RE-649.txt,/Users/loganfecko/Desktop/Summer_Research/traceXplainer/dvc-data/systems/dronology/corpus/src/IFlightManagerRemoteService.java,57.11881637573242,0.0172061315484317,0.8033918069569865,0.1966081930430134,1021.43896,0.0009780534920759,1
/Users/loganfecko/Desktop/Summer_Research/traceXplainer/dvc-data/systems/dronology/corpus/req/RE-649.txt,/Users/loganfecko/Desktop/Summer_Research/traceXplainer/dvc-data/systems/dronology/corpus/src/AFDragLayout.java,98.05525970458984,0.0100953750763187,0.7790390205678883,0.2209609794321116,1732.9058,0.000576732612624,1
/Users/loganfecko/Desktop/Summer_Research/traceXplainer/dvc-data/systems/dronology/corpus/req/RE-649.txt,/Users/loganfecko/Desktop/Summer_Research/traceXplainer/dvc-data/systems/dronology/corpus/src/AFAssignRouteComponent.java,107.83126068115234,0.0091885363979173,0.735842000278198,0.264157999721802,1877.1146,0.0005324488650526,1
/Users/loganfecko/Desktop/Summer_Research/traceXplainer/dvc-data/systems/dronology/corpus/req/RE-701.txt,/Users/loganfecko/Desktop/Summer_Research/traceXplainer/dvc-data/systems/dronology/corpus/src/SendToSubscriberCallable.java,46.0151252746582,0.0212697508335474,0.6674842891601528,0.3325157108398472,796.4944,0.001253927324258,1
/Users/loganfecko/Desktop/Summer_Research/traceXplainer/dvc-data/systems/dronology/corpus/req/RE-701.txt,/Users/loganfecko/Desktop/Summer_Research/traceXplainer/dvc-data/systems/dronology/corpus/src/IDroneConnectorServiceInstance.java,46.727352142333984,0.0209523460890469,0.7538955961954522,0.2461044038045478,834.3075,0.0011971639256747,1
/Users/loganfecko/Desktop/Summer_Research/traceXplainer/dvc-data/systems/dronology/corpus/req/RE-701.txt,/Users/loganfecko/Desktop/Summer_Research/traceXplainer/dvc-data/systems/dronology/corpus/src/IDroneMonitoringServiceInstance.java,40.640907287597656,0.0240148465808726,0.67886575384778,0.3211342461522199,719.96796,0.0013870241956313,1
/Users/loganfecko/Desktop/Summer_Research/traceXplainer/dvc-data/systems/dronology/corpus/req/RE-701.txt,/Users/loganfecko/Desktop/Summer_Research/traceXplainer/dvc-data/systems/dronology/corpus/src/DroneMonitoringServiceInstance.java,60.29680252075195,0.0163140646636739,0.6986688585047323,0.3013311414952677,1054.4546,0.0009474590471467,1
/Users/loganfecko/Desktop/Summer_Research/traceXplainer/dvc-data/systems/dronology/corpus/req/RE-701.txt,/Users/loganfecko/Desktop/Summer_Research/traceXplainer/dvc-data/systems/dronology/corpus/src/GroundstationConnector.java,86.05525207519531,0.0114869577212439,0.7342826791770243,0.2657173208229757,1552.0646,0.0006438882297435,1
/Users/loganfecko/Desktop/Summer_Research/traceXplainer/dvc-data/systems/dronology/corpus/req/RE-701.txt,/Users/loganfecko/Desktop/Summer_Research/traceXplainer/dvc-data/systems/dronology/corpus/src/AbstractUAVMessage.java,60.10240173339844,0.0163659687938813,0.7026776895139211,0.2973223104860789,1092.9105,0.0009141515503026,1
/Users/loganfecko/Desktop/Summer_Research/traceXplainer/dvc-data/systems/dronology/corpus/req/RE-701.txt,/Users/loganfecko/Desktop/Summer_Research/traceXplainer/dvc-data/systems/dronology/corpus/src/PhysicalDroneFleetFactory.java,71.56619262695312,0.0137805218077346,0.7270340375193753,0.2729659624806246,1277.9525,0.0007818898579474,1
/Users/loganfecko/Desktop/Summer_Research/traceXplainer/dvc-data/systems/dronology/corpus/req/RE-701.txt,/Users/loganfecko/Desktop/Summer_Research/traceXplainer/dvc-data/systems/dronology/corpus/src/UAVMonitorableMessage.java,63.04706573486328,0.0156135177861186,0.685723996944549,0.314276003055451,1111.6475,0.0008987572749749,1
/Users/loganfecko/Desktop/Summer_Research/traceXplainer/dvc-data/systems/dronology/corpus/req/RE-701.txt,/Users/loganfecko/Desktop/Summer_Research/traceXplainer/dvc-data/systems/dronology/corpus/src/VirtualDroneFleetFactory.java,60.5296630859375,0.0162523236735965,0.6981086393362802,0.3018913606637198,1069.9194,0.000933777059815,1
/Users/loganfecko/Desktop/Summer_Research/traceXplainer/dvc-data/systems/dronology/corpus/req/RE-701.txt,/Users/loganfecko/Desktop/Summer_Research/traceXplainer/dvc-data/systems/dronology/corpus/src/IMonitorableMessage.java,36.46710586547851,0.0266900785876119,0.596927205146561,0.403072794853439,664.25824,0.0015031756696191,1
/Users/loganfecko/Desktop/Summer_Research/traceXplainer/dvc-data/systems/dronology/corpus/req/RE-701.txt,/Users/loganfecko/Desktop/Summer_Research/traceXplainer/dvc-data/systems/dronology/corpus/src/DroneMonitoringService.java,55.12311172485352,0.0178179714072618,0.7323957284901597,0.2676042715098403,965.6547,0.0010344955391484,1
/Users/loganfecko/Desktop/Summer_Research/traceXplainer/dvc-data/systems/dronology/corpus/req/RE-701.txt,/Users/loganfecko/Desktop/Summer_Research/traceXplainer/dvc-data/systems/dronology/corpus/src/StateMessageTypeAdapter.java,85.70630645751953,0.0115331864642387,0.7547326016806308,0.2452673983193691,1505.479,0.0006637994936584,1
/Users/loganfecko/Desktop/Summer_Research/traceXplainer/dvc-data/systems/dronology/corpus/req/RE-701.txt,/Users/loganfecko/Desktop/Summer_Research/traceXplainer/dvc-data/systems/dronology/corpus/src/SimpleTakeoffFlightPlan.java,86.12078094482422,0.0114783176775392,0.7648025719022499,0.2351974280977501,1548.6636,0.0006453013522655,1
/Users/loganfecko/Desktop/Summer_Research/traceXplainer/dvc-data/systems/dronology/corpus/req/RE-701.txt,/Users/loganfecko/Desktop/Summer_Research/traceXplainer/dvc-data/systems/dronology/corpus/src/IMonitoringDataHandler.java,28.38291358947754,0.0340333846388233,0.6678778538491501,0.3321221461508499,497.12064,0.002007545818735,1
/Users/loganfecko/Desktop/Summer_Research/traceXplainer/dvc-data/systems/dronology/corpus/req/RE-701.txt,/Users/loganfecko/Desktop/Summer_Research/traceXplainer/dvc-data/systems/dronology/corpus/src/MonitoringDispatchThread.java,51.85806655883789,0.0189185883083118,0.6787508309707307,0.3212491690292692,921.2073,0.0010843549239799,1
/Users/loganfecko/Desktop/Summer_Research/traceXplainer/dvc-data/systems/dronology/corpus/req/RE-701.txt,/Users/loganfecko/Desktop/Summer_Research/traceXplainer/dvc-data/systems/dronology/corpus/src/RemindsConnector.java,100.13814544677734,0.0098874662530393,0.7891456990252499,0.2108543009747501,1763.6356,0.0005666892295496,1
/Users/loganfecko/Desktop/Summer_Research/traceXplainer/dvc-data/systems/dronology/corpus/req/RE-701.txt,/Users/loganfecko/Desktop/Summer_Research/traceXplainer/dvc-data/systems/dronology/corpus/src/IncommingGroundstationConnectionServer.java,54.27027130126953,0.0180929091979512,0.7064658171352949,0.2935341828647051,961.4117,0.0010390563815559,1
/Users/loganfecko/Desktop/Summer_Research/traceXplainer/dvc-data/systems/dronology/corpus/req/RE-701.txt,/Users/loganfecko/Desktop/Summer_Research/traceXplainer/dvc-data/systems/dronology/corpus/src/MonitoringConnectionTester.java,47.89191818237305,0.0204532781117294,0.6172449595538274,0.3827550404461726,852.6747,0.0011714064155378,1
/Users/loganfecko/Desktop/Summer_Research/traceXplainer/dvc-data/systems/dronology/corpus/req/RE-701.txt,/Users/loganfecko/Desktop/Summer_Research/traceXplainer/dvc-data/systems/dronology/corpus/src/DispatchQueueManager.java,88.8174057006836,0.0111336994449884,0.7385818864660372,0.2614181135339628,1575.3123,0.0006343920731967,1
/Users/loganfecko/Desktop/Summer_Research/traceXplainer/dvc-data/systems/dronology/corpus/req/RE-701.txt,/Users/loganfecko/Desktop/Summer_Research/traceXplainer/dvc-data/systems/dronology/corpus/src/DronologyMonitoringManager.java,52.29851150512695,0.0187622500471482,0.6903468813504035,0.3096531186495965,918.6818,0.0010873325689353,1
/Users/loganfecko/Desktop/Summer_Research/traceXplainer/dvc-data/systems/dronology/corpus/req/RE-701.txt,/Users/loganfecko/Desktop/Summer_Research/traceXplainer/dvc-data/systems/dronology/corpus/src/DroneConnectorServiceInstance.java,80.48421478271484,0.0122723155971569,0.7185202897510463,0.2814797102489537,1456.5259,0.000686094164414,1
/Users/loganfecko/Desktop/Summer_Research/traceXplainer/dvc-data/systems/dronology/corpus/req/RE-701.txt,/Users/loganfecko/Desktop/Summer_Research/traceXplainer/dvc-data/systems/dronology/corpus/src/ManagedDrone.java,102.11687469482422,0.0096977337895423,0.7711115199820318,0.2288884800179682,1783.1685,0.0005604851918881,1
/Users/loganfecko/Desktop/Summer_Research/traceXplainer/dvc-data/systems/dronology/corpus/req/RE-701.txt,/Users/loganfecko/Desktop/Summer_Research/traceXplainer/dvc-data/systems/dronology/corpus/src/FlightPlan.java,84.0401840209961,0.0117591467082562,0.7423716004601321,0.2576283995398679,1506.7168,0.0006632545329949,1
/Users/loganfecko/Desktop/Summer_Research/traceXplainer/dvc-data/systems/dronology/corpus/req/RE-701.txt,/Users/loganfecko/Desktop/Summer_Research/traceXplainer/dvc-data/systems/dronology/corpus/src/IRemoteMonitoringMessageHandler.java,30.30222511291504,0.0319466107087514,0.6524468294263319,0.3475531705736681,529.9878,0.0018832824657022,1
/Users/loganfecko/Desktop/Summer_Research/traceXplainer/dvc-data/systems/dronology/corpus/req/RE-701.txt,/Users/loganfecko/Desktop/Summer_Research/traceXplainer/dvc-data/systems/dronology/corpus/src/RemoteMessageHandler.java,42.01081085205078,0.0232499685588308,0.6804789838336031,0.3195210161663969,750.40137,0.0013308466602117,1
/Users/loganfecko/Desktop/Summer_Research/traceXplainer/dvc-data/systems/dronology/corpus/req/RE-701.txt,/Users/loganfecko/Desktop/Summer_Research/traceXplainer/dvc-data/systems/dronology/corpus/src/PlanPoolManager.java,86.11258697509766,0.0114793973491553,0.7441126143761929,0.2558873856238071,1532.4023,0.0006521445621078,1
/Users/loganfecko/Desktop/Summer_Research/traceXplainer/dvc-data/systems/dronology/corpus/req/RE-701.txt,/Users/loganfecko/Desktop/Summer_Research/traceXplainer/dvc-data/systems/dronology/corpus/src/DroneFlightStateManager.java,106.5025405883789,0.009302105741193,0.8245321909886385,0.1754678090113615,1947.452,0.000513227929899,1
/Users/loganfecko/Desktop/Summer_Research/traceXplainer/dvc-data/systems/dronology/corpus/req/RE-701.txt,/Users/loganfecko/Desktop/Summer_Research/traceXplainer/dvc-data/systems/dronology/corpus/src/IFlightPlan.java,53.753509521484375,0.0182636694659292,0.7936549743097289,0.2063450256902711,950.00714,0.0010515168149309,1
/Users/loganfecko/Desktop/Summer_Research/traceXplainer/dvc-data/systems/dronology/corpus/req/RE-701.txt,/Users/loganfecko/Desktop/Summer_Research/traceXplainer/dvc-data/systems/dronology/corpus/src/DronologyServiceRunner.java,75.09950256347656,0.0131406903634603,0.7187727909622674,0.2812272090377326,1321.1001,0.0007563723819193,1
/Users/loganfecko/Desktop/Summer_Research/traceXplainer/dvc-data/systems/dronology/corpus/req/RE-701.txt,/Users/loganfecko/Desktop/Summer_Research/traceXplainer/dvc-data/systems/dronology/corpus/src/UAVPlanChangeMessage.java,49.68583297729492,0.0197293788275701,0.6528852132226106,0.3471147867773894,880.7244,0.0011341412012717,1
/Users/loganfecko/Desktop/Summer_Research/traceXplainer/dvc-data/systems/dronology/corpus/req/RE-701.txt,/Users/loganfecko/Desktop/Summer_Research/traceXplainer/dvc-data/systems/dronology/corpus/src/UAVStateChangeMessage.java,45.82126998901367,0.021357814519654,0.6317228474116463,0.3682771525883537,823.23096,0.0012132521733979,1
/Users/loganfecko/Desktop/Summer_Research/traceXplainer/dvc-data/systems/dronology/corpus/req/RE-701.txt,/Users/loganfecko/Desktop/Summer_Research/traceXplainer/dvc-data/systems/dronology/corpus/src/MessageMarshaller.java,59.74341583251953,0.0164626895984443,0.690941439284895,0.3090585607151049,1074.2518,0.0009300146915528,1
/Users/loganfecko/Desktop/Summer_Research/traceXplainer/dvc-data/systems/dronology/corpus/req/RE-701.txt,/Users/loganfecko/Desktop/Summer_Research/traceXplainer/dvc-data/systems/dronology/corpus/src/AbstractDroneCommand.java,54.84548568725586,0.0179065503270966,0.7627794380264208,0.2372205619735792,979.51074,0.0010198766387495,1
/Users/loganfecko/Desktop/Summer_Research/traceXplainer/dvc-data/systems/dronology/corpus/req/RE-701.txt,/Users/loganfecko/Desktop/Summer_Research/traceXplainer/dvc-data/systems/dronology/corpus/src/UAVAcknowledgeMessage.java,37.09831237792969,0.0262478817980215,0.7324007885006183,0.2675992114993817,661.1338,0.0015102687953983,1
/Users/loganfecko/Desktop/Summer_Research/traceXplainer/dvc-data/systems/dronology/corpus/req/RE-701.txt,/Users/loganfecko/Desktop/Summer_Research/traceXplainer/dvc-data/systems/dronology/corpus/src/ArtifactIdentifier.java,69.71215057373047,0.014141841138848,0.7680507335935001,0.2319492664064999,1242.8607,0.0008039485335544,1
/Users/loganfecko/Desktop/Summer_Research/traceXplainer/dvc-data/systems/dronology/corpus/req/RE-701.txt,/Users/loganfecko/Desktop/Summer_Research/traceXplainer/dvc-data/systems/dronology/corpus/src/DroneConnectorService.java,53.896114349365234,0.0182162255353062,0.779521164725284,0.220478835274716,941.91876,0.00106053675044,1
/Users/loganfecko/Desktop/Summer_Research/traceXplainer/dvc-data/systems/dronology/corpus/req/RE-701.txt,/Users/loganfecko/Desktop/Summer_Research/traceXplainer/dvc-data/systems/dronology/corpus/src/PhysicalDrone.java,87.35639953613281,0.0113177993359842,0.8045992720747457,0.1954007279252543,1506.6844,0.0006632687636765,1
/Users/loganfecko/Desktop/Summer_Research/traceXplainer/dvc-data/systems/dronology/corpus/req/RE-729.txt,/Users/loganfecko/Desktop/Summer_Research/traceXplainer/dvc-data/systems/dronology/corpus/src/CommandIds.java,38.23391342163086,0.0254881533038371,0.6975445967252394,0.3024554032747606,681.8436,0.0014644641307291,1
/Users/loganfecko/Desktop/Summer_Research/traceXplainer/dvc-data/systems/dronology/corpus/req/RE-729.txt,/Users/loganfecko/Desktop/Summer_Research/traceXplainer/dvc-data/systems/dronology/corpus/src/GoToCommand.java,37.247196197509766,0.0261457073829926,0.6851445002134386,0.3148554997865613,654.9269,0.0015245601768579,1
/Users/loganfecko/Desktop/Summer_Research/traceXplainer/dvc-data/systems/dronology/corpus/req/RE-729.txt,/Users/loganfecko/Desktop/Summer_Research/traceXplainer/dvc-data/systems/dronology/corpus/src/SetMonitoringFrequencyCommand.java,36.11689376831055,0.026941909693256,0.663450875596465,0.336549124403535,660.9763,0.0015106280576295,1
/Users/loganfecko/Desktop/Summer_Research/traceXplainer/dvc-data/systems/dronology/corpus/req/RE-729.txt,/Users/loganfecko/Desktop/Summer_Research/traceXplainer/dvc-data/systems/dronology/corpus/src/LandCommand.java,33.828800201416016,0.028711870469754,0.6803453110798322,0.3196546889201678,604.50433,0.0016515158433733,1
/Users/loganfecko/Desktop/Summer_Research/traceXplainer/dvc-data/systems/dronology/corpus/req/RE-729.txt,/Users/loganfecko/Desktop/Summer_Research/traceXplainer/dvc-data/systems/dronology/corpus/src/TakeoffCommand.java,34.93458557128906,0.0278283437557988,0.6995012331098707,0.3004987668901293,624.81464,0.001597917245949,1
/Users/loganfecko/Desktop/Summer_Research/traceXplainer/dvc-data/systems/dronology/corpus/req/RE-729.txt,/Users/loganfecko/Desktop/Summer_Research/traceXplainer/dvc-data/systems/dronology/corpus/src/SetStateFrequencyCommand.java,36.84351348876953,0.0264246077546885,0.683419154470682,0.316580845529318,661.86804,0.001508595884325,1
/Users/loganfecko/Desktop/Summer_Research/traceXplainer/dvc-data/systems/dronology/corpus/req/RE-729.txt,/Users/loganfecko/Desktop/Summer_Research/traceXplainer/dvc-data/systems/dronology/corpus/src/EmergencyStopCommand.java,32.604732513427734,0.0297577134292148,0.6630377180780684,0.3369622819219315,581.40393,0.0017170213787187,1
/Users/loganfecko/Desktop/Summer_Research/traceXplainer/dvc-data/systems/dronology/corpus/req/RE-729.txt,/Users/loganfecko/Desktop/Summer_Research/traceXplainer/dvc-data/systems/dronology/corpus/src/SetVelocityCommand.java,34.61168670654297,0.0280806693667859,0.6866081594165085,0.3133918405834914,620.834,0.0016081462659283,1
/Users/loganfecko/Desktop/Summer_Research/traceXplainer/dvc-data/systems/dronology/corpus/req/RE-729.txt,/Users/loganfecko/Desktop/Summer_Research/traceXplainer/dvc-data/systems/dronology/corpus/src/IDroneCommand.java,35.950843811035156,0.0270629814332238,0.7173528354581745,0.2826471645418255,640.7039,0.001558351088777,1
/Users/loganfecko/Desktop/Summer_Research/traceXplainer/dvc-data/systems/dronology/corpus/req/RE-729.txt,/Users/loganfecko/Desktop/Summer_Research/traceXplainer/dvc-data/systems/dronology/corpus/src/AbstractDroneCommand.java,54.19620895385742,0.0181171862878476,0.7515318102681945,0.2484681897318055,962.34717,0.0010380473761173,1
/Users/loganfecko/Desktop/Summer_Research/traceXplainer/dvc-data/systems/dronology/corpus/req/RE-729.txt,/Users/loganfecko/Desktop/Summer_Research/traceXplainer/dvc-data/systems/dronology/corpus/src/SetGroundSpeedCommand.java,34.270877838134766,0.0283520020281095,0.6457041015212124,0.3542958984787876,621.5721,0.0016062397079435,1
/Users/loganfecko/Desktop/Summer_Research/traceXplainer/dvc-data/systems/dronology/corpus/req/RE-714.txt,/Users/loganfecko/Desktop/Summer_Research/traceXplainer/dvc-data/systems/dronology/corpus/src/CommandIds.java,40.02602005004883,0.0243747748082819,0.7116023672303726,0.2883976327696274,720.7429,0.0013855348939318,1
/Users/loganfecko/Desktop/Summer_Research/traceXplainer/dvc-data/systems/dronology/corpus/req/RE-714.txt,/Users/loganfecko/Desktop/Summer_Research/traceXplainer/dvc-data/systems/dronology/corpus/src/GoToCommand.java,42.430789947509766,0.0230251395659299,0.8414861016445083,0.1585138983554916,747.02,0.0013368626158249,1
/Users/loganfecko/Desktop/Summer_Research/traceXplainer/dvc-data/systems/dronology/corpus/req/RE-714.txt,/Users/loganfecko/Desktop/Summer_Research/traceXplainer/dvc-data/systems/dronology/corpus/src/SetMonitoringFrequencyCommand.java,40.607330322265625,0.0240342264753492,0.7900822653179476,0.2099177346820524,731.02155,0.0013660800098987,1
/Users/loganfecko/Desktop/Summer_Research/traceXplainer/dvc-data/systems/dronology/corpus/req/RE-714.txt,/Users/loganfecko/Desktop/Summer_Research/traceXplainer/dvc-data/systems/dronology/corpus/src/SetGimbalRotationCommand.java,39.21365737915039,0.0248671736214291,0.7821275680428039,0.217872431957196,695.8303,0.0014350695830064,1
/Users/loganfecko/Desktop/Summer_Research/traceXplainer/dvc-data/systems/dronology/corpus/req/RE-714.txt,/Users/loganfecko/Desktop/Summer_Research/traceXplainer/dvc-data/systems/dronology/corpus/src/TakeoffCommand.java,40.18807601928711,0.0242788713784963,0.8505903905606886,0.1494096094393113,717.4042,0.0013919740935134,1
/Users/loganfecko/Desktop/Summer_Research/traceXplainer/dvc-data/systems/dronology/corpus/req/RE-714.txt,/Users/loganfecko/Desktop/Summer_Research/traceXplainer/dvc-data/systems/dronology/corpus/src/SetStateFrequencyCommand.java,41.0952262878418,0.0237556627718812,0.7985315201043485,0.2014684798956515,731.47327,0.001365237539166,1
/Users/loganfecko/Desktop/Summer_Research/traceXplainer/dvc-data/systems/dronology/corpus/req/RE-714.txt,/Users/loganfecko/Desktop/Summer_Research/traceXplainer/dvc-data/systems/dronology/corpus/src/GroundstationConnector.java,86.80805206298828,0.0113884772125756,0.7627523524384565,0.2372476475615434,1550.2356,0.0006446474041531,1
/Users/loganfecko/Desktop/Summer_Research/traceXplainer/dvc-data/systems/dronology/corpus/req/RE-714.txt,/Users/loganfecko/Desktop/Summer_Research/traceXplainer/dvc-data/systems/dronology/corpus/src/UAVHandshakeMessage.java,50.62705993652344,0.0193696871607548,0.7995742950493003,0.2004257049506996,904.3518,0.0011045429993789,1
/Users/loganfecko/Desktop/Summer_Research/traceXplainer/dvc-data/systems/dronology/corpus/req/RE-714.txt,/Users/loganfecko/Desktop/Summer_Research/traceXplainer/dvc-data/systems/dronology/corpus/src/ReadDispatcher.java,83.81897735595703,0.0117898143926368,0.8333674635184742,0.1666325364815257,1475.5369,0.0006772604352423,1
/Users/loganfecko/Desktop/Summer_Research/traceXplainer/dvc-data/systems/dronology/corpus/req/RE-714.txt,/Users/loganfecko/Desktop/Summer_Research/traceXplainer/dvc-data/systems/dronology/corpus/src/SetVelocityCommand.java,39.555320739746094,0.024657677014004,0.8247805629815049,0.175219437018495,698.06494,0.0014304822639058,1
/Users/loganfecko/Desktop/Summer_Research/traceXplainer/dvc-data/systems/dronology/corpus/req/RE-714.txt,/Users/loganfecko/Desktop/Summer_Research/traceXplainer/dvc-data/systems/dronology/corpus/src/SetGimbalTargetCommand.java,38.801116943359375,0.0251249230372879,0.7765695403087757,0.2234304596912243,694.2069,0.0014384206871303,1
/Users/loganfecko/Desktop/Summer_Research/traceXplainer/dvc-data/systems/dronology/corpus/req/RE-714.txt,/Users/loganfecko/Desktop/Summer_Research/traceXplainer/dvc-data/systems/dronology/corpus/src/IDroneCommand.java,40.65731048583984,0.024005390370555,0.8441175901265732,0.1558824098734268,721.12415,0.0013848034388834,1
/Users/loganfecko/Desktop/Summer_Research/traceXplainer/dvc-data/systems/dronology/corpus/req/RE-714.txt,/Users/loganfecko/Desktop/Summer_Research/traceXplainer/dvc-data/systems/dronology/corpus/src/AbstractDroneCommand.java,56.88697052001953,0.0172750446433219,0.8251535638752623,0.1748464361247377,1019.1421,0.0009802556035631,1
/Users/loganfecko/Desktop/Summer_Research/traceXplainer/dvc-data/systems/dronology/corpus/req/RE-714.txt,/Users/loganfecko/Desktop/Summer_Research/traceXplainer/dvc-data/systems/dronology/corpus/src/ConnectionRequestMessage.java,41.98044204711914,0.0232663963507799,0.7091410019063089,0.2908589980936911,749.6124,0.001332245462974,1
/Users/loganfecko/Desktop/Summer_Research/traceXplainer/dvc-data/systems/dronology/corpus/req/RE-714.txt,/Users/loganfecko/Desktop/Summer_Research/traceXplainer/dvc-data/systems/dronology/corpus/src/SetGroundSpeedCommand.java,39.0667839050293,0.0249583296321039,0.7827657194462065,0.2172342805537934,696.0276,0.001434663444278,1
/Users/loganfecko/Desktop/Summer_Research/traceXplainer/dvc-data/systems/dronology/corpus/req/RE-516.txt,/Users/loganfecko/Desktop/Summer_Research/traceXplainer/dvc-data/systems/dronology/corpus/src/LlaCoordinate.java,73.17071533203125,0.0134824100795498,0.8009078213621924,0.1990921786378076,1280.3806,0.0007804082472537,1
/Users/loganfecko/Desktop/Summer_Research/traceXplainer/dvc-data/systems/dronology/corpus/req/RE-516.txt,/Users/loganfecko/Desktop/Summer_Research/traceXplainer/dvc-data/systems/dronology/corpus/src/PVector.java,68.19514465332031,0.0144518810533625,0.7436171627969249,0.2563828372030751,1220.3169,0.0008187883132361,1
/Users/loganfecko/Desktop/Summer_Research/traceXplainer/dvc-data/systems/dronology/corpus/req/RE-516.txt,/Users/loganfecko/Desktop/Summer_Research/traceXplainer/dvc-data/systems/dronology/corpus/src/NVector.java,78.69205474853516,0.0125483023766353,0.7216624807214733,0.2783375192785267,1391.9056,0.0007179237211304,1
/Users/loganfecko/Desktop/Summer_Research/traceXplainer/dvc-data/systems/dronology/corpus/req/RE-36.txt,/Users/loganfecko/Desktop/Summer_Research/traceXplainer/dvc-data/systems/dronology/corpus/src/DroneFleetManager.java,77.48695373535156,0.012740970981902,0.7368789016479489,0.2631210983520511,1403.3015,0.0007120977868814,1
/Users/loganfecko/Desktop/Summer_Research/traceXplainer/dvc-data/systems/dronology/corpus/req/RE-36.txt,/Users/loganfecko/Desktop/Summer_Research/traceXplainer/dvc-data/systems/dronology/corpus/src/PhysicalDroneFleetFactory.java,71.19479370117188,0.0138514143296702,0.707510394371178,0.292489605628822,1281.199,0.0007799101541979,1
/Users/loganfecko/Desktop/Summer_Research/traceXplainer/dvc-data/systems/dronology/corpus/req/RE-36.txt,/Users/loganfecko/Desktop/Summer_Research/traceXplainer/dvc-data/systems/dronology/corpus/src/VirtualDroneFleetFactory.java,60.041297912597656,0.0163823515258777,0.6714520903303176,0.3285479096696824,1065.2896,0.0009378315667328,1
/Users/loganfecko/Desktop/Summer_Research/traceXplainer/dvc-data/systems/dronology/corpus/req/RE-689.txt,/Users/loganfecko/Desktop/Summer_Research/traceXplainer/dvc-data/systems/dronology/corpus/src/AFMapComponent.java,117.16980743408205,0.0084623984900527,0.8214785867056957,0.1785214132943042,2109.0789,0.0004739159375407,1
/Users/loganfecko/Desktop/Summer_Research/traceXplainer/dvc-data/systems/dronology/corpus/req/RE-689.txt,/Users/loganfecko/Desktop/Summer_Research/traceXplainer/dvc-data/systems/dronology/corpus/src/MapDrawingUtil.java,114.39317321777344,0.0086660239259801,0.7599237941024601,0.2400762058975398,2039.4263,0.0004900936705886,1
/Users/loganfecko/Desktop/Summer_Research/traceXplainer/dvc-data/systems/dronology/corpus/req/RE-501.txt,/Users/loganfecko/Desktop/Summer_Research/traceXplainer/dvc-data/systems/dronology/corpus/src/FlightRoutePersistenceProvider.java,48.95047378540039,0.0200198301280634,0.7185309567344893,0.2814690432655107,873.422,0.0011436125844848,1
/Users/loganfecko/Desktop/Summer_Research/traceXplainer/dvc-data/systems/dronology/corpus/req/RE-501.txt,/Users/loganfecko/Desktop/Summer_Research/traceXplainer/dvc-data/systems/dronology/corpus/src/DronologyPersistenceUtil.java,47.12963104248047,0.020777221398547,0.6604571047320787,0.3395428952679212,841.26306,0.0011872775213378,1
/Users/loganfecko/Desktop/Summer_Research/traceXplainer/dvc-data/systems/dronology/corpus/req/RE-501.txt,/Users/loganfecko/Desktop/Summer_Research/traceXplainer/dvc-data/systems/dronology/corpus/src/FlightRouteInfo.java,50.24594497680664,0.019513739095895,0.6171687060545569,0.3828312939454431,876.98926,0.0011389660990744,1
/Users/loganfecko/Desktop/Summer_Research/traceXplainer/dvc-data/systems/dronology/corpus/req/RE-501.txt,/Users/loganfecko/Desktop/Summer_Research/traceXplainer/dvc-data/systems/dronology/corpus/src/FlightRouteplanningServiceInstance.java,95.07134246826172,0.0104089312619979,0.7335672954642313,0.2664327045357687,1696.0258,0.0005892662477112,1
/Users/loganfecko/Desktop/Summer_Research/traceXplainer/dvc-data/systems/dronology/corpus/req/RE-501.txt,/Users/loganfecko/Desktop/Summer_Research/traceXplainer/dvc-data/systems/dronology/corpus/src/FlightRouteplanningServiceRemoteFacade.java,76.32144165039062,0.012933023216529,0.7556331595808697,0.2443668404191302,1350.7654,0.0007397733468838,1
/Users/loganfecko/Desktop/Summer_Research/traceXplainer/dvc-data/systems/dronology/corpus/req/RE-501.txt,/Users/loganfecko/Desktop/Summer_Research/traceXplainer/dvc-data/systems/dronology/corpus/src/IFlightRoute.java,43.49795913696289,0.0224729407684078,0.7355710435271823,0.2644289564728177,789.55066,0.0012649410741591,1
/Users/loganfecko/Desktop/Summer_Research/traceXplainer/dvc-data/systems/dronology/corpus/req/RE-501.txt,/Users/loganfecko/Desktop/Summer_Research/traceXplainer/dvc-data/systems/dronology/corpus/src/IFlightRouteplanningServiceInstance.java,42.91902923583984,0.0227691735769049,0.645274700907373,0.3547252990926269,773.0486,0.0012919085709743,1
/Users/loganfecko/Desktop/Summer_Research/traceXplainer/dvc-data/systems/dronology/corpus/req/RE-501.txt,/Users/loganfecko/Desktop/Summer_Research/traceXplainer/dvc-data/systems/dronology/corpus/src/FlightRoute.java,62.27363204956055,0.0158043717044206,0.6776869613079892,0.3223130386920108,1130.2822,0.0008839527188883,1
/Users/loganfecko/Desktop/Summer_Research/traceXplainer/dvc-data/systems/dronology/corpus/req/RE-501.txt,/Users/loganfecko/Desktop/Summer_Research/traceXplainer/dvc-data/systems/dronology/corpus/src/FlightRouteplanningService.java,62.1414680480957,0.0158374524842895,0.7307939886729012,0.2692060113270987,1089.7594,0.0009167924663653,1
/Users/loganfecko/Desktop/Summer_Research/traceXplainer/dvc-data/systems/dronology/corpus/req/RE-501.txt,/Users/loganfecko/Desktop/Summer_Research/traceXplainer/dvc-data/systems/dronology/corpus/src/Waypoint.java,54.66107177734375,0.0179658775526316,0.6539110707468813,0.3460889292531187,969.6166,0.0010302729456134,1
/Users/loganfecko/Desktop/Summer_Research/traceXplainer/dvc-data/systems/dronology/corpus/req/RE-501.txt,/Users/loganfecko/Desktop/Summer_Research/traceXplainer/dvc-data/systems/dronology/corpus/src/DroneSimulatorServiceInstance.java,86.8169174194336,0.0113873275148542,0.7558234910361243,0.2441765089638756,1534.5781,0.0006512205297271,1
/Users/loganfecko/Desktop/Summer_Research/traceXplainer/dvc-data/systems/dronology/corpus/req/RE-677.txt,/Users/loganfecko/Desktop/Summer_Research/traceXplainer/dvc-data/systems/dronology/corpus/src/DroneSetupService.java,66.282958984375,0.0148626043666157,0.8199555860632214,0.1800444139367786,1185.9196,0.0008425170814887,1
/Users/loganfecko/Desktop/Summer_Research/traceXplainer/dvc-data/systems/dronology/corpus/req/RE-101.txt,/Users/loganfecko/Desktop/Summer_Research/traceXplainer/dvc-data/systems/dronology/corpus/src/FlightZoneManager2.java,117.68814849853516,0.0084254410625703,0.7027304162172867,0.2972695837827133,2092.732,0.0004776160615191,1
/Users/loganfecko/Desktop/Summer_Research/traceXplainer/dvc-data/systems/dronology/corpus/req/RE-101.txt,/Users/loganfecko/Desktop/Summer_Research/traceXplainer/dvc-data/systems/dronology/corpus/src/PlanPoolManager.java,83.56726837158203,0.011824906009806,0.6526246525474575,0.3473753474525425,1483.5686,0.000673596354949,1
/Users/loganfecko/Desktop/Summer_Research/traceXplainer/dvc-data/systems/dronology/corpus/req/RE-505.txt,/Users/loganfecko/Desktop/Summer_Research/traceXplainer/dvc-data/systems/dronology/corpus/src/FlightRouteplanningServiceInstance.java,94.08648681640624,0.0105167414790579,0.6926749702213045,0.3073250297786954,1683.8267,0.0005935328681867,1
/Users/loganfecko/Desktop/Summer_Research/traceXplainer/dvc-data/systems/dronology/corpus/req/RE-505.txt,/Users/loganfecko/Desktop/Summer_Research/traceXplainer/dvc-data/systems/dronology/corpus/src/AbstractFileTransmitServiceInstance.java,79.58222961425781,0.0124096839313945,0.8188230705842189,0.1811769294157811,1423.5951,0.0007019538429359,1
/Users/loganfecko/Desktop/Summer_Research/traceXplainer/dvc-data/systems/dronology/corpus/req/RE-25.txt,/Users/loganfecko/Desktop/Summer_Research/traceXplainer/dvc-data/systems/dronology/corpus/src/VirtualDrone.java,76.6451416015625,0.0128791058831667,0.7824028934447638,0.2175971065552362,1390.6252,0.0007185842626888,1
/Users/loganfecko/Desktop/Summer_Research/traceXplainer/dvc-data/systems/dronology/corpus/req/RE-25.txt,/Users/loganfecko/Desktop/Summer_Research/traceXplainer/dvc-data/systems/dronology/corpus/src/PhysicalDroneFleetFactory.java,72.12084197998047,0.013675991316864,0.756681203822196,0.243318796177804,1299.0999,0.0007691716888482,1
/Users/loganfecko/Desktop/Summer_Research/traceXplainer/dvc-data/systems/dronology/corpus/req/RE-25.txt,/Users/loganfecko/Desktop/Summer_Research/traceXplainer/dvc-data/systems/dronology/corpus/src/VirtualDroneFleetFactory.java,60.29436111450195,0.016314714466669,0.6921238503731126,0.3078761496268873,1072.4805,0.0009315493193503,1
/Users/loganfecko/Desktop/Summer_Research/traceXplainer/dvc-data/systems/dronology/corpus/req/RE-25.txt,/Users/loganfecko/Desktop/Summer_Research/traceXplainer/dvc-data/systems/dronology/corpus/src/AbstractDrone.java,73.91966247558594,0.0133476308749504,0.7668665054657393,0.2331334945342607,1326.8727,0.0007530842486343,1
/Users/loganfecko/Desktop/Summer_Research/traceXplainer/dvc-data/systems/dronology/corpus/req/RE-25.txt,/Users/loganfecko/Desktop/Summer_Research/traceXplainer/dvc-data/systems/dronology/corpus/src/PhysicalDrone.java,86.24175262451172,0.011462401544178,0.7559428501549259,0.2440571498450741,1527.2676,0.0006543356767581,1
/Users/loganfecko/Desktop/Summer_Research/traceXplainer/dvc-data/systems/dronology/corpus/req/RE-706.txt,/Users/loganfecko/Desktop/Summer_Research/traceXplainer/dvc-data/systems/dronology/corpus/src/UAVMonitorableMessage.java,63.17180633544922,0.0155831673924314,0.6908704182479579,0.3091295817520421,1114.8301,0.0008961938019096,1
/Users/loganfecko/Desktop/Summer_Research/traceXplainer/dvc-data/systems/dronology/corpus/req/RE-706.txt,/Users/loganfecko/Desktop/Summer_Research/traceXplainer/dvc-data/systems/dronology/corpus/src/IMonitorableMessage.java,35.469573974609375,0.0274201174024191,0.5565684621964836,0.4434315378035164,637.1531,0.0015670221414566,1
/Users/loganfecko/Desktop/Summer_Research/traceXplainer/dvc-data/systems/dronology/corpus/req/RE-706.txt,/Users/loganfecko/Desktop/Summer_Research/traceXplainer/dvc-data/systems/dronology/corpus/src/ArtifactIdentifier.java,70.0992431640625,0.01406484732464,0.7845131627170296,0.2154868372829703,1256.6937,0.0007951061372546,1
/Users/loganfecko/Desktop/Summer_Research/traceXplainer/dvc-data/systems/dronology/corpus/req/RE-510.txt,/Users/loganfecko/Desktop/Summer_Research/traceXplainer/dvc-data/systems/dronology/corpus/src/LlaCoordinate.java,73.50040435791016,0.0134227459383423,0.8102191346979518,0.1897808653020481,1294.2714,0.0007720389943777,1
/Users/loganfecko/Desktop/Summer_Research/traceXplainer/dvc-data/systems/dronology/corpus/req/RE-510.txt,/Users/loganfecko/Desktop/Summer_Research/traceXplainer/dvc-data/systems/dronology/corpus/src/PVector.java,69.58113098144531,0.0141680926062644,0.8036885075385408,0.1963114924614591,1229.2135,0.000812867034223,1
/Users/loganfecko/Desktop/Summer_Research/traceXplainer/dvc-data/systems/dronology/corpus/req/RE-510.txt,/Users/loganfecko/Desktop/Summer_Research/traceXplainer/dvc-data/systems/dronology/corpus/src/NVector.java,80.0268783569336,0.0123415836852911,0.7834731675808471,0.2165268324191529,1430.4219,0.0006986060625907,1
/Users/loganfecko/Desktop/Summer_Research/traceXplainer/dvc-data/systems/dronology/corpus/req/RE-100.txt,/Users/loganfecko/Desktop/Summer_Research/traceXplainer/dvc-data/systems/dronology/corpus/src/PlanPool.java,68.59733581542969,0.0143683660916557,0.6482917859446526,0.3517082140553473,1239.458,0.0008061538509985,1
/Users/loganfecko/Desktop/Summer_Research/traceXplainer/dvc-data/systems/dronology/corpus/req/RE-114.txt,/Users/loganfecko/Desktop/Summer_Research/traceXplainer/dvc-data/systems/dronology/corpus/src/AFMapComponent.java,117.92475128173828,0.0084086785065537,0.8613545425175213,0.1386454574824787,2123.178,0.0004707703451001,1
/Users/loganfecko/Desktop/Summer_Research/traceXplainer/dvc-data/systems/dronology/corpus/req/RE-114.txt,/Users/loganfecko/Desktop/Summer_Research/traceXplainer/dvc-data/systems/dronology/corpus/src/AFMainLayout.java,52.6610107421875,0.0186355043665589,0.7466711507231548,0.2533288492768452,917.49023,0.0010887432033291,1
/Users/loganfecko/Desktop/Summer_Research/traceXplainer/dvc-data/systems/dronology/corpus/req/RE-672.txt,/Users/loganfecko/Desktop/Summer_Research/traceXplainer/dvc-data/systems/dronology/corpus/src/MapDrawingUtil.java,116.31819152832033,0.0085238272681573,0.8418526443241897,0.1581473556758102,2083.962,0.0004796250680913,1
/Users/loganfecko/Desktop/Summer_Research/traceXplainer/dvc-data/systems/dronology/corpus/req/RE-103.txt,/Users/loganfecko/Desktop/Summer_Research/traceXplainer/dvc-data/systems/dronology/corpus/src/FlightZoneManager2.java,118.08789825439452,0.0083971588604562,0.7118266136483175,0.2881733863516825,2082.6133,0.000479935508666,1
/Users/loganfecko/Desktop/Summer_Research/traceXplainer/dvc-data/systems/dronology/corpus/req/RE-709.txt,/Users/loganfecko/Desktop/Summer_Research/traceXplainer/dvc-data/systems/dronology/corpus/src/GroundstationConnector.java,86.76177215576172,0.011394482762098,0.7647346250663292,0.2352653749336708,1559.6924,0.0006407412575423,1
/Users/loganfecko/Desktop/Summer_Research/traceXplainer/dvc-data/systems/dronology/corpus/req/RE-709.txt,/Users/loganfecko/Desktop/Summer_Research/traceXplainer/dvc-data/systems/dronology/corpus/src/RuntimeDroneTypes.java,73.4804916381836,0.0134263345743992,0.8378632636819996,0.1621367363180004,1328.7714,0.0007520089756383,1
/Users/loganfecko/Desktop/Summer_Research/traceXplainer/dvc-data/systems/dronology/corpus/req/RE-709.txt,/Users/loganfecko/Desktop/Summer_Research/traceXplainer/dvc-data/systems/dronology/corpus/src/PhysicalDroneFleetFactory.java,73.44115447998047,0.013433429491867,0.8105454764941884,0.1894545235058116,1332.9352,0.0007496616136191,1
/Users/loganfecko/Desktop/Summer_Research/traceXplainer/dvc-data/systems/dronology/corpus/req/RE-709.txt,/Users/loganfecko/Desktop/Summer_Research/traceXplainer/dvc-data/systems/dronology/corpus/src/IncommingGroundstationConnectionServer.java,54.52035140991211,0.0180114133755549,0.7206985408316551,0.2793014591683449,970.1369,0.0010297209364502,1
/Users/loganfecko/Desktop/Summer_Research/traceXplainer/dvc-data/systems/dronology/corpus/req/RE-709.txt,/Users/loganfecko/Desktop/Summer_Research/traceXplainer/dvc-data/systems/dronology/corpus/src/DispatchQueueManager.java,90.41461181640624,0.0109391702281508,0.8082963698180218,0.1917036301819782,1616.952,0.0006180652971802,1
/Users/loganfecko/Desktop/Summer_Research/traceXplainer/dvc-data/systems/dronology/corpus/req/RE-709.txt,/Users/loganfecko/Desktop/Summer_Research/traceXplainer/dvc-data/systems/dronology/corpus/src/DronologyServiceRunner.java,77.47346496582031,0.0127431610218251,0.8234794336461772,0.1765205663538228,1382.6199,0.0007227418595816,1
/Users/loganfecko/Desktop/Summer_Research/traceXplainer/dvc-data/systems/dronology/corpus/req/RE-709.txt,/Users/loganfecko/Desktop/Summer_Research/traceXplainer/dvc-data/systems/dronology/corpus/src/ConnectionRequestMessage.java,40.81842422485352,0.0239129048627729,0.6963424660096746,0.3036575339903253,737.7185,0.0013536956121556,1
/Users/loganfecko/Desktop/Summer_Research/traceXplainer/dvc-data/systems/dronology/corpus/req/RE-643.txt,/Users/loganfecko/Desktop/Summer_Research/traceXplainer/dvc-data/systems/dronology/corpus/src/AFMapComponent.java,117.95539093017578,0.008406512661431,0.859121836940615,0.140878163059385,2127.0493,0.0004699139217735,1
/Users/loganfecko/Desktop/Summer_Research/traceXplainer/dvc-data/systems/dronology/corpus/req/RE-722.txt,/Users/loganfecko/Desktop/Summer_Research/traceXplainer/dvc-data/systems/dronology/corpus/src/UAVStateMessage.java,67.3329849243164,0.0146342209565054,0.761913890632031,0.238086109367969,1188.1375,0.0008409456779067,1
/Users/loganfecko/Desktop/Summer_Research/traceXplainer/dvc-data/systems/dronology/corpus/req/RE-722.txt,/Users/loganfecko/Desktop/Summer_Research/traceXplainer/dvc-data/systems/dronology/corpus/src/UAVMessageFactory.java,66.39310455322266,0.014838313305633,0.6650362910789689,0.3349637089210311,1190.2561,0.000839450053644,1
/Users/loganfecko/Desktop/Summer_Research/traceXplainer/dvc-data/systems/dronology/corpus/req/RE-722.txt,/Users/loganfecko/Desktop/Summer_Research/traceXplainer/dvc-data/systems/dronology/corpus/src/UAVMonitoringMessage.java,37.79087448120117,0.0257792589977475,0.6169470842488283,0.3830529157511717,692.2765,0.0014424259519755,1
/Users/loganfecko/Desktop/Summer_Research/traceXplainer/dvc-data/systems/dronology/corpus/req/RE-722.txt,/Users/loganfecko/Desktop/Summer_Research/traceXplainer/dvc-data/systems/dronology/corpus/src/UAVModeChangeMessage.java,41.56026077270508,0.0234960966367321,0.5849828606061283,0.4150171393938717,756.01917,0.0013209705198789,1
/Users/loganfecko/Desktop/Summer_Research/traceXplainer/dvc-data/systems/dronology/corpus/req/RE-508.txt,/Users/loganfecko/Desktop/Summer_Research/traceXplainer/dvc-data/systems/dronology/corpus/src/FlightRoute.java,59.77392578125,0.0164544249387377,0.5904428942079699,0.4095571057920301,1059.4707,0.0009429774882542,1
/Users/loganfecko/Desktop/Summer_Research/traceXplainer/dvc-data/systems/dronology/corpus/req/RE-28.txt,/Users/loganfecko/Desktop/Summer_Research/traceXplainer/dvc-data/systems/dronology/corpus/src/PlanPool.java,69.62582397460938,0.0141591268423219,0.6881650785006248,0.3118349214993752,1256.5806,0.0007951776822201,1
/Users/loganfecko/Desktop/Summer_Research/traceXplainer/dvc-data/systems/dronology/corpus/req/RE-28.txt,/Users/loganfecko/Desktop/Summer_Research/traceXplainer/dvc-data/systems/dronology/corpus/src/PlanPoolManager.java,86.22013092041016,0.0114652430516587,0.7481883091380329,0.2518116908619671,1544.309,0.000647119783752,1
/Users/loganfecko/Desktop/Summer_Research/traceXplainer/dvc-data/systems/dronology/corpus/req/RE-681.txt,/Users/loganfecko/Desktop/Summer_Research/traceXplainer/dvc-data/systems/dronology/corpus/src/AFControlsComponent.java,42.33870315551758,0.0230740637626275,0.7434353160941289,0.256564683905871,736.4412,0.0013560402763163,1
/Users/loganfecko/Desktop/Summer_Research/traceXplainer/dvc-data/systems/dronology/corpus/req/RE-681.txt,/Users/loganfecko/Desktop/Summer_Research/traceXplainer/dvc-data/systems/dronology/corpus/src/AFInfoBox.java,102.6275634765625,0.0096499422204997,0.7824157996643224,0.2175842003356776,1806.2456,0.0005533282233327,1
/Users/loganfecko/Desktop/Summer_Research/traceXplainer/dvc-data/systems/dronology/corpus/req/RE-681.txt,/Users/loganfecko/Desktop/Summer_Research/traceXplainer/dvc-data/systems/dronology/corpus/src/AFMapComponent.java,116.59966278076172,0.008503425744207,0.7967744920465094,0.2032255079534906,2112.5586,0.0004731356882922,1
/Users/loganfecko/Desktop/Summer_Research/traceXplainer/dvc-data/systems/dronology/corpus/req/RE-681.txt,/Users/loganfecko/Desktop/Summer_Research/traceXplainer/dvc-data/systems/dronology/corpus/src/AFEmergencyComponent.java,50.76005554199219,0.0193199174446154,0.7462382418816779,0.2537617581183221,905.2737,0.0011034194418949,1
/Users/loganfecko/Desktop/Summer_Research/traceXplainer/dvc-data/systems/dronology/corpus/req/RE-681.txt,/Users/loganfecko/Desktop/Summer_Research/traceXplainer/dvc-data/systems/dronology/corpus/src/AFInfoPanel.java,105.67743682861328,0.0093740534993035,0.7597985664922279,0.2402014335077721,1884.9928,0.0005302247183229,1
/Users/loganfecko/Desktop/Summer_Research/traceXplainer/dvc-data/systems/dronology/corpus/req/RE-695.txt,/Users/loganfecko/Desktop/Summer_Research/traceXplainer/dvc-data/systems/dronology/corpus/src/AFMapComponent.java,116.9770050048828,0.0084762280578203,0.813232724384512,0.186767275615488,2107.7136,0.0004742227626694,1
/Users/loganfecko/Desktop/Summer_Research/traceXplainer/dvc-data/systems/dronology/corpus/req/RE-695.txt,/Users/loganfecko/Desktop/Summer_Research/traceXplainer/dvc-data/systems/dronology/corpus/src/AFFollowBar.java,52.819801330566406,0.0185805219506089,0.7237916517956428,0.2762083482043572,951.27893,0.0010501124909932,1
/Users/loganfecko/Desktop/Summer_Research/traceXplainer/dvc-data/systems/dronology/corpus/req/RE-656.txt,/Users/loganfecko/Desktop/Summer_Research/traceXplainer/dvc-data/systems/dronology/corpus/src/AFDragLayout.java,96.41384887695312,0.0102654808482429,0.7212041925000161,0.2787958074999839,1714.1017,0.0005830558088749,1
/Users/loganfecko/Desktop/Summer_Research/traceXplainer/dvc-data/systems/dronology/corpus/req/RE-656.txt,/Users/loganfecko/Desktop/Summer_Research/traceXplainer/dvc-data/systems/dronology/corpus/src/AFAssignRouteComponent.java,107.26318359375,0.009236750359683,0.71385239167375,0.2861476083262499,1874.3789,0.0005332255773312,1
/Users/loganfecko/Desktop/Summer_Research/traceXplainer/dvc-data/systems/dronology/corpus/req/RE-646.txt,/Users/loganfecko/Desktop/Summer_Research/traceXplainer/dvc-data/systems/dronology/corpus/src/AFDragLayout.java,97.35205841064452,0.0101675553736226,0.7550042342852799,0.2449957657147201,1726.6765,0.0005788120589048,1
/Users/loganfecko/Desktop/Summer_Research/traceXplainer/dvc-data/systems/dronology/corpus/req/RE-646.txt,/Users/loganfecko/Desktop/Summer_Research/traceXplainer/dvc-data/systems/dronology/corpus/src/AFAssignRouteComponent.java,107.56934356689452,0.0092107031980335,0.7138992705816343,0.2861007294183657,1876.8948,0.0005325111998311,1
/Users/loganfecko/Desktop/Summer_Research/traceXplainer/dvc-data/systems/dronology/corpus/req/RE-691.txt,/Users/loganfecko/Desktop/Summer_Research/traceXplainer/dvc-data/systems/dronology/corpus/src/AFInfoBox.java,103.18538665771484,0.0095982750756144,0.8062797566651329,0.1937202433348671,1814.9711,0.0005506695656587,1
/Users/loganfecko/Desktop/Summer_Research/traceXplainer/dvc-data/systems/dronology/corpus/req/RE-691.txt,/Users/loganfecko/Desktop/Summer_Research/traceXplainer/dvc-data/systems/dronology/corpus/src/AFEmergencyComponent.java,50.102256774902344,0.0195686073983943,0.7119857329735207,0.2880142670264792,902.73474,0.0011065193738818,1
/Users/loganfecko/Desktop/Summer_Research/traceXplainer/dvc-data/systems/dronology/corpus/req/RE-693.txt,/Users/loganfecko/Desktop/Summer_Research/traceXplainer/dvc-data/systems/dronology/corpus/src/AFEmergencyComponent.java,48.54190444946289,0.0201849325558343,0.6284352749974986,0.3715647250025014,866.2456,0.0011530758918743,1
/Users/loganfecko/Desktop/Summer_Research/traceXplainer/dvc-data/systems/dronology/corpus/req/RE-637.txt,/Users/loganfecko/Desktop/Summer_Research/traceXplainer/dvc-data/systems/dronology/corpus/src/FlightManagerService.java,68.01882934570312,0.0144887997881154,0.7739791569400486,0.2260208430599514,1204.2152,0.0008297273314634,1
/Users/loganfecko/Desktop/Summer_Research/traceXplainer/dvc-data/systems/dronology/corpus/req/RE-555.txt,/Users/loganfecko/Desktop/Summer_Research/traceXplainer/dvc-data/systems/dronology/corpus/src/VirtualDrone.java,78.36157989501953,0.0126005556003649,0.8101912505174174,0.1898087494825826,1392.0895,0.0007178289809255,1
/Users/loganfecko/Desktop/Summer_Research/traceXplainer/dvc-data/systems/dronology/corpus/req/RE-555.txt,/Users/loganfecko/Desktop/Summer_Research/traceXplainer/dvc-data/systems/dronology/corpus/src/DroneFleetManager.java,80.04712677001953,0.0123385003250962,0.8138749257468214,0.1861250742531786,1428.1208,0.0006997308871907,1
/Users/loganfecko/Desktop/Summer_Research/traceXplainer/dvc-data/systems/dronology/corpus/req/RE-555.txt,/Users/loganfecko/Desktop/Summer_Research/traceXplainer/dvc-data/systems/dronology/corpus/src/FlightZoneManager2.java,118.30094909667967,0.0083821629884068,0.7242661078045469,0.2757338921954531,2096.7417,0.0004767031138163,1
/Users/loganfecko/Desktop/Summer_Research/traceXplainer/dvc-data/systems/dronology/corpus/req/RE-555.txt,/Users/loganfecko/Desktop/Summer_Research/traceXplainer/dvc-data/systems/dronology/corpus/src/ManagedHashTableList.java,47.5292854309082,0.0206061142487604,0.782436061127268,0.2175639388727319,838.3596,0.001191384452142,1
/Users/loganfecko/Desktop/Summer_Research/traceXplainer/dvc-data/systems/dronology/corpus/req/RE-555.txt,/Users/loganfecko/Desktop/Summer_Research/traceXplainer/dvc-data/systems/dronology/corpus/src/FlightInfo.java,41.334468841552734,0.0236214136462358,0.5485913465107422,0.4514086534892578,732.5874,0.0013631640848862,1
/Users/loganfecko/Desktop/Summer_Research/traceXplainer/dvc-data/systems/dronology/corpus/req/RE-555.txt,/Users/loganfecko/Desktop/Summer_Research/traceXplainer/dvc-data/systems/dronology/corpus/src/PlanPool.java,68.55164337158203,0.0143778054913449,0.6444560173468024,0.3555439826531976,1234.6165,0.0008093126276282,1
/Users/loganfecko/Desktop/Summer_Research/traceXplainer/dvc-data/systems/dronology/corpus/req/RE-555.txt,/Users/loganfecko/Desktop/Summer_Research/traceXplainer/dvc-data/systems/dronology/corpus/src/IDroneSetupRemoteService.java,56.1994514465332,0.0174826851431388,0.7635369166399202,0.2364630833600798,1001.4364,0.0009975695202569,1
/Users/loganfecko/Desktop/Summer_Research/traceXplainer/dvc-data/systems/dronology/corpus/req/RE-555.txt,/Users/loganfecko/Desktop/Summer_Research/traceXplainer/dvc-data/systems/dronology/corpus/src/IStartstrategy.java,29.6220645904541,0.0326561913239426,0.7067405673422751,0.2932594326577249,536.35596,0.0018609638302415,1
/Users/loganfecko/Desktop/Summer_Research/traceXplainer/dvc-data/systems/dronology/corpus/req/RE-555.txt,/Users/loganfecko/Desktop/Summer_Research/traceXplainer/dvc-data/systems/dronology/corpus/src/IPlanStatusChangeListener.java,33.08823013305664,0.0293356386088893,0.6638733676673398,0.3361266323326601,595.00415,0.0016778406649426,1
/Users/loganfecko/Desktop/Summer_Research/traceXplainer/dvc-data/systems/dronology/corpus/req/RE-555.txt,/Users/loganfecko/Desktop/Summer_Research/traceXplainer/dvc-data/systems/dronology/corpus/src/FlightManagerService.java,66.12226867675781,0.014898185352103,0.7074013320703347,0.2925986679296652,1191.0016,0.0008389250576325,1
/Users/loganfecko/Desktop/Summer_Research/traceXplainer/dvc-data/systems/dronology/corpus/req/RE-555.txt,/Users/loganfecko/Desktop/Summer_Research/traceXplainer/dvc-data/systems/dronology/corpus/src/FlightManagerServiceRemoteFacade.java,72.24935150146484,0.0136519979972792,0.7057578845132806,0.2942421154867194,1301.9126,0.00076751119131,1
/Users/loganfecko/Desktop/Summer_Research/traceXplainer/dvc-data/systems/dronology/corpus/req/RE-555.txt,/Users/loganfecko/Desktop/Summer_Research/traceXplainer/dvc-data/systems/dronology/corpus/src/RemoteInfoFactory.java,55.25797653198242,0.0177752571572051,0.6937901494769027,0.3062098505230973,987.98694,0.0010111356996689,1
/Users/loganfecko/Desktop/Summer_Research/traceXplainer/dvc-data/systems/dronology/corpus/req/RE-555.txt,/Users/loganfecko/Desktop/Summer_Research/traceXplainer/dvc-data/systems/dronology/corpus/src/SoloDirector.java,75.85591888427734,0.0130113596261298,0.8002864899608171,0.1997135100391829,1358.0702,0.0007357971700371,1
/Users/loganfecko/Desktop/Summer_Research/traceXplainer/dvc-data/systems/dronology/corpus/req/RE-555.txt,/Users/loganfecko/Desktop/Summer_Research/traceXplainer/dvc-data/systems/dronology/corpus/src/IStopStrategy.java,29.905317306518555,0.0323568915368838,0.6970183106341649,0.3029816893658351,537.7006,0.0018563186269405,1
/Users/loganfecko/Desktop/Summer_Research/traceXplainer/dvc-data/systems/dronology/corpus/req/RE-555.txt,/Users/loganfecko/Desktop/Summer_Research/traceXplainer/dvc-data/systems/dronology/corpus/src/FlightManagerServiceInstance.java,73.96501922607422,0.0133395550394547,0.7054566621169965,0.2945433378830034,1320.8684,0.0007565049544979,1
/Users/loganfecko/Desktop/Summer_Research/traceXplainer/dvc-data/systems/dronology/corpus/req/RE-555.txt,/Users/loganfecko/Desktop/Summer_Research/traceXplainer/dvc-data/systems/dronology/corpus/src/LandingStrategy.java,34.3779182434082,0.0282662194287343,0.6817467511464077,0.3182532488535923,610.83374,0.0016344309478861,1
/Users/loganfecko/Desktop/Summer_Research/traceXplainer/dvc-data/systems/dronology/corpus/req/RE-555.txt,/Users/loganfecko/Desktop/Summer_Research/traceXplainer/dvc-data/systems/dronology/corpus/src/DroneSetupServiceRemoteFacade.java,71.39725494384766,0.0138126784057712,0.7835649280741235,0.2164350719258765,1282.3887,0.0007791871799359,1
/Users/loganfecko/Desktop/Summer_Research/traceXplainer/dvc-data/systems/dronology/corpus/req/RE-555.txt,/Users/loganfecko/Desktop/Summer_Research/traceXplainer/dvc-data/systems/dronology/corpus/src/Waypoint.java,59.70650863647461,0.0164726982733967,0.8179928110269258,0.1820071889730742,1051.8821,0.0009497739765176,1
/Users/loganfecko/Desktop/Summer_Research/traceXplainer/dvc-data/systems/dronology/corpus/req/RE-555.txt,/Users/loganfecko/Desktop/Summer_Research/traceXplainer/dvc-data/systems/dronology/corpus/src/DroneSetupServiceInstance.java,96.41594696044922,0.0102652597567624,0.7098155118853531,0.2901844881146469,1723.6257,0.000579835950027,1
/Users/loganfecko/Desktop/Summer_Research/traceXplainer/dvc-data/systems/dronology/corpus/req/RE-555.txt,/Users/loganfecko/Desktop/Summer_Research/traceXplainer/dvc-data/systems/dronology/corpus/src/FlightInfoCreator.java,55.15822982788086,0.0178068290803484,0.5952549982695501,0.4047450017304499,989.13824,0.0010099599782399,1
/Users/loganfecko/Desktop/Summer_Research/traceXplainer/dvc-data/systems/dronology/corpus/req/RE-555.txt,/Users/loganfecko/Desktop/Summer_Research/traceXplainer/dvc-data/systems/dronology/corpus/src/IDroneSetupServiceInstance.java,59.00728225708008,0.016664644062963,0.7911525703169121,0.2088474296830879,1052.8882,0.0009488672665348,1
/Users/loganfecko/Desktop/Summer_Research/traceXplainer/dvc-data/systems/dronology/corpus/req/RE-555.txt,/Users/loganfecko/Desktop/Summer_Research/traceXplainer/dvc-data/systems/dronology/corpus/src/IFlightManagerServiceInstance.java,53.3919677734375,0.0183850675188911,0.7116865025315953,0.2883134974684047,947.8589,0.0010538974909726,1
/Users/loganfecko/Desktop/Summer_Research/traceXplainer/dvc-data/systems/dronology/corpus/req/RE-555.txt,/Users/loganfecko/Desktop/Summer_Research/traceXplainer/dvc-data/systems/dronology/corpus/src/DroneSetupService.java,67.29313659667969,0.0146427598706693,0.7862844403098703,0.2137155596901296,1189.8531,0.0008397341019688,1
/Users/loganfecko/Desktop/Summer_Research/traceXplainer/dvc-data/systems/dronology/corpus/req/RE-555.txt,/Users/loganfecko/Desktop/Summer_Research/traceXplainer/dvc-data/systems/dronology/corpus/src/IManagedDroneStateChangeListener.java,33.49775695800781,0.0289873918822387,0.8040927336446576,0.1959072663553424,601.3312,0.0016602162374903,1
/Users/loganfecko/Desktop/Summer_Research/traceXplainer/dvc-data/systems/dronology/corpus/req/RE-555.txt,/Users/loganfecko/Desktop/Summer_Research/traceXplainer/dvc-data/systems/dronology/corpus/src/FlightPlan.java,83.48655700683594,0.0118362025324228,0.7152490269397621,0.2847509730602379,1479.8276,0.0006752980395583,1
/Users/loganfecko/Desktop/Summer_Research/traceXplainer/dvc-data/systems/dronology/corpus/req/RE-555.txt,/Users/loganfecko/Desktop/Summer_Research/traceXplainer/dvc-data/systems/dronology/corpus/src/DroneInitializationInfo.java,54.111305236816406,0.0181450973752652,0.8663643433037729,0.1336356566962271,982.91754,0.0010163453316133,1
/Users/loganfecko/Desktop/Summer_Research/traceXplainer/dvc-data/systems/dronology/corpus/req/RE-555.txt,/Users/loganfecko/Desktop/Summer_Research/traceXplainer/dvc-data/systems/dronology/corpus/src/PlanPoolManager.java,84.4677963256836,0.0117003133693701,0.6823261650495822,0.3176738349504178,1502.9773,0.0006649036547137,1
/Users/loganfecko/Desktop/Summer_Research/traceXplainer/dvc-data/systems/dronology/corpus/req/RE-555.txt,/Users/loganfecko/Desktop/Summer_Research/traceXplainer/dvc-data/systems/dronology/corpus/src/DroneFlightStateManager.java,103.27648162841795,0.0095898901112086,0.7030448508819387,0.2969551491180613,1904.933,0.0005246774197783,1
/Users/loganfecko/Desktop/Summer_Research/traceXplainer/dvc-data/systems/dronology/corpus/req/RE-555.txt,/Users/loganfecko/Desktop/Summer_Research/traceXplainer/dvc-data/systems/dronology/corpus/src/IFlightPlan.java,53.55191421508789,0.0183311624236903,0.7269814247783201,0.2730185752216799,968.5523,0.0010314038682051,1
/Users/loganfecko/Desktop/Summer_Research/traceXplainer/dvc-data/systems/dronology/corpus/req/RE-555.txt,/Users/loganfecko/Desktop/Summer_Research/traceXplainer/dvc-data/systems/dronology/corpus/src/IFlightManagerRemoteService.java,54.47937774658203,0.0180247155000149,0.6977725179200298,0.3022274820799702,979.79456,0.0010195815160524,1
/Users/loganfecko/Desktop/Summer_Research/traceXplainer/dvc-data/systems/dronology/corpus/req/RE-555.txt,/Users/loganfecko/Desktop/Summer_Research/traceXplainer/dvc-data/systems/dronology/corpus/src/DronologyServiceRunner.java,75.88445281982422,0.0130065307526277,0.7339254504745488,0.2660745495254512,1357.7096,0.0007359924474525,1
/Users/loganfecko/Desktop/Summer_Research/traceXplainer/dvc-data/systems/dronology/corpus/req/RE-555.txt,/Users/loganfecko/Desktop/Summer_Research/traceXplainer/dvc-data/systems/dronology/corpus/src/FlightPlanFactory.java,35.90371322631836,0.0270975441920255,0.6097361358196018,0.3902638641803981,641.1618,0.0015572399252973,1
/Users/loganfecko/Desktop/Summer_Research/traceXplainer/dvc-data/systems/dronology/corpus/req/RE-555.txt,/Users/loganfecko/Desktop/Summer_Research/traceXplainer/dvc-data/systems/dronology/corpus/src/DroneSimulatorServiceInstance.java,89.50306701660156,0.0110493492979256,0.8430235922941551,0.1569764077058448,1598.4973,0.0006251964232537,1
/Users/loganfecko/Desktop/Summer_Research/traceXplainer/dvc-data/systems/dronology/corpus/req/RE-555.txt,/Users/loganfecko/Desktop/Summer_Research/traceXplainer/dvc-data/systems/dronology/corpus/src/DummyLockObject.java,36.58516311645508,0.026606243450416,0.8721005030460673,0.1278994969539326,667.34686,0.0014962290625874,1
/Users/loganfecko/Desktop/Summer_Research/traceXplainer/dvc-data/systems/dronology/corpus/req/RE-555.txt,/Users/loganfecko/Desktop/Summer_Research/traceXplainer/dvc-data/systems/dronology/corpus/src/DroneException.java,38.4457893371582,0.0253512483031488,0.9309020195079464,0.0690979804920535,681.4033,0.0014654090480422,1
/Users/loganfecko/Desktop/Summer_Research/traceXplainer/dvc-data/systems/dronology/corpus/req/RE-555.txt,/Users/loganfecko/Desktop/Summer_Research/traceXplainer/dvc-data/systems/dronology/corpus/src/PhysicalDrone.java,86.843994140625,0.0113838175254093,0.766571015938742,0.233428984061258,1546.4635,0.0006462187957059,1
/Users/loganfecko/Desktop/Summer_Research/traceXplainer/dvc-data/systems/dronology/corpus/req/RE-541.txt,/Users/loganfecko/Desktop/Summer_Research/traceXplainer/dvc-data/systems/dronology/corpus/src/FullMissionPlan.java,96.9606475830078,0.0102081807814984,0.7773947377736183,0.2226052622263816,1723.5371,0.0005798657474888,1
/Users/loganfecko/Desktop/Summer_Research/traceXplainer/dvc-data/systems/dronology/corpus/req/RE-541.txt,/Users/loganfecko/Desktop/Summer_Research/traceXplainer/dvc-data/systems/dronology/corpus/src/TaskList.java,42.0496711730957,0.0232289811455043,0.7861160259366109,0.2138839740633891,748.6116,0.0013340242293453,1
/Users/loganfecko/Desktop/Summer_Research/traceXplainer/dvc-data/systems/dronology/corpus/req/RE-541.txt,/Users/loganfecko/Desktop/Summer_Research/traceXplainer/dvc-data/systems/dronology/corpus/src/IMissionTask.java,38.00137710571289,0.0256401202780483,0.8301043921540818,0.1698956078459181,674.6422,0.0014800733026538,1
/Users/loganfecko/Desktop/Summer_Research/traceXplainer/dvc-data/systems/dronology/corpus/req/RE-541.txt,/Users/loganfecko/Desktop/Summer_Research/traceXplainer/dvc-data/systems/dronology/corpus/src/CoordinatedTakeoffPattern.java,72.2792739868164,0.0136464234099795,0.7524649077404426,0.2475350922595574,1310.304,0.0007625996979017,1
/Users/loganfecko/Desktop/Summer_Research/traceXplainer/dvc-data/systems/dronology/corpus/req/RE-541.txt,/Users/loganfecko/Desktop/Summer_Research/traceXplainer/dvc-data/systems/dronology/corpus/src/IFlightPattern.java,63.146278381347656,0.0155893689428875,0.7720048091116232,0.2279951908883768,1106.2853,0.0009031096317987,1
/Users/loganfecko/Desktop/Summer_Research/traceXplainer/dvc-data/systems/dronology/corpus/req/RE-541.txt,/Users/loganfecko/Desktop/Summer_Research/traceXplainer/dvc-data/systems/dronology/corpus/src/CoordinatedLandingPattern.java,80.79029083251953,0.012226390074192,0.7657498922774665,0.2342501077225335,1451.0623,0.0006886757065441,1
/Users/loganfecko/Desktop/Summer_Research/traceXplainer/dvc-data/systems/dronology/corpus/req/RE-541.txt,/Users/loganfecko/Desktop/Summer_Research/traceXplainer/dvc-data/systems/dronology/corpus/src/PatternFactory.java,41.30694580078125,0.0236367807004762,0.7214290876687477,0.2785709123312523,737.8401,0.0013534728507422,1
/Users/loganfecko/Desktop/Summer_Research/traceXplainer/dvc-data/systems/dronology/corpus/req/RE-541.txt,/Users/loganfecko/Desktop/Summer_Research/traceXplainer/dvc-data/systems/dronology/corpus/src/SyncConstants.java,38.6172981262207,0.0252414992262723,0.6971464615174857,0.3028535384825143,687.2007,0.0014530645258561,1
/Users/loganfecko/Desktop/Summer_Research/traceXplainer/dvc-data/systems/dronology/corpus/req/RE-541.txt,/Users/loganfecko/Desktop/Summer_Research/traceXplainer/dvc-data/systems/dronology/corpus/src/AbstractFlightPattern.java,51.275352478027344,0.0191294740751929,0.7314594851387854,0.2685405148612145,915.2374,0.0010914201611896,1
/Users/loganfecko/Desktop/Summer_Research/traceXplainer/dvc-data/systems/dronology/corpus/req/RE-541.txt,/Users/loganfecko/Desktop/Summer_Research/traceXplainer/dvc-data/systems/dronology/corpus/src/PatternTask.java,36.28371047973633,0.0268213648033636,0.6996728625144308,0.3003271374855691,635.1652,0.0015719186858283,1
/Users/loganfecko/Desktop/Summer_Research/traceXplainer/dvc-data/systems/dronology/corpus/req/RE-596.txt,/Users/loganfecko/Desktop/Summer_Research/traceXplainer/dvc-data/systems/dronology/corpus/src/VirtualDrone.java,74.41320037841797,0.0132602779749708,0.6818299240519186,0.3181700759480814,1341.0677,0.0007451188665606,1
/Users/loganfecko/Desktop/Summer_Research/traceXplainer/dvc-data/systems/dronology/corpus/req/RE-8.txt,/Users/loganfecko/Desktop/Summer_Research/traceXplainer/dvc-data/systems/dronology/corpus/src/FlightZoneManager2.java,120.4728775024414,0.0082322903726381,0.7987745685015895,0.2012254314984105,2117.7769,0.0004719704188852,1
/Users/loganfecko/Desktop/Summer_Research/traceXplainer/dvc-data/systems/dronology/corpus/req/RE-8.txt,/Users/loganfecko/Desktop/Summer_Research/traceXplainer/dvc-data/systems/dronology/corpus/src/ModeChangeMessageTypeAdapter.java,57.33698272705078,0.0171417847350596,0.7115057360809922,0.2884942639190078,1004.3961,0.0009946328436458,1
/Users/loganfecko/Desktop/Summer_Research/traceXplainer/dvc-data/systems/dronology/corpus/req/RE-8.txt,/Users/loganfecko/Desktop/Summer_Research/traceXplainer/dvc-data/systems/dronology/corpus/src/StatusDispatchThread.java,69.80684661865234,0.0141229280465735,0.7851351261565529,0.2148648738434471,1222.3741,0.0008174114220673,1
/Users/loganfecko/Desktop/Summer_Research/traceXplainer/dvc-data/systems/dronology/corpus/req/RE-8.txt,/Users/loganfecko/Desktop/Summer_Research/traceXplainer/dvc-data/systems/dronology/corpus/src/AbstractDrone.java,73.67861938476562,0.0133907135434268,0.7502434945492644,0.2497565054507355,1312.4163,0.0007613732452028,1
/Users/loganfecko/Desktop/Summer_Research/traceXplainer/dvc-data/systems/dronology/corpus/req/RE-8.txt,/Users/loganfecko/Desktop/Summer_Research/traceXplainer/dvc-data/systems/dronology/corpus/src/UAVMessageFactory.java,69.92479705810547,0.0140994411190312,0.8161968185322186,0.1838031814677814,1251.251,0.0007985619645872,1
/Users/loganfecko/Desktop/Summer_Research/traceXplainer/dvc-data/systems/dronology/corpus/req/RE-8.txt,/Users/loganfecko/Desktop/Summer_Research/traceXplainer/dvc-data/systems/dronology/corpus/src/SoloDirector.java,75.0153579711914,0.0131552363455156,0.8033907366379888,0.1966092633620112,1340.9907,0.000745161634218,1
/Users/loganfecko/Desktop/Summer_Research/traceXplainer/dvc-data/systems/dronology/corpus/req/RE-8.txt,/Users/loganfecko/Desktop/Summer_Research/traceXplainer/dvc-data/systems/dronology/corpus/src/ManagedDrone.java,101.8877944946289,0.0097193258433798,0.7611741506478866,0.2388258493521133,1796.4238,0.0005563518099363,1
/Users/loganfecko/Desktop/Summer_Research/traceXplainer/dvc-data/systems/dronology/corpus/req/RE-8.txt,/Users/loganfecko/Desktop/Summer_Research/traceXplainer/dvc-data/systems/dronology/corpus/src/MissionPlanningService.java,63.781455993652344,0.0154365162786397,0.7218228125014963,0.2781771874985037,1129.6123,0.0008844764875227,1
/Users/loganfecko/Desktop/Summer_Research/traceXplainer/dvc-data/systems/dronology/corpus/req/RE-8.txt,/Users/loganfecko/Desktop/Summer_Research/traceXplainer/dvc-data/systems/dronology/corpus/src/DroneFlightStateManager.java,104.6402359008789,0.0094660901830841,0.7445473516513459,0.2554526483486541,1915.3987,0.0005218120893006,1
/Users/loganfecko/Desktop/Summer_Research/traceXplainer/dvc-data/systems/dronology/corpus/req/RE-8.txt,/Users/loganfecko/Desktop/Summer_Research/traceXplainer/dvc-data/systems/dronology/corpus/src/IMissionPlanningServiceInstance.java,46.7739372253418,0.0209319151419981,0.6963438638551751,0.3036561361448249,836.084,0.0011946232620214,1
/Users/loganfecko/Desktop/Summer_Research/traceXplainer/dvc-data/systems/dronology/corpus/req/RE-8.txt,/Users/loganfecko/Desktop/Summer_Research/traceXplainer/dvc-data/systems/dronology/corpus/src/MissionPlanningServiceInstance.java,94.0465087890625,0.0105211649827066,0.7848100854851295,0.2151899145148704,1677.197,0.000595877591962,1
/Users/loganfecko/Desktop/Summer_Research/traceXplainer/dvc-data/systems/dronology/corpus/req/RE-8.txt,/Users/loganfecko/Desktop/Summer_Research/traceXplainer/dvc-data/systems/dronology/corpus/src/UAVModeChangeMessage.java,46.21595001220703,0.0211792836899705,0.7816089627416924,0.2183910372583075,817.4685,0.0012217941103916,1
/Users/loganfecko/Desktop/Summer_Research/traceXplainer/dvc-data/systems/dronology/corpus/req/RE-8.txt,/Users/loganfecko/Desktop/Summer_Research/traceXplainer/dvc-data/systems/dronology/corpus/src/PhysicalDrone.java,86.77578735351562,0.0113926634001301,0.7800145834569161,0.2199854165430839,1536.999,0.0006501954713631,1
/Users/loganfecko/Desktop/Summer_Research/traceXplainer/dvc-data/systems/dronology/corpus/req/RE-597.txt,/Users/loganfecko/Desktop/Summer_Research/traceXplainer/dvc-data/systems/dronology/corpus/src/DroneVoltageSimulator.java,48.42123031616211,0.02023421905126,0.6361686018948405,0.3638313981051595,857.01697,0.0011654781170528,1
/Users/loganfecko/Desktop/Summer_Research/traceXplainer/dvc-data/systems/dronology/corpus/req/RE-634.txt,/Users/loganfecko/Desktop/Summer_Research/traceXplainer/dvc-data/systems/dronology/corpus/src/FlightRouteplanningServiceInstance.java,95.40541076660156,0.0103728617724684,0.7460963814201995,0.2539036185798005,1697.4462,0.0005887734444777,1
/Users/loganfecko/Desktop/Summer_Research/traceXplainer/dvc-data/systems/dronology/corpus/req/RE-634.txt,/Users/loganfecko/Desktop/Summer_Research/traceXplainer/dvc-data/systems/dronology/corpus/src/FlightRouteplanningServiceRemoteFacade.java,73.95276641845703,0.013341735706152,0.6737515684038675,0.3262484315961325,1299.8749,0.0007687134381374,1
/Users/loganfecko/Desktop/Summer_Research/traceXplainer/dvc-data/systems/dronology/corpus/req/RE-634.txt,/Users/loganfecko/Desktop/Summer_Research/traceXplainer/dvc-data/systems/dronology/corpus/src/IFlightRouteplanningServiceInstance.java,43.20621109008789,0.0226212555960088,0.6671024503421878,0.3328975496578121,748.7866,0.0013337127815661,1
/Users/loganfecko/Desktop/Summer_Research/traceXplainer/dvc-data/systems/dronology/corpus/req/RE-634.txt,/Users/loganfecko/Desktop/Summer_Research/traceXplainer/dvc-data/systems/dronology/corpus/src/AbstractFileTransmitServerService.java,61.664703369140625,0.015957946758469,0.823485053430175,0.176514946569825,1104.7275,0.0009043819247261,1
/Users/loganfecko/Desktop/Summer_Research/traceXplainer/dvc-data/systems/dronology/corpus/req/RE-634.txt,/Users/loganfecko/Desktop/Summer_Research/traceXplainer/dvc-data/systems/dronology/corpus/src/FlightRouteplanningService.java,60.46205520629883,0.0162702011288668,0.6761833752611948,0.3238166247388052,1058.7659,0.0009436046480822,1
/Users/loganfecko/Desktop/Summer_Research/traceXplainer/dvc-data/systems/dronology/corpus/req/RE-595.txt,/Users/loganfecko/Desktop/Summer_Research/traceXplainer/dvc-data/systems/dronology/corpus/src/SimpleSimulator.java,55.03032684326172,0.0178474775418923,0.6396636087964194,0.3603363912035806,975.79504,0.0010237562180505,1
/Users/loganfecko/Desktop/Summer_Research/traceXplainer/dvc-data/systems/dronology/corpus/req/RE-595.txt,/Users/loganfecko/Desktop/Summer_Research/traceXplainer/dvc-data/systems/dronology/corpus/src/FlightSimulator.java,80.76233673095703,0.0122305702109584,0.7398289345516476,0.2601710654483524,1436.9756,0.0006954220988029,1
/Users/loganfecko/Desktop/Summer_Research/traceXplainer/dvc-data/systems/dronology/corpus/req/RE-595.txt,/Users/loganfecko/Desktop/Summer_Research/traceXplainer/dvc-data/systems/dronology/corpus/src/NVECSimulator.java,63.295921325683594,0.015553086096,0.6735819563624563,0.3264180436375437,1129.8379,0.0008843000471511,1
/Users/loganfecko/Desktop/Summer_Research/traceXplainer/dvc-data/systems/dronology/corpus/req/RE-595.txt,/Users/loganfecko/Desktop/Summer_Research/traceXplainer/dvc-data/systems/dronology/corpus/src/NvecInterpolator.java,57.12197494506836,0.0172051965017553,0.7171470311930054,0.2828529688069946,1036.5527,0.0009638064330314,1
/Users/loganfecko/Desktop/Summer_Research/traceXplainer/dvc-data/systems/dronology/corpus/req/RE-594.txt,/Users/loganfecko/Desktop/Summer_Research/traceXplainer/dvc-data/systems/dronology/corpus/src/VirtualDrone.java,75.93958282470703,0.0129972111010573,0.7352870784753149,0.264712921524685,1365.9465,0.0007315575084394,1
/Users/loganfecko/Desktop/Summer_Research/traceXplainer/dvc-data/systems/dronology/corpus/req/RE-77.txt,/Users/loganfecko/Desktop/Summer_Research/traceXplainer/dvc-data/systems/dronology/corpus/src/VirtualDrone.java,77.1863021850586,0.0127899641248297,0.8021325896936138,0.1978674103063862,1390.4702,0.0007186643230536,1
/Users/loganfecko/Desktop/Summer_Research/traceXplainer/dvc-data/systems/dronology/corpus/req/RE-77.txt,/Users/loganfecko/Desktop/Summer_Research/traceXplainer/dvc-data/systems/dronology/corpus/src/CommandIds.java,42.051612854003906,0.0232279334897669,0.8608714190981863,0.1391285809018136,749.536,0.001332381105886,1
/Users/loganfecko/Desktop/Summer_Research/traceXplainer/dvc-data/systems/dronology/corpus/req/RE-77.txt,/Users/loganfecko/Desktop/Summer_Research/traceXplainer/dvc-data/systems/dronology/corpus/src/GoToCommand.java,39.5523681640625,0.0246594723137821,0.7746275767136217,0.2253724232863783,694.7006,0.001437399892388,1
/Users/loganfecko/Desktop/Summer_Research/traceXplainer/dvc-data/systems/dronology/corpus/req/RE-77.txt,/Users/loganfecko/Desktop/Summer_Research/traceXplainer/dvc-data/systems/dronology/corpus/src/DroneFleetManager.java,79.66498565673828,0.0123969525545494,0.8408853702224584,0.1591146297775416,1406.3855,0.0007105373768507,1
/Users/loganfecko/Desktop/Summer_Research/traceXplainer/dvc-data/systems/dronology/corpus/req/RE-77.txt,/Users/loganfecko/Desktop/Summer_Research/traceXplainer/dvc-data/systems/dronology/corpus/src/SetMonitoringFrequencyCommand.java,40.36284255981445,0.0241762881396245,0.8466588845733971,0.1533411154266029,721.24634,0.0013845691525699,1
/Users/loganfecko/Desktop/Summer_Research/traceXplainer/dvc-data/systems/dronology/corpus/req/RE-77.txt,/Users/loganfecko/Desktop/Summer_Research/traceXplainer/dvc-data/systems/dronology/corpus/src/LlaCoordinate.java,71.51769256591797,0.0137897382640933,0.7205757702631953,0.2794242297368047,1260.1389,0.0007929340592861,1
/Users/loganfecko/Desktop/Summer_Research/traceXplainer/dvc-data/systems/dronology/corpus/req/RE-77.txt,/Users/loganfecko/Desktop/Summer_Research/traceXplainer/dvc-data/systems/dronology/corpus/src/FlightZoneManager2.java,120.46761322021484,0.0082326471516901,0.7976097892135462,0.2023902107864538,2122.9478,0.0004708213740949,1
/Users/loganfecko/Desktop/Summer_Research/traceXplainer/dvc-data/systems/dronology/corpus/req/RE-77.txt,/Users/loganfecko/Desktop/Summer_Research/traceXplainer/dvc-data/systems/dronology/corpus/src/SetGimbalRotationCommand.java,37.78007888793945,0.0257864354244776,0.7832735338405837,0.2167264661594162,689.41235,0.001448409772664,1
/Users/loganfecko/Desktop/Summer_Research/traceXplainer/dvc-data/systems/dronology/corpus/req/RE-77.txt,/Users/loganfecko/Desktop/Summer_Research/traceXplainer/dvc-data/systems/dronology/corpus/src/TakeoffCommand.java,36.664520263671875,0.0265501855061331,0.7589249702026173,0.2410750297973827,645.8884,0.0015458616310425,1
/Users/loganfecko/Desktop/Summer_Research/traceXplainer/dvc-data/systems/dronology/corpus/req/RE-77.txt,/Users/loganfecko/Desktop/Summer_Research/traceXplainer/dvc-data/systems/dronology/corpus/src/ManagedHashTableList.java,43.7346305847168,0.0223540462261387,0.7235568333277902,0.2764431666722098,778.243,0.0012832967693489,1
/Users/loganfecko/Desktop/Summer_Research/traceXplainer/dvc-data/systems/dronology/corpus/req/RE-77.txt,/Users/loganfecko/Desktop/Summer_Research/traceXplainer/dvc-data/systems/dronology/corpus/src/RemoteRMIRemoteObject.java,77.92908477783203,0.0126696008551825,0.8382694109000548,0.1617305890999452,1378.6246,0.000724834839498,1
/Users/loganfecko/Desktop/Summer_Research/traceXplainer/dvc-data/systems/dronology/corpus/req/RE-77.txt,/Users/loganfecko/Desktop/Summer_Research/traceXplainer/dvc-data/systems/dronology/corpus/src/SetStateFrequencyCommand.java,40.564117431640625,0.0240592140960209,0.8412842562430494,0.1587157437569506,722.744,0.0013817039925207,1
/Users/loganfecko/Desktop/Summer_Research/traceXplainer/dvc-data/systems/dronology/corpus/req/RE-77.txt,/Users/loganfecko/Desktop/Summer_Research/traceXplainer/dvc-data/systems/dronology/corpus/src/IUAVPropertyUpdateNotifier.java,44.62006759643555,0.0219201779542767,0.7981986820896532,0.2018013179103468,800.8997,0.0012470387206892,1
/Users/loganfecko/Desktop/Summer_Research/traceXplainer/dvc-data/systems/dronology/corpus/req/RE-77.txt,/Users/loganfecko/Desktop/Summer_Research/traceXplainer/dvc-data/systems/dronology/corpus/src/InfoNotification.java,30.32686233520508,0.0319214860811707,0.8320508700947042,0.1679491299052957,537.148,0.0018582248395347,1
/Users/loganfecko/Desktop/Summer_Research/traceXplainer/dvc-data/systems/dronology/corpus/req/RE-77.txt,/Users/loganfecko/Desktop/Summer_Research/traceXplainer/dvc-data/systems/dronology/corpus/src/DronologyPersistenceUtil.java,48.488494873046875,0.0202067167846851,0.7664600929609829,0.233539907039017,857.5049,0.0011648157395726,1
/Users/loganfecko/Desktop/Summer_Research/traceXplainer/dvc-data/systems/dronology/corpus/req/RE-77.txt,/Users/loganfecko/Desktop/Summer_Research/traceXplainer/dvc-data/systems/dronology/corpus/src/FlightInfo.java,46.21690368652344,0.021178855916497,0.8033731051697297,0.1966268948302703,805.83203,0.0012394153445429,1
/Users/loganfecko/Desktop/Summer_Research/traceXplainer/dvc-data/systems/dronology/corpus/req/RE-77.txt,/Users/loganfecko/Desktop/Summer_Research/traceXplainer/dvc-data/systems/dronology/corpus/src/RuntimeDroneTypes.java,72.41496276855469,0.0136212014865765,0.7920976314372692,0.2079023685627308,1310.7502,0.0007623402430964,1
/Users/loganfecko/Desktop/Summer_Research/traceXplainer/dvc-data/systems/dronology/corpus/req/RE-77.txt,/Users/loganfecko/Desktop/Summer_Research/traceXplainer/dvc-data/systems/dronology/corpus/src/FlightRouteInfo.java,51.4935417175293,0.0190499624769282,0.6913827193427955,0.3086172806572045,884.7079,0.0011290404162564,1
/Users/loganfecko/Desktop/Summer_Research/traceXplainer/dvc-data/systems/dronology/corpus/req/RE-77.txt,/Users/loganfecko/Desktop/Summer_Research/traceXplainer/dvc-data/systems/dronology/corpus/src/PlanPool.java,72.92845153808594,0.0135265919844787,0.8361961474568321,0.1638038525431678,1316.7732,0.0007588559283488,1
/Users/loganfecko/Desktop/Summer_Research/traceXplainer/dvc-data/systems/dronology/corpus/req/RE-77.txt,/Users/loganfecko/Desktop/Summer_Research/traceXplainer/dvc-data/systems/dronology/corpus/src/DronologyConstants.java,51.63526916503906,0.0189986679248181,0.8639033864122967,0.1360966135877033,921.86304,0.0010835844104583,1
/Users/loganfecko/Desktop/Summer_Research/traceXplainer/dvc-data/systems/dronology/corpus/req/RE-77.txt,/Users/loganfecko/Desktop/Summer_Research/traceXplainer/dvc-data/systems/dronology/corpus/src/FlightRouteplanningServiceInstance.java,97.11124420166016,0.0101925116548779,0.8206406976754465,0.1793593023245535,1739.6694,0.0005744916183973,1
/Users/loganfecko/Desktop/Summer_Research/traceXplainer/dvc-data/systems/dronology/corpus/req/RE-77.txt,/Users/loganfecko/Desktop/Summer_Research/traceXplainer/dvc-data/systems/dronology/corpus/src/IDroneSetupRemoteService.java,56.03307342529297,0.0175336859815189,0.8313557812916448,0.1686442187083552,1001.58716,0.0009974195179122,1
/Users/loganfecko/Desktop/Summer_Research/traceXplainer/dvc-data/systems/dronology/corpus/req/RE-77.txt,/Users/loganfecko/Desktop/Summer_Research/traceXplainer/dvc-data/systems/dronology/corpus/src/PhysicalDroneFleetFactory.java,72.87195587158203,0.0135369368280756,0.7869271552889004,0.2130728447110995,1313.7573,0.0007605966375537,1
/Users/loganfecko/Desktop/Summer_Research/traceXplainer/dvc-data/systems/dronology/corpus/req/RE-77.txt,/Users/loganfecko/Desktop/Summer_Research/traceXplainer/dvc-data/systems/dronology/corpus/src/IStartstrategy.java,26.63831329345703,0.0361816580260248,0.8628763697870757,0.1371236302129242,469.66135,0.0021246699087853,1
/Users/loganfecko/Desktop/Summer_Research/traceXplainer/dvc-data/systems/dronology/corpus/req/RE-77.txt,/Users/loganfecko/Desktop/Summer_Research/traceXplainer/dvc-data/systems/dronology/corpus/src/IPlanStatusChangeListener.java,32.86249923706055,0.0295311929872428,0.842979487766607,0.1570205122333929,574.22876,0.0017384388089487,1
/Users/loganfecko/Desktop/Summer_Research/traceXplainer/dvc-data/systems/dronology/corpus/req/RE-77.txt,/Users/loganfecko/Desktop/Summer_Research/traceXplainer/dvc-data/systems/dronology/corpus/src/FlightManagerService.java,68.3364028930664,0.0144224384057281,0.8342452713030951,0.1657547286969048,1228.9971,0.0008130100665572,1
/Users/loganfecko/Desktop/Summer_Research/traceXplainer/dvc-data/systems/dronology/corpus/req/RE-77.txt,/Users/loganfecko/Desktop/Summer_Research/traceXplainer/dvc-data/systems/dronology/corpus/src/FlightPlanInfo.java,46.866554260253906,0.0208914139623029,0.8129702685326763,0.1870297314673237,819.50726,0.0012187582546435,1
/Users/loganfecko/Desktop/Summer_Research/traceXplainer/dvc-data/systems/dronology/corpus/req/RE-77.txt,/Users/loganfecko/Desktop/Summer_Research/traceXplainer/dvc-data/systems/dronology/corpus/src/IFlightRoute.java,40.48258209228515,0.0241065032493716,0.6832215487566496,0.3167784512433503,715.547,0.0013955818726316,1
/Users/loganfecko/Desktop/Summer_Research/traceXplainer/dvc-data/systems/dronology/corpus/req/RE-77.txt,/Users/loganfecko/Desktop/Summer_Research/traceXplainer/dvc-data/systems/dronology/corpus/src/IMissionPlan.java,38.36805725097656,0.0254013042509278,0.8667184700235625,0.1332815299764375,692.949,0.0014410281398036,1
/Users/loganfecko/Desktop/Summer_Research/traceXplainer/dvc-data/systems/dronology/corpus/req/RE-77.txt,/Users/loganfecko/Desktop/Summer_Research/traceXplainer/dvc-data/systems/dronology/corpus/src/AbstractDrone.java,74.21031951904297,0.0132960477550797,0.7759546559125677,0.2240453440874322,1331.5748,0.0007504269014853,1
/Users/loganfecko/Desktop/Summer_Research/traceXplainer/dvc-data/systems/dronology/corpus/req/RE-77.txt,/Users/loganfecko/Desktop/Summer_Research/traceXplainer/dvc-data/systems/dronology/corpus/src/FlightManagerServiceRemoteFacade.java,74.26020050048828,0.013287235395998,0.8107618550335449,0.189238144966455,1327.0515,0.0007529828396755,1
/Users/loganfecko/Desktop/Summer_Research/traceXplainer/dvc-data/systems/dronology/corpus/req/RE-77.txt,/Users/loganfecko/Desktop/Summer_Research/traceXplainer/dvc-data/systems/dronology/corpus/src/FlightRoute.java,61.38420486450195,0.0160296985779011,0.6534151776721062,0.3465848223278938,1097.596,0.0009102527662594,1
/Users/loganfecko/Desktop/Summer_Research/traceXplainer/dvc-data/systems/dronology/corpus/req/RE-77.txt,/Users/loganfecko/Desktop/Summer_Research/traceXplainer/dvc-data/systems/dronology/corpus/src/RemoteInfoFactory.java,56.68270492553711,0.0173362189115594,0.8068699574952409,0.193130042504759,996.11255,0.0010028958126896,1
/Users/loganfecko/Desktop/Summer_Research/traceXplainer/dvc-data/systems/dronology/corpus/req/RE-77.txt,/Users/loganfecko/Desktop/Summer_Research/traceXplainer/dvc-data/systems/dronology/corpus/src/IDrone.java,68.1735610961914,0.0144563903340095,0.7875505401076877,0.2124494598923123,1215.5461,0.0008219992361989,1
/Users/loganfecko/Desktop/Summer_Research/traceXplainer/dvc-data/systems/dronology/corpus/req/RE-77.txt,/Users/loganfecko/Desktop/Summer_Research/traceXplainer/dvc-data/systems/dronology/corpus/src/SetVelocityCommand.java,36.55237579345703,0.0266294736050824,0.7563963437157943,0.2436036562842056,649.487,0.0015373097398574,1
/Users/loganfecko/Desktop/Summer_Research/traceXplainer/dvc-data/systems/dronology/corpus/req/RE-77.txt,/Users/loganfecko/Desktop/Summer_Research/traceXplainer/dvc-data/systems/dronology/corpus/src/WorkspaceInitializer.java,79.3000259399414,0.0124532961016466,0.8539178225496613,0.1460821774503387,1394.2036,0.0007167412630534,1
/Users/loganfecko/Desktop/Summer_Research/traceXplainer/dvc-data/systems/dronology/corpus/req/RE-77.txt,/Users/loganfecko/Desktop/Summer_Research/traceXplainer/dvc-data/systems/dronology/corpus/src/SoloDirector.java,74.7792739868164,0.0131962203830822,0.7968748547291897,0.2031251452708102,1332.6318,0.0007498321298674,1
/Users/loganfecko/Desktop/Summer_Research/traceXplainer/dvc-data/systems/dronology/corpus/req/RE-77.txt,/Users/loganfecko/Desktop/Summer_Research/traceXplainer/dvc-data/systems/dronology/corpus/src/RemoteManager.java,89.07445526123047,0.0111019267016363,0.8153364866502977,0.1846635133497023,1597.1624,0.0006257186560553,1
/Users/loganfecko/Desktop/Summer_Research/traceXplainer/dvc-data/systems/dronology/corpus/req/RE-77.txt,/Users/loganfecko/Desktop/Summer_Research/traceXplainer/dvc-data/systems/dronology/corpus/src/IStopStrategy.java,26.81921005249023,0.0359463837439368,0.8249160757018879,0.1750839242981121,473.97894,0.0021053564900273,1
/Users/loganfecko/Desktop/Summer_Research/traceXplainer/dvc-data/systems/dronology/corpus/req/RE-77.txt,/Users/loganfecko/Desktop/Summer_Research/traceXplainer/dvc-data/systems/dronology/corpus/src/FlightManagerServiceInstance.java,76.25399780273438,0.0129443139312151,0.8201088529088959,0.1798911470911041,1352.2339,0.0007389705577243,1
/Users/loganfecko/Desktop/Summer_Research/traceXplainer/dvc-data/systems/dronology/corpus/req/RE-77.txt,/Users/loganfecko/Desktop/Summer_Research/traceXplainer/dvc-data/systems/dronology/corpus/src/FlyingFieldDemoScript.java,83.87150573730469,0.0117825174811345,0.8553649755435689,0.144635024456431,1470.4138,0.0006796184645832,1
/Users/loganfecko/Desktop/Summer_Research/traceXplainer/dvc-data/systems/dronology/corpus/req/RE-77.txt,/Users/loganfecko/Desktop/Summer_Research/traceXplainer/dvc-data/systems/dronology/corpus/src/LandingStrategy.java,32.75544738769531,0.0296248480582877,0.7798237294860757,0.2201762705139243,579.9098,0.001721437677841,1
/Users/loganfecko/Desktop/Summer_Research/traceXplainer/dvc-data/systems/dronology/corpus/req/RE-77.txt,/Users/loganfecko/Desktop/Summer_Research/traceXplainer/dvc-data/systems/dronology/corpus/src/DroneSetupServiceRemoteFacade.java,71.44831085205078,0.0138029443093867,0.8327369573711019,0.1672630426288981,1285.1504,0.0007775140506811,1
/Users/loganfecko/Desktop/Summer_Research/traceXplainer/dvc-data/systems/dronology/corpus/req/RE-77.txt,/Users/loganfecko/Desktop/Summer_Research/traceXplainer/dvc-data/systems/dronology/corpus/src/SetGimbalTargetCommand.java,37.59346389770508,0.0259111232578287,0.7889026089711778,0.2110973910288222,679.33167,0.001469871316283,1
/Users/loganfecko/Desktop/Summer_Research/traceXplainer/dvc-data/systems/dronology/corpus/req/RE-77.txt,/Users/loganfecko/Desktop/Summer_Research/traceXplainer/dvc-data/systems/dronology/corpus/src/Waypoint.java,57.53584289550781,0.0170835500188337,0.8043977470142835,0.1956022529857165,1028.6167,0.0009712352186583,1
/Users/loganfecko/Desktop/Summer_Research/traceXplainer/dvc-data/systems/dronology/corpus/req/RE-77.txt,/Users/loganfecko/Desktop/Summer_Research/traceXplainer/dvc-data/systems/dronology/corpus/src/DroneSetupServiceInstance.java,99.44332122802734,0.0099558635434783,0.8324545333792945,0.1675454666207054,1772.2183,0.0005639463689206,1
/Users/loganfecko/Desktop/Summer_Research/traceXplainer/dvc-data/systems/dronology/corpus/req/RE-77.txt,/Users/loganfecko/Desktop/Summer_Research/traceXplainer/dvc-data/systems/dronology/corpus/src/FlightInfoCreator.java,60.53496170043945,0.0162509242285407,0.8399415568012955,0.1600584431987045,1088.6814,0.0009176994332713,1
/Users/loganfecko/Desktop/Summer_Research/traceXplainer/dvc-data/systems/dronology/corpus/req/RE-77.txt,/Users/loganfecko/Desktop/Summer_Research/traceXplainer/dvc-data/systems/dronology/corpus/src/IDroneSetupServiceInstance.java,58.59272766113281,0.0167805710402515,0.8504331419630834,0.1495668580369166,1041.3037,0.0009594132588288,1
/Users/loganfecko/Desktop/Summer_Research/traceXplainer/dvc-data/systems/dronology/corpus/req/RE-77.txt,/Users/loganfecko/Desktop/Summer_Research/traceXplainer/dvc-data/systems/dronology/corpus/src/WatchServiceRunner.java,77.15508270263672,0.012795073147127,0.8285127364005617,0.1714872635994383,1387.4639,0.0007202203986954,1
/Users/loganfecko/Desktop/Summer_Research/traceXplainer/dvc-data/systems/dronology/corpus/req/RE-77.txt,/Users/loganfecko/Desktop/Summer_Research/traceXplainer/dvc-data/systems/dronology/corpus/src/IFlightManagerServiceInstance.java,55.73237228393555,0.0176266205649778,0.883114329214852,0.116885670785148,993.3865,0.001005645214948,1
/Users/loganfecko/Desktop/Summer_Research/traceXplainer/dvc-data/systems/dronology/corpus/req/RE-77.txt,/Users/loganfecko/Desktop/Summer_Research/traceXplainer/dvc-data/systems/dronology/corpus/src/IRemoteManager.java,61.35419845581055,0.0160374124720516,0.8750003807725952,0.1249996192274047,1082.5603,0.0009228835695406,1
/Users/loganfecko/Desktop/Summer_Research/traceXplainer/dvc-data/systems/dronology/corpus/req/RE-77.txt,/Users/loganfecko/Desktop/Summer_Research/traceXplainer/dvc-data/systems/dronology/corpus/src/DroneSetupService.java,67.29399871826172,0.0146425750251551,0.842319203025309,0.1576807969746909,1217.1294,0.0008209308506054,1
/Users/loganfecko/Desktop/Summer_Research/traceXplainer/dvc-data/systems/dronology/corpus/req/RE-77.txt,/Users/loganfecko/Desktop/Summer_Research/traceXplainer/dvc-data/systems/dronology/corpus/src/IManagedDroneStateChangeListener.java,28.62690162658691,0.0337531076520876,0.8099498902635205,0.1900501097364795,504.59387,0.001977872073301,1
/Users/loganfecko/Desktop/Summer_Research/traceXplainer/dvc-data/systems/dronology/corpus/req/RE-77.txt,/Users/loganfecko/Desktop/Summer_Research/traceXplainer/dvc-data/systems/dronology/corpus/src/ManagedDrone.java,102.40747833251952,0.0096704804732243,0.7832889458762344,0.2167110541237655,1801.9019,0.0005546613627173,1
/Users/loganfecko/Desktop/Summer_Research/traceXplainer/dvc-data/systems/dronology/corpus/req/RE-77.txt,/Users/loganfecko/Desktop/Summer_Research/traceXplainer/dvc-data/systems/dronology/corpus/src/FlightPlan.java,84.69659423828125,0.0116690751702393,0.7716419622642688,0.2283580377357311,1504.7494,0.0006641211391979,1
/Users/loganfecko/Desktop/Summer_Research/traceXplainer/dvc-data/systems/dronology/corpus/req/RE-77.txt,/Users/loganfecko/Desktop/Summer_Research/traceXplainer/dvc-data/systems/dronology/corpus/src/NvecInterpolator.java,57.72272872924805,0.0170291814028378,0.7632704058736353,0.2367295941263647,1040.073,0.0009605474369963,1
/Users/loganfecko/Desktop/Summer_Research/traceXplainer/dvc-data/systems/dronology/corpus/req/RE-77.txt,/Users/loganfecko/Desktop/Summer_Research/traceXplainer/dvc-data/systems/dronology/corpus/src/DroneInitializationInfo.java,49.6134147644043,0.0197576078329195,0.778722150871372,0.221277849128628,881.67847,0.0011329153679582,1
/Users/loganfecko/Desktop/Summer_Research/traceXplainer/dvc-data/systems/dronology/corpus/req/RE-77.txt,/Users/loganfecko/Desktop/Summer_Research/traceXplainer/dvc-data/systems/dronology/corpus/src/PlanPoolManager.java,88.14083099365234,0.0112182036991691,0.8352566769247751,0.1647433230752248,1561.6802,0.000639926208509,1
/Users/loganfecko/Desktop/Summer_Research/traceXplainer/dvc-data/systems/dronology/corpus/req/RE-77.txt,/Users/loganfecko/Desktop/Summer_Research/traceXplainer/dvc-data/systems/dronology/corpus/src/FileManager.java,66.92606353759766,0.0147218894768793,0.8602184182539567,0.1397815817460432,1217.3235,0.0008208000676518,1
/Users/loganfecko/Desktop/Summer_Research/traceXplainer/dvc-data/systems/dronology/corpus/req/RE-77.txt,/Users/loganfecko/Desktop/Summer_Research/traceXplainer/dvc-data/systems/dronology/corpus/src/DroneFlightStateManager.java,106.36447143554688,0.0093140681142394,0.8198905615828825,0.1801094384171174,1950.575,0.0005124066587345,1
/Users/loganfecko/Desktop/Summer_Research/traceXplainer/dvc-data/systems/dronology/corpus/req/RE-77.txt,/Users/loganfecko/Desktop/Summer_Research/traceXplainer/dvc-data/systems/dronology/corpus/src/IDroneCommand.java,40.09513092041016,0.0243337830444371,0.8970433293913214,0.1029566706086786,710.96533,0.0014045627715425,1
/Users/loganfecko/Desktop/Summer_Research/traceXplainer/dvc-data/systems/dronology/corpus/req/RE-77.txt,/Users/loganfecko/Desktop/Summer_Research/traceXplainer/dvc-data/systems/dronology/corpus/src/AbstractPosition.java,71.58663940429688,0.0137766400016144,0.7619464969388088,0.2380535030611912,1284.1573,0.000778114836338,1
/Users/loganfecko/Desktop/Summer_Research/traceXplainer/dvc-data/systems/dronology/corpus/req/RE-77.txt,/Users/loganfecko/Desktop/Summer_Research/traceXplainer/dvc-data/systems/dronology/corpus/src/IFlightPlan.java,53.205657958984375,0.0184482586809787,0.7795913621645744,0.2204086378354256,941.6451,0.0010608446600062,1
/Users/loganfecko/Desktop/Summer_Research/traceXplainer/dvc-data/systems/dronology/corpus/req/RE-77.txt,/Users/loganfecko/Desktop/Summer_Research/traceXplainer/dvc-data/systems/dronology/corpus/src/IFlightManagerRemoteService.java,56.84684753417969,0.0172870267374403,0.8593572977740652,0.1406427022259347,1027.9084,0.0009719037710862,1
/Users/loganfecko/Desktop/Summer_Research/traceXplainer/dvc-data/systems/dronology/corpus/req/RE-77.txt,/Users/loganfecko/Desktop/Summer_Research/traceXplainer/dvc-data/systems/dronology/corpus/src/DronologyServiceRunner.java,78.32732391357422,0.0126059969083223,0.864833801443951,0.135166198556049,1390.1577,0.0007188257588121,1
/Users/loganfecko/Desktop/Summer_Research/traceXplainer/dvc-data/systems/dronology/corpus/req/RE-77.txt,/Users/loganfecko/Desktop/Summer_Research/traceXplainer/dvc-data/systems/dronology/corpus/src/FlightPlanFactory.java,38.421138763427734,0.0253671007831902,0.8446312450214758,0.1553687549785242,691.32166,0.0014444153124244,1
/Users/loganfecko/Desktop/Summer_Research/traceXplainer/dvc-data/systems/dronology/corpus/req/RE-77.txt,/Users/loganfecko/Desktop/Summer_Research/traceXplainer/dvc-data/systems/dronology/corpus/src/DroneSimulatorServiceInstance.java,88.27296447753906,0.0112015995643518,0.8300309802603288,0.1699690197396711,1568.3597,0.0006372025315421,1
/Users/loganfecko/Desktop/Summer_Research/traceXplainer/dvc-data/systems/dronology/corpus/req/RE-77.txt,/Users/loganfecko/Desktop/Summer_Research/traceXplainer/dvc-data/systems/dronology/corpus/src/IDroneCommandHandler.java,41.815185546875,0.02335619914353,0.8831713366379532,0.1168286633620467,733.56396,0.0013613518330057,1
/Users/loganfecko/Desktop/Summer_Research/traceXplainer/dvc-data/systems/dronology/corpus/req/RE-77.txt,/Users/loganfecko/Desktop/Summer_Research/traceXplainer/dvc-data/systems/dronology/corpus/src/SimulatorFactory.java,38.68801498413086,0.0251965234441643,0.8178375313473896,0.1821624686526104,693.71106,0.0014394473590481,1
/Users/loganfecko/Desktop/Summer_Research/traceXplainer/dvc-data/systems/dronology/corpus/req/RE-77.txt,/Users/loganfecko/Desktop/Summer_Research/traceXplainer/dvc-data/systems/dronology/corpus/src/AbstractDroneCommand.java,56.03800964355469,0.0175321685705595,0.8263338563397407,0.1736661436602593,989.8366,0.0010092481353949,1
/Users/loganfecko/Desktop/Summer_Research/traceXplainer/dvc-data/systems/dronology/corpus/req/RE-77.txt,/Users/loganfecko/Desktop/Summer_Research/traceXplainer/dvc-data/systems/dronology/corpus/src/DummyLockObject.java,31.066499710083008,0.0311851935521842,0.830745074632911,0.1692549253670889,559.0548,0.001785539527403,1
/Users/loganfecko/Desktop/Summer_Research/traceXplainer/dvc-data/systems/dronology/corpus/req/RE-77.txt,/Users/loganfecko/Desktop/Summer_Research/traceXplainer/dvc-data/systems/dronology/corpus/src/DroneException.java,32.08466720581055,0.0302254816038885,0.8457636721067755,0.1542363278932245,561.5259,0.001777695991417,1
/Users/loganfecko/Desktop/Summer_Research/traceXplainer/dvc-data/systems/dronology/corpus/req/RE-77.txt,/Users/loganfecko/Desktop/Summer_Research/traceXplainer/dvc-data/systems/dronology/corpus/src/SetGroundSpeedCommand.java,37.88254165649414,0.0257184833449019,0.7966348474887983,0.2033651525112016,670.11206,0.0014900641171388,1
/Users/loganfecko/Desktop/Summer_Research/traceXplainer/dvc-data/systems/dronology/corpus/req/RE-77.txt,/Users/loganfecko/Desktop/Summer_Research/traceXplainer/dvc-data/systems/dronology/corpus/src/PhysicalDrone.java,86.70030975341797,0.0114024682787511,0.7779222090776489,0.2220777909223511,1549.8204,0.0006448199789662,1
/Users/loganfecko/Desktop/Summer_Research/traceXplainer/dvc-data/systems/dronology/corpus/req/RE-547.txt,/Users/loganfecko/Desktop/Summer_Research/traceXplainer/dvc-data/systems/dronology/corpus/src/FlightZoneManager2.java,121.1744155883789,0.0081850197128761,0.829716677700745,0.170283322299255,2142.7744,0.0004664669908551,1
/Users/loganfecko/Desktop/Summer_Research/traceXplainer/dvc-data/systems/dronology/corpus/req/RE-630.txt,/Users/loganfecko/Desktop/Summer_Research/traceXplainer/dvc-data/systems/dronology/corpus/src/FlightManagerService.java,67.92863464355469,0.0145077587155356,0.7971741160203827,0.2028258839796173,1201.2051,0.0008318048377899,1
/Users/loganfecko/Desktop/Summer_Research/traceXplainer/dvc-data/systems/dronology/corpus/req/RE-630.txt,/Users/loganfecko/Desktop/Summer_Research/traceXplainer/dvc-data/systems/dronology/corpus/src/FlightManagerServiceRemoteFacade.java,74.23716735839844,0.0132913031565425,0.7956635512095358,0.2043364487904642,1320.1241,0.000756931135806,1
/Users/loganfecko/Desktop/Summer_Research/traceXplainer/dvc-data/systems/dronology/corpus/req/RE-630.txt,/Users/loganfecko/Desktop/Summer_Research/traceXplainer/dvc-data/systems/dronology/corpus/src/FlightManagerServiceInstance.java,77.16665649414062,0.0127931786371719,0.8425602516716857,0.1574397483283143,1371.4084,0.0007286460543086,1
/Users/loganfecko/Desktop/Summer_Research/traceXplainer/dvc-data/systems/dronology/corpus/req/RE-630.txt,/Users/loganfecko/Desktop/Summer_Research/traceXplainer/dvc-data/systems/dronology/corpus/src/IFlightManagerServiceInstance.java,54.20136260986328,0.0181154948486963,0.7824189424605246,0.2175810575394754,971.5902,0.0010281822598647,1
/Users/loganfecko/Desktop/Summer_Research/traceXplainer/dvc-data/systems/dronology/corpus/req/RE-630.txt,/Users/loganfecko/Desktop/Summer_Research/traceXplainer/dvc-data/systems/dronology/corpus/src/DroneSetupService.java,66.9954833984375,0.0147068591915177,0.8078703015965882,0.1921296984034117,1188.9197,0.0008403928590407,1
/Users/loganfecko/Desktop/Summer_Research/traceXplainer/dvc-data/systems/dronology/corpus/req/RE-630.txt,/Users/loganfecko/Desktop/Summer_Research/traceXplainer/dvc-data/systems/dronology/corpus/src/IFlightManagerRemoteService.java,56.38991928100586,0.0174246629465284,0.8075898066810124,0.1924101933189875,1021.3461,0.0009781423045412,1
/Users/loganfecko/Desktop/Summer_Research/traceXplainer/dvc-data/systems/dronology/corpus/req/RE-626.txt,/Users/loganfecko/Desktop/Summer_Research/traceXplainer/dvc-data/systems/dronology/corpus/src/IDroneSetupRemoteService.java,53.94684982299805,0.018199405484051,0.7248522115071536,0.2751477884928464,953.2412,0.0010479530631647,1
/Users/loganfecko/Desktop/Summer_Research/traceXplainer/dvc-data/systems/dronology/corpus/req/RE-626.txt,/Users/loganfecko/Desktop/Summer_Research/traceXplainer/dvc-data/systems/dronology/corpus/src/DroneSetupServiceRemoteFacade.java,69.41442108154297,0.0142016363216557,0.7364543606568879,0.2635456393431121,1232.3984,0.0008107680126682,1
/Users/loganfecko/Desktop/Summer_Research/traceXplainer/dvc-data/systems/dronology/corpus/req/RE-626.txt,/Users/loganfecko/Desktop/Summer_Research/traceXplainer/dvc-data/systems/dronology/corpus/src/DroneSetupServiceInstance.java,97.65476989746094,0.0101363573301055,0.7536492775278648,0.2463507224721352,1741.1138,0.000574015324079,1
/Users/loganfecko/Desktop/Summer_Research/traceXplainer/dvc-data/systems/dronology/corpus/req/RE-626.txt,/Users/loganfecko/Desktop/Summer_Research/traceXplainer/dvc-data/systems/dronology/corpus/src/DroneSetupService.java,65.032470703125,0.0151440645693221,0.7338022514333461,0.2661977485666539,1157.6294,0.0008630887535911,1
/Users/loganfecko/Desktop/Summer_Research/traceXplainer/dvc-data/systems/dronology/corpus/req/RE-424.txt,/Users/loganfecko/Desktop/Summer_Research/traceXplainer/dvc-data/systems/dronology/corpus/src/FlightZoneManager2.java,118.81737518310548,0.0083460349425264,0.7375486066381329,0.262451393361867,2091.524,0.0004778917878449,1
/Users/loganfecko/Desktop/Summer_Research/traceXplainer/dvc-data/systems/dronology/corpus/req/RE-587.txt,/Users/loganfecko/Desktop/Summer_Research/traceXplainer/dvc-data/systems/dronology/corpus/src/DroneFleetManager.java,79.07504272460938,0.0124882855628208,0.8146146258100214,0.1853853741899785,1416.8333,0.0007053015568808,1
/Users/loganfecko/Desktop/Summer_Research/traceXplainer/dvc-data/systems/dronology/corpus/req/RE-587.txt,/Users/loganfecko/Desktop/Summer_Research/traceXplainer/dvc-data/systems/dronology/corpus/src/PlanPoolManager.java,85.43870544433594,0.0115688914457883,0.7135425664813909,0.2864574335186091,1533.0708,0.0006518603962025,1
/Users/loganfecko/Desktop/Summer_Research/traceXplainer/dvc-data/systems/dronology/corpus/req/RE-545.txt,/Users/loganfecko/Desktop/Summer_Research/traceXplainer/dvc-data/systems/dronology/corpus/src/FullMissionPlan.java,96.53434753417967,0.0102527983759727,0.7592131259666163,0.2407868740333837,1713.466,0.0005832720121638,1
/Users/loganfecko/Desktop/Summer_Research/traceXplainer/dvc-data/systems/dronology/corpus/req/RE-545.txt,/Users/loganfecko/Desktop/Summer_Research/traceXplainer/dvc-data/systems/dronology/corpus/src/MissionController.java,77.52252197265625,0.0127351997220393,0.6974368292519697,0.3025631707480303,1370.9421,0.0007288937133806,1
/Users/loganfecko/Desktop/Summer_Research/traceXplainer/dvc-data/systems/dronology/corpus/req/RE-551.txt,/Users/loganfecko/Desktop/Summer_Research/traceXplainer/dvc-data/systems/dronology/corpus/src/FlightZoneManager2.java,118.09335327148438,0.008396774232399,0.7086215188009455,0.2913784811990545,2080.4282,0.0004804393392551,1
/Users/loganfecko/Desktop/Summer_Research/traceXplainer/dvc-data/systems/dronology/corpus/req/RE-551.txt,/Users/loganfecko/Desktop/Summer_Research/traceXplainer/dvc-data/systems/dronology/corpus/src/PlanPoolManager.java,85.52566528320312,0.0115572645032771,0.7203447875033508,0.2796552124966491,1526.2133,0.0006547874015131,1
